date,AAPL,MSFT,JNJ,JPM,XOM,PG,CAT,NEE,SPY,AGG,TLT,DBC,GLD,VNQ,BIL
2007-06-01,3.541300,21.646490,36.204765,31.814674,43.009922,36.573105,48.193901,8.921081,107.917892,54.916950,47.069202,20.873186,66.440002,35.364330,70.177696
2007-06-04,3.628934,21.738478,36.313259,31.612385,43.009922,36.406013,48.286430,8.860516,107.931931,54.983746,47.283745,21.059988,66.540001,35.507481,70.193001
2007-06-05,3.669015,21.639410,36.147682,31.397848,43.030357,36.561581,48.508469,8.639390,107.504677,54.827885,46.986744,20.978769,66.370003,34.943867,70.193001
2007-06-06,3.698025,21.434200,35.913593,30.993252,42.703518,36.406013,48.526962,8.497601,106.348961,54.850117,46.964710,20.970648,66.410004,34.706799,70.223686
2007-06-07,3.710889,20.960087,35.399696,30.539627,41.855789,35.904781,47.681980,8.201251,104.429909,54.471535,46.123306,21.076233,65.260002,33.615360,70.208321
2007-06-08,3.723450,21.264372,35.473942,30.901302,42.223484,36.336891,48.428276,8.296255,105.788628,54.404694,46.084812,20.702627,64.220001,34.017944,70.223686
2007-06-11,3.594839,21.243130,35.553883,30.913578,42.417526,36.325363,48.570114,8.561400,105.970749,54.443676,45.952835,21.100595,64.699997,33.507996,70.254242
2007-06-12,3.600521,21.122835,35.302647,30.251524,41.876217,35.812595,48.156879,8.365731,104.815094,54.120705,45.287418,21.043745,64.099998,32.926498,70.193001
2007-06-13,3.514383,21.504955,35.502491,30.827738,42.565632,35.933594,49.297894,8.542973,106.383972,54.204285,45.826363,21.311766,64.529999,33.655613,70.254242
2007-06-14,3.551770,21.596947,35.656658,30.846138,43.290794,35.962391,49.791332,8.537302,107.063377,54.310028,45.710873,21.514812,64.599998,33.293297,70.284897
2007-06-15,3.604111,21.575712,35.839367,30.993252,43.888302,36.048832,50.025681,8.691854,107.672531,54.504944,46.024326,21.644760,64.849998,33.660091,70.346199
2007-06-18,3.741397,21.589874,35.588127,30.913578,44.102814,35.587910,50.482117,8.594016,107.545921,54.543884,45.930847,21.644760,64.949997,33.141201,70.361504
2007-06-19,3.698626,21.554499,35.639519,31.171026,43.837242,35.616718,50.876839,8.585507,107.813217,54.716499,46.359783,21.433590,65.480003,33.203835,70.361504
2007-06-20,3.635514,21.236057,35.422558,30.318964,42.294968,35.685848,50.192200,8.360059,106.314934,54.549507,45.985844,21.457960,64.709999,32.206314,70.376816
2007-06-21,3.705803,21.384661,35.462509,30.551895,43.050774,35.651279,50.247707,8.408273,106.905830,54.482651,45.765862,21.360498,64.559998,32.385250,70.376816
2007-06-22,3.678883,20.868093,34.674606,29.865343,42.141754,35.161568,49.896175,8.221104,105.899933,54.610718,46.062805,21.311766,64.779999,32.264484,70.438110
2007-06-25,3.659144,20.868093,34.891548,29.644665,42.065163,35.190388,49.772800,8.189908,105.393463,54.660889,46.315796,21.230545,64.430000,31.735479,70.407448
2007-06-26,3.578687,20.889322,35.199875,29.791779,41.784283,35.253754,49.519955,8.033944,104.310204,54.594044,46.326828,20.986891,63.619999,31.613190,70.422791
2007-06-27,3.645685,21.136988,35.085690,30.184093,42.632011,35.392014,49.038864,8.179981,105.794434,54.699810,46.370785,20.954401,63.669998,32.423920,70.407448
2007-06-28,3.605906,21.108686,35.114223,30.012451,42.693321,35.351685,48.779812,8.131771,105.780342,54.660889,46.359783,20.889427,64.260002,32.256329,70.438110
2007-06-29,3.650171,20.853939,35.182751,29.699835,42.836308,35.253754,48.292576,8.045283,105.815544,54.766602,46.838223,20.873186,64.269997,32.134048,70.468742
2007-07-02,3.626841,21.044998,35.314068,30.128920,43.316338,35.570625,49.618607,8.138865,106.772125,54.912582,47.084469,21.003138,65.019997,32.876820,70.488731
2007-07-03,3.803607,21.243130,35.371166,30.481050,43.592110,35.599422,48.101383,8.055210,107.159035,54.851082,46.797409,21.027500,64.739998,32.786243,70.488731
2007-07-05,3.970504,21.221910,35.559578,30.141279,43.489967,35.530289,47.792995,8.055210,107.046509,54.621830,46.272915,21.222424,64.419998,33.279903,70.488731
2007-07-06,3.957044,21.207758,35.473942,30.252478,44.153885,35.420837,48.607121,8.011251,107.609200,54.526730,46.085278,21.401108,64.959999,33.239151,70.519524
2007-07-09,3.898122,21.136988,35.810814,30.141279,44.654335,35.443874,49.236229,7.937521,107.693649,54.621830,46.250866,21.352375,65.379997,33.216499,70.534950
2007-07-10,3.958539,20.754869,35.513912,29.350529,44.174290,35.161568,50.093506,7.875132,106.160202,54.856667,47.034771,21.506689,65.610001,32.374088,70.550301
2007-07-11,3.959735,20.868093,35.890736,29.733538,44.577728,35.466904,50.679462,7.843937,106.912865,54.733620,46.548950,21.555422,65.440002,32.310677,70.550301
2007-07-12,4.009984,21.278519,36.176228,30.598440,45.767620,36.256226,51.863640,8.001320,108.601089,54.677715,46.388882,21.612276,66.019997,32.727356,70.565666
2007-07-13,4.119452,21.101601,36.216194,30.919674,46.130230,36.100666,52.505062,8.147370,108.924644,54.744789,46.515854,21.644760,66.029999,33.039856,70.581055
2007-07-16,4.130519,21.250208,36.427448,30.783768,45.808483,36.382977,52.979973,8.151627,108.910561,54.856667,46.962978,21.263035,65.820000,32.763573,70.596474
2007-07-17,4.154747,21.780941,35.822239,30.839361,45.496964,36.112206,53.331524,8.223940,108.854309,54.755993,46.863628,21.133085,65.750000,32.645844,70.627213
2007-07-18,4.131118,21.880009,35.513912,30.196875,46.548988,36.262833,53.405849,8.294834,108.657333,54.895859,47.040287,21.376738,66.620003,32.573364,70.611832
2007-07-19,4.187348,22.297506,35.622395,30.036266,47.131165,36.378693,53.870380,8.443715,109.079391,54.895859,47.029240,21.449837,67.010002,32.695656,70.627213
2007-07-20,4.299509,22.049828,35.279808,29.381424,46.952415,36.007896,51.529263,8.311846,107.974998,55.024403,47.454296,21.441715,67.580002,32.124992,70.657990
2007-07-23,4.298013,22.071064,35.399696,29.128134,47.718452,36.697361,50.786041,8.486256,108.305603,54.990852,47.377029,21.344255,67.470001,31.567905,70.657990
2007-07-24,4.034512,21.795090,35.097095,28.009966,46.390659,36.477207,50.575466,8.153045,106.427498,55.102684,47.553684,21.181816,67.470001,30.929287,70.657990
2007-07-25,4.105396,21.731407,35.131371,27.966713,47.386509,36.488777,49.857021,8.260806,106.645538,55.069115,47.647564,21.368620,66.900002,30.594145,70.673409
2007-07-26,4.366806,21.214828,34.805904,27.231565,45.057793,36.245449,48.488277,7.984313,104.120293,55.264896,48.045048,21.141209,65.650002,30.032532,70.688759
2007-07-27,4.302501,20.797321,34.126457,27.324226,43.709564,36.396091,47.082382,7.787217,102.073318,55.208973,48.183041,21.344255,65.410004,29.036140,70.719543
2007-07-30,4.230120,20.804405,34.297749,27.645464,43.924061,36.656788,47.714069,8.194160,103.670090,55.180943,48.045048,21.100595,65.769997,29.597746,70.657990
2007-07-31,3.940893,20.514278,34.543262,27.188314,43.474648,35.839890,48.804153,8.185654,102.502403,55.354351,48.392815,21.271158,65.790001,29.479992,70.750336
2007-08-01,4.037801,20.733637,34.805904,27.416885,43.837242,36.593075,49.627884,8.430958,103.001839,55.225719,48.288074,21.238668,65.930000,29.869490,70.727165
2007-08-02,4.082366,20.889322,34.845867,27.546625,43.500191,36.674198,49.962311,8.487674,103.824898,55.197670,48.409969,21.271158,65.889999,30.363171,70.742653
2007-08-03,3.943584,20.493044,34.571808,26.965914,41.917057,36.430859,48.903244,8.097744,101.151840,55.439194,48.731461,21.035624,66.690002,29.190113,70.711685
2007-08-06,4.045279,20.903473,35.570999,27.867865,42.662678,37.659107,50.166706,8.612451,102.847076,55.349239,48.376755,20.743235,66.519997,30.209173,70.788948
2007-08-07,4.038697,20.910543,35.445393,28.009966,43.765751,37.792377,49.819878,8.921555,103.944420,55.309944,48.337963,20.856941,66.480003,30.376759,70.804382
2007-08-08,4.008189,21.228983,35.679493,28.732752,44.889244,37.751804,50.104774,8.876181,105.393463,55.242538,47.750507,20.824453,66.769997,31.576948,70.773506
2007-08-09,3.780278,20.733637,34.731682,27.287148,42.863987,37.641750,48.605961,8.684764,102.270302,55.309944,47.817001,20.662018,65.459999,31.228210,70.835320
2007-08-10,3.738704,20.316135,34.914387,27.336586,43.330563,37.885082,48.029961,8.535881,101.792000,55.124615,47.706146,20.735113,66.570000,30.286165,70.881645
2007-08-13,3.822152,20.259531,35.085690,27.077106,42.515331,37.241985,48.246746,8.545808,102.157753,55.225719,47.844715,20.588921,66.260002,30.141230,70.897087
2007-08-14,3.709693,20.074896,34.902973,26.749680,42.623005,36.917530,47.546867,8.413940,100.596130,55.377350,47.972202,20.653896,66.290001,29.276175,70.881645
2007-08-15,3.586165,19.954180,35.000042,26.564362,41.884670,36.778477,46.419674,8.361477,99.210388,55.450405,47.800373,20.808214,66.129997,28.782503,70.897087
2007-08-16,3.500921,19.748241,35.188461,28.090275,41.361683,37.097130,45.211956,8.406853,99.956047,55.416672,48.293606,20.450851,64.680000,29.937426,70.989822
2007-08-17,3.650770,20.060690,35.411125,29.041643,43.140862,37.861904,44.988979,8.507521,101.792000,55.540226,48.099632,20.434603,65.010002,30.616789,71.036148
2007-08-20,3.655554,20.067795,35.302647,28.720396,43.340805,37.664906,45.862278,8.445134,101.742744,55.489670,48.127327,20.491455,65.120003,31.178398,71.097984
2007-08-21,3.815571,19.932878,35.211292,28.541225,42.633251,37.346275,46.004719,8.525958,101.946686,55.748024,48.360100,20.458971,65.070000,31.323336,71.082451
2007-08-22,3.963324,20.039392,35.405426,28.417677,42.853729,37.508476,46.636452,8.613867,103.156586,55.703102,48.282539,20.507702,65.400002,31.703779,71.082451
2007-08-23,3.920254,20.096203,35.462509,28.213825,42.940884,37.682281,46.555931,8.569910,103.065193,55.770470,48.448811,20.572676,65.309998,31.160290,71.036148
2007-08-24,4.046774,20.458351,35.568855,28.386791,43.935593,38.197937,47.268162,8.507521,104.338348,55.630093,48.687122,20.816334,66.110001,31.327866,71.020706
2007-08-27,3.955548,20.231117,35.407925,27.744301,43.643330,37.792377,47.069973,8.223940,103.367622,55.798573,48.942005,20.840696,65.980003,30.648483,70.928024
2007-08-28,3.793139,19.833456,35.206718,26.935028,42.556358,37.485306,45.930393,8.119014,101.095573,56.023277,49.025162,20.621407,65.589996,29.710968,71.005234
2007-08-29,4.010283,20.302134,35.557350,27.262447,43.699738,37.728642,46.475418,8.381791,103.079201,55.910946,48.892162,20.816334,66.070000,30.797947,71.051567
2007-08-30,4.075188,20.202717,35.407925,27.163595,43.786884,37.664906,46.240082,8.350372,102.804878,56.028881,49.219135,20.856941,65.800003,30.956470,71.067039
2007-08-31,4.141886,20.401552,35.517120,27.503378,43.956089,37.838715,46.927551,8.403214,103.817810,56.062576,49.257942,20.865065,66.519997,31.468267,71.051567
2007-09-04,4.311772,20.458351,35.626347,27.985237,44.725178,37.919834,47.596405,8.623148,104.865891,56.000023,49.281300,21.100595,67.440002,31.884937,71.062447
2007-09-05,4.090441,20.224014,35.436642,27.287148,44.720062,37.925632,46.785084,8.438915,103.958481,56.180408,49.676395,21.141209,67.559998,31.119514,71.077934
2007-09-06,4.038100,20.529367,35.442410,27.311880,44.858498,38.302212,46.915165,8.511753,104.197624,56.169147,49.548412,21.059988,68.860001,31.395792,71.077934
2007-09-07,3.941190,20.195616,35.453899,26.885597,43.966320,37.931423,45.484467,8.367511,102.748627,56.518860,50.249577,21.198059,69.389999,30.639431,71.124481
2007-09-10,4.088945,20.224014,35.545879,27.138893,43.510021,38.180542,45.670284,8.498898,102.551643,56.654259,50.639095,21.344255,69.620003,30.322403,71.139984
2007-09-11,4.052456,20.543566,35.666569,27.515734,44.576492,38.812061,45.763184,8.601726,103.747429,56.552750,50.600121,21.392984,70.519997,30.951950,71.062447
2007-09-12,4.093133,20.543566,35.930988,27.472490,44.940521,38.997459,45.069519,8.680273,104.014771,56.473690,50.410954,21.620396,70.459999,30.770775,71.170998
2007-09-13,4.103602,20.706894,36.275856,28.170574,45.437870,39.084366,45.205765,8.703123,104.746315,56.310196,49.960205,21.457960,70.080002,31.463737,71.155502
2007-09-14,4.151757,20.621681,36.327614,28.133518,45.463512,39.287144,45.311062,8.767391,104.739296,56.349636,50.032547,21.474207,69.989998,31.667547,71.202057
2007-09-17,4.139794,20.401552,36.178146,27.979059,45.766022,39.368252,45.639332,8.748827,104.176598,56.372238,50.271839,21.725983,70.970001,31.436558,71.233055
2007-09-18,4.214866,20.543566,36.689732,29.542040,47.047832,39.791206,47.974224,8.963049,107.243469,56.490711,49.893440,21.807199,71.699997,32.555260,71.186508
2007-09-19,4.210378,20.358948,37.069080,29.387594,47.232422,39.854927,48.252945,9.017312,107.876579,56.479404,49.431557,21.994001,71.430000,33.166676,71.217545
2007-09-20,4.196619,20.181419,37.241535,29.010746,47.217041,39.965023,47.918480,8.944480,107.116829,56.078938,48.496674,22.335121,72.720001,32.306141,71.170998
2007-09-21,4.311473,20.344742,37.431217,29.115767,47.329815,40.202530,48.407768,9.011603,107.405945,56.242538,48.908463,22.489439,72.339996,32.537136,71.202057
2007-09-24,4.435001,20.650095,37.477192,28.627714,47.032436,40.440086,48.135265,8.857364,107.208008,56.248146,49.047615,22.448826,72.279999,33.153996,71.264091
2007-09-25,4.581557,20.990932,37.345005,28.479467,47.150383,40.469074,47.299137,8.841653,106.995995,56.293312,48.875065,22.286390,72.330002,32.330284,71.279564
2007-09-26,4.569294,20.948341,37.586422,28.497982,47.360584,40.851456,47.478748,8.958764,107.561409,56.236851,48.919590,22.318874,72.000000,32.801636,71.202057
2007-09-27,4.621038,20.941240,37.672638,28.547422,47.668243,40.613914,47.980427,8.827376,108.197472,56.332745,49.259056,22.903652,72.699997,33.053326,71.217545
2007-09-28,4.590231,20.919931,37.764603,28.306473,47.458019,40.752968,48.574993,8.694553,107.837029,56.417339,49.370358,22.830555,73.510002,32.700943,71.186508
2007-10-01,4.676071,21.140068,38.017517,28.918097,48.170696,41.083195,49.274849,8.888787,109.052673,56.227058,49.652470,22.595020,73.900002,33.497204,71.264374
2007-10-02,4.739182,21.090357,37.965794,29.134296,47.293945,40.978909,49.324390,8.881642,108.904236,56.442295,49.808880,22.140196,72.349998,34.105831,71.217628
2007-10-03,4.723330,20.912832,37.994526,29.271322,46.827381,40.793522,48.655479,8.891638,108.685127,56.470573,49.663616,22.164564,71.900002,33.941082,71.233177
2007-10-04,4.673080,21.097462,38.000267,29.427021,46.617134,41.036854,48.705059,8.924488,108.854774,56.447937,49.853565,22.473192,72.870003,34.288868,71.311043
2007-10-05,4.828908,21.189775,38.080750,29.632524,46.842743,41.036854,49.751751,8.973042,110.148170,56.000473,49.317245,22.538166,73.400002,35.094269,71.233177
2007-10-08,5.022126,21.189775,37.948544,29.545351,46.494083,40.967323,50.377281,8.901638,109.561577,56.442295,49.278175,22.067101,72.529999,34.430737,71.342186
2007-10-09,5.020632,21.374403,38.080750,29.626312,47.514423,41.181679,51.101902,9.071587,110.593399,56.323338,49.216736,22.221415,73.089996,34.815132,71.295479
2007-10-10,4.988628,21.466715,37.839329,29.215273,47.750275,41.367092,50.265800,9.004460,110.409660,56.396973,49.244637,22.481312,73.360001,34.572586,71.357742
2007-10-11,4.852237,21.239487,37.908306,29.059572,47.509277,41.581425,49.200512,8.991612,109.879509,56.436626,49.194397,22.733093,73.910004,34.435318,71.342186
2007-10-12,5.002385,21.424112,37.902554,29.159218,47.929741,41.540894,49.733154,9.074445,110.487381,56.328979,48.954163,22.838675,74.589996,34.110413,71.357742
2007-10-15,4.994309,21.331797,37.735867,28.816671,48.616779,41.135349,48.828922,9.018746,109.554443,56.345982,48.965336,23.228527,75.139999,33.469742,71.326561
2007-10-16,5.072078,21.530622,37.402485,28.094238,48.575748,41.031048,48.153828,9.031603,108.685127,56.436626,48.982079,23.252890,75.120003,33.062477,71.373268
2007-10-17,5.166889,22.070311,37.276031,28.878950,48.606529,41.100914,47.769855,9.031603,109.017303,56.629211,49.518394,23.131062,74.500000,33.012131,71.404411
2007-10-18,5.189320,22.127121,37.304768,28.586250,48.734707,41.281414,48.323654,8.935912,108.621544,56.793419,49.792141,23.545277,76.000000,33.021290,71.404411
2007-10-19,5.097200,21.424112,36.919651,28.038195,47.242683,41.223221,45.778664,8.667422,105.780342,57.054001,50.535130,23.480305,75.699997,31.616421,71.466644
2007-10-22,5.215043,21.665550,36.982864,28.256170,46.612026,41.374580,45.735073,8.743113,106.395241,57.036991,50.540703,23.415327,74.599998,32.444698,71.435532
2007-10-23,5.567976,21.942493,37.103588,28.611158,46.837616,41.491028,46.307571,8.821663,107.257492,57.020027,50.473637,23.252890,75.230003,32.787910,71.435532
2007-10-24,5.561097,22.191034,37.040348,28.816671,47.237545,41.560905,47.160042,8.838797,107.059586,57.269245,50.847996,23.334108,75.519997,32.238762,71.466644
2007-10-25,5.466884,22.716516,36.758709,28.679676,46.950417,41.543415,46.463142,9.214396,107.314056,57.121933,50.674782,23.878275,76.029999,32.307419,71.451118
2007-10-26,5.524310,24.875250,36.959885,29.470613,47.278557,41.776337,46.693367,9.515741,108.572067,57.070999,50.557476,24.243757,77.690002,32.797058,71.419952
2007-10-29,5.535972,24.548615,37.350739,29.065788,47.996387,41.822929,45.983997,9.584291,108.932526,57.070999,50.752995,24.641731,78.120003,32.261642,71.482231
2007-10-30,5.593100,25.258726,37.258778,28.997280,46.729939,40.146057,45.710224,9.564295,108.176300,57.144627,50.725075,24.089445,77.349998,32.705524,71.451118
2007-10-31,5.681334,26.139250,37.459957,29.271322,47.165764,40.477901,46.425800,9.771379,109.299988,56.986088,50.266949,24.771679,78.620003,33.387379,71.466644
2007-11-01,5.606263,26.316778,37.166821,27.602230,45.376343,39.936432,45.616863,9.491459,106.741493,57.126526,50.920097,24.454927,77.930000,31.826920,71.515068
2007-11-02,5.619122,26.316778,37.235767,26.873560,45.084091,40.495403,46.519123,9.510029,106.861755,57.189102,51.082817,24.982847,79.830002,31.373863,71.561890
2007-11-05,5.568576,26.082445,37.069080,26.636909,44.945641,40.862206,45.735073,9.608571,106.048935,57.137875,51.060383,24.820410,79.750000,30.920851,71.561890
2007-11-06,5.736369,25.855223,37.138065,27.471445,46.340279,41.031052,46.618706,9.617136,107.476593,57.063931,50.813515,25.470160,81.430000,31.309834,71.561890
2007-11-07,5.572164,25.223215,36.735714,26.306829,44.883621,40.419685,45.797325,9.432910,104.536423,57.075325,50.903282,25.340208,82.239998,30.335096,71.608757
2007-11-08,5.248245,24.669333,37.126587,26.537249,46.026295,41.246483,45.069294,9.671405,104.006416,57.132187,50.813515,25.275236,82.230003,30.426619,71.561890
2007-11-09,4.946156,23.952118,37.454212,26.350422,44.703472,41.001934,43.812370,9.838500,102.578766,57.331268,51.245499,25.267115,82.180000,30.179504,71.624359
2007-11-12,4.598906,23.703571,38.115234,26.400230,43.514458,41.205727,43.308338,9.798510,101.561020,57.251663,51.430702,24.714827,78.300003,30.527288,71.655617
2007-11-13,5.083440,24.551399,38.690033,28.056870,44.718906,41.671520,44.223030,9.652840,104.656578,57.257309,51.239925,24.243757,79.120003,31.538612,71.639999
2007-11-14,4.968288,24.173801,38.448616,28.119144,44.425514,41.654057,43.575897,9.592858,104.366837,57.234577,51.296047,24.787922,80.279999,30.897968,71.608757
2007-11-15,4.914153,24.052677,38.442867,27.110214,43.488712,41.822929,43.389221,9.604285,102.861511,57.479141,51.778572,24.544268,77.949997,30.843056,71.655617
2007-11-16,4.976664,24.287788,38.942955,26.836193,43.802692,42.614769,43.208767,9.707109,103.038139,57.439346,51.851509,24.625486,77.750000,30.266464,71.655617
2007-11-19,4.903684,24.195171,38.850979,25.764984,43.293129,42.399345,42.437187,9.651416,101.603416,57.564487,52.188232,24.812288,77.239998,29.607506,71.686836
2007-11-20,5.050241,24.636898,38.879730,25.926912,45.202747,42.626411,42.486996,9.875631,102.225403,57.445026,52.132057,25.429552,79.470001,29.035473,71.702431
2007-11-21,5.038578,24.387531,38.592312,25.335266,44.801243,42.073265,42.275425,9.774234,100.133408,57.882942,52.435078,25.462036,79.360001,28.834127,71.733658
2007-11-23,5.130699,24.302040,38.681965,26.126204,45.444656,42.422619,42.704781,9.781369,101.864967,57.587219,52.592201,25.697569,81.250000,29.401556,71.749298
2007-11-26,5.160609,23.489840,38.965385,25.198256,44.101250,42.032528,42.206974,9.678548,99.617439,58.110458,53.630207,25.380819,81.300003,27.992130,71.702431
2007-11-27,5.228502,23.553965,39.173611,26.375324,44.461544,42.579807,42.822994,9.702828,100.762428,57.871593,53.119602,25.177774,80.099998,28.646515,71.764900
2007-11-28,5.390315,24.009933,39.532196,27.378023,45.254223,43.033993,44.297699,9.882432,103.985252,57.729427,52.760559,24.869143,79.570000,29.904951,71.780563
2007-11-29,5.512047,23.931555,39.561104,27.184961,45.599060,43.173725,44.627506,9.954268,104.020546,57.894356,53.214989,24.925995,78.279999,29.424459,71.733658
2007-11-30,5.450132,23.938681,39.179367,28.411865,45.892464,43.086391,44.739506,10.023234,105.066528,58.013817,52.956924,24.617363,77.320000,30.225279,71.749298
2007-12-03,5.349636,23.454206,39.162018,28.156511,45.732891,42.806915,44.839069,10.264622,104.373901,58.320450,53.377148,24.796043,78.279999,29.900364,71.732071
2007-12-04,5.378051,23.347343,39.295048,27.496359,45.357147,42.672997,44.807953,10.363763,103.441017,58.097717,53.371548,24.909752,79.400002,29.094982,71.747726
2007-12-05,5.548238,24.330540,39.451218,27.963465,46.283653,42.975765,45.243523,10.425543,105.172600,57.989223,52.734951,24.722948,78.629997,30.074272,71.747726
2007-12-06,5.681334,24.615520,39.503273,28.779316,47.066025,43.191196,46.264004,10.188472,106.677956,57.926430,52.273033,25.169647,79.370003,31.030674,71.763374
2007-12-07,5.811441,24.601261,39.144688,28.698351,47.096909,43.156258,46.170673,10.230138,106.656761,57.595196,51.687130,25.088432,78.599998,30.920851,71.826012
2007-12-10,5.808747,24.765142,39.208294,29.532896,47.369701,43.278542,47.651611,10.234447,107.483635,57.481010,51.377289,25.072187,80.000000,31.584398,71.779045
2007-12-11,5.639160,24.294909,39.069489,28.611158,46.468945,42.993233,45.871986,9.934155,104.536423,57.760792,52.385677,25.291477,78.839996,29.918690,71.873047
2007-12-12,5.708553,24.558523,39.156239,28.741953,47.313080,43.476498,45.934219,9.935590,105.568321,57.703674,51.844875,25.981836,80.489998,29.818001,71.857384
2007-12-13,5.737563,25.092867,39.254574,28.499056,47.724861,43.319286,46.183113,10.060589,105.349220,57.481010,51.281521,25.705692,78.500000,29.479370,71.888680
2007-12-14,5.694496,25.156986,39.092617,28.150288,46.932194,43.028149,45.666653,9.970074,104.013435,57.321102,51.044918,25.527012,78.519997,28.738039,71.841682
2007-12-17,5.515337,24.501524,39.069489,27.733017,46.268196,42.643860,44.279037,9.889613,102.529327,57.406769,51.501217,25.402164,78.129997,27.850264,71.873047
2007-12-18,5.472865,24.750895,39.162018,27.340662,47.055733,42.410984,44.210590,10.066342,103.101768,57.709427,51.833561,25.293964,79.250000,28.280422,71.873047
2007-12-19,5.477051,24.786509,38.936447,27.390480,47.060879,42.492508,44.079929,9.994496,103.101768,57.829323,52.520885,25.535336,79.239998,28.568726,71.904335
2007-12-20,5.599382,25.306604,38.942234,26.985659,47.421192,42.614769,44.496830,9.932717,103.751938,57.777958,52.408195,25.427135,78.669998,28.449650,71.935669
2007-12-21,5.799777,25.691338,39.347107,27.471445,48.090309,43.132977,45.255974,9.824960,105.247643,57.526688,51.642044,25.726768,80.099998,29.007837,71.935669
2007-12-24,5.946035,26.061825,39.254574,27.919861,48.208706,43.051460,45.237293,9.829270,106.029182,57.543797,51.399796,25.918201,80.139999,29.947479,71.935669
2007-12-26,5.950522,26.083187,39.075275,27.988363,48.800625,43.109684,45.853348,9.853693,106.256546,57.366806,50.949139,26.226156,81.519997,29.449757,71.904335
2007-12-27,5.939157,25.627222,38.942234,27.178732,48.213848,43.022339,45.255974,9.832140,104.920799,57.681587,51.504562,26.317711,81.559998,28.863644,71.935669
2007-12-28,5.976840,25.734083,38.971153,26.942070,48.898426,43.231964,45.523548,9.859442,104.657852,57.991211,52.307713,26.234476,83.000000,28.356606,71.934090
2007-12-31,5.924500,25.363611,38.577854,27.184961,48.224171,42.748688,45.150181,9.738749,103.883423,58.008385,52.624470,26.267769,82.459999,28.589191,71.918396
2008-01-02,5.827592,25.092867,38.120941,26.493866,48.131512,42.102398,43.949257,9.533283,102.973961,58.283619,53.382416,26.991880,84.860001,28.500814,71.981194
2008-01-03,5.830284,25.199741,38.132515,26.311678,48.296207,42.102398,43.793682,9.622368,102.924248,58.438381,53.308853,27.199961,85.570000,27.612335,71.934090
2008-01-04,5.385228,24.494406,38.080452,25.714823,47.395451,41.933521,42.642509,9.888174,100.401939,58.558861,53.320168,27.041822,85.129997,26.491283,71.918396
2008-01-07,5.313148,24.658270,38.670410,25.972416,46.952774,42.207203,42.766968,10.349395,100.316696,58.633381,53.552059,26.550756,84.769997,26.737825,71.981194
2008-01-08,5.122024,23.831823,38.716671,24.942066,46.350555,42.317814,41.783833,10.280434,98.696747,58.782471,53.489880,26.792126,86.779999,25.812138,71.934090
2008-01-09,5.365787,24.537148,39.214092,25.293890,47.127781,42.236320,41.833622,10.267493,99.734055,58.644821,53.591652,26.525787,86.550003,26.268007,71.886963
2008-01-10,5.324512,24.458780,39.277710,25.966118,47.179264,42.201366,41.945618,10.346523,100.387703,58.524471,52.867672,26.400938,88.250000,26.672703,71.918396
2008-01-11,5.165093,24.159546,39.260342,25.670847,46.479252,40.862206,41.074471,10.238758,99.577728,58.776722,53.280567,26.642309,88.580002,26.677359,71.949814
2008-01-14,5.347243,24.501524,39.300838,25.984966,46.752026,40.926243,41.858501,10.243075,100.380661,58.822590,53.478558,26.975233,89.540001,26.565718,72.012650
2008-01-15,5.055925,24.223673,39.190956,24.609074,45.820396,40.582722,40.694912,10.202834,98.170952,59.034748,54.078075,26.642309,87.989998,26.026108,71.996925
2008-01-16,4.774774,23.675076,39.509056,26.028955,44.538738,40.284275,39.991772,9.743059,97.325401,58.857014,53.687824,26.392618,86.699997,26.323830,71.996925
2008-01-17,4.812160,23.589579,39.231434,25.155659,43.190182,39.833691,39.090687,9.385291,94.803131,59.212482,54.383522,26.051371,86.500000,25.965651,71.965508
2008-01-18,4.826218,23.518335,38.340725,24.872944,43.792400,39.295315,39.303429,9.152527,93.829720,59.201031,54.010216,26.151247,87.419998,25.621428,72.012650
2008-01-22,4.655135,22.770248,37.750778,25.670847,42.438686,38.113235,39.935440,8.745907,92.877655,59.292763,54.587154,26.059692,88.169998,26.235439,72.044037
2008-01-23,4.159533,22.748875,37.131908,28.724205,42.953426,38.762802,40.723900,9.024650,95.108681,59.115002,54.462681,25.568626,87.889999,28.724089,72.122520
2008-01-24,4.055747,23.689320,36.732826,28.246738,44.265938,38.710140,40.830261,8.836426,95.911514,58.965977,53.371086,26.201183,90.080002,28.049593,72.153969
2008-01-25,3.888550,23.468458,36.125534,27.417421,43.205612,38.218563,41.255779,8.774642,94.526016,59.069130,54.270359,26.783806,90.300003,27.886784,72.075455
2008-01-28,3.888550,23.311716,36.478336,28.629953,43.818138,38.206841,42.682499,8.931255,96.089142,59.183842,54.066776,26.908651,91.750000,28.831070,72.106834
2008-01-29,3.934314,23.226227,36.420517,29.811098,43.792400,37.849907,43.170582,8.993036,96.565155,59.000385,53.699162,27.133375,91.150002,28.570559,72.169746
2008-01-30,3.953456,22.941244,35.963596,29.748276,43.895355,38.089825,42.826416,8.998786,95.854652,59.092075,53.348484,26.900324,92.059998,27.807709,72.201134
2008-01-31,4.048569,23.226227,36.518845,29.779692,44.111538,38.282932,44.422092,9.245919,97.602516,59.350117,53.727402,27.033493,91.400002,28.365904,72.201134
2008-02-01,4.000412,21.694439,36.646084,30.313705,44.240208,38.651619,44.903912,9.386726,99.172760,59.289612,54.050358,26.559078,89.349998,29.552092,72.193245
2008-02-04,3.937604,21.509193,36.709698,29.038340,43.977703,38.710140,44.397045,9.590755,97.922226,59.255112,53.494129,27.025175,89.099998,29.245083,72.208984
2008-02-05,3.869110,20.711227,36.362659,27.574471,42.263676,38.060574,42.250721,9.182697,95.300484,59.439312,53.902771,26.800451,87.680000,28.212397,72.161720
2008-02-06,3.648974,20.319378,36.466774,27.467674,41.918816,38.218563,42.538567,9.194191,94.533142,59.393253,53.738186,26.675602,88.949997,27.751888,72.224716
2008-02-07,3.626243,20.034397,36.327972,28.340967,42.332359,38.487736,42.751320,9.153960,95.158371,58.869415,52.580326,27.000202,89.849998,28.407780,72.208984
2008-02-08,3.753061,20.347883,35.876842,27.530500,42.239342,38.048851,42.557350,9.084994,94.547318,59.151535,53.181938,27.807547,91.000000,27.500700,72.208984
2008-02-11,3.871801,20.098522,35.790073,27.235220,43.019897,38.622353,43.439644,9.125227,95.030472,59.278137,53.403316,27.990658,91.330002,26.942482,72.224716
2008-02-12,3.734517,20.191132,36.420517,27.210089,43.619541,39.301186,43.802589,9.210002,95.911514,59.255112,53.085506,27.424685,89.330002,27.710020,72.208984
2008-02-13,3.870307,20.632860,36.675003,27.706419,44.193363,39.207535,44.835079,9.260284,96.892014,58.903954,52.523575,27.649408,89.440002,27.928659,72.224716
2008-02-14,3.812281,20.305132,36.316414,26.770304,44.224400,38.991020,44.077911,9.153960,96.039436,58.719711,51.751656,28.207056,89.709999,27.407671,72.240494
2008-02-15,3.727638,20.248137,36.380028,27.172390,44.131340,38.797909,43.771286,9.294767,96.018120,58.690948,52.148975,28.073885,89.150002,27.630943,72.240494
2008-02-19,3.654358,20.148010,36.819592,26.908516,44.979134,38.803753,44.052895,9.254542,96.288124,58.408855,51.621105,28.989431,91.580002,27.561178,72.240494
2008-02-20,3.703411,20.183769,36.570896,27.109562,45.542591,38.721828,44.584778,9.306265,96.572273,58.316750,51.978699,29.139248,93.239998,27.733276,72.208984
2008-02-21,3.635216,20.097940,36.426292,27.059303,44.932602,38.598934,44.296928,9.175514,95.769394,58.794590,52.529255,28.981108,93.250000,26.979696,72.271950
2008-02-22,3.573006,19.797544,36.784355,27.599621,45.061832,38.745239,44.540974,9.278966,96.359138,58.483692,52.228432,29.380615,93.389999,27.742577,72.271950
2008-02-25,3.581378,19.911980,37.174454,27.662449,46.075043,39.020260,45.210529,9.304832,97.574104,58.276451,51.694931,29.663603,92.739998,28.589191,72.240494
2008-02-26,3.563732,20.298206,37.098759,27.467674,46.467899,39.605469,45.867569,9.317759,98.305916,58.558552,51.711945,30.296165,93.709999,28.584543,72.287689
2008-02-27,3.677688,20.212370,36.702858,27.901176,46.209442,39.330433,46.443256,9.306909,98.206451,58.679443,51.757378,30.254543,94.779999,28.449650,72.303452
2008-02-28,3.885560,19.976347,36.510723,26.663498,46.204269,39.189991,46.549656,9.133299,97.247269,59.030602,52.676842,30.545853,95.989998,27.863527,72.303452
2008-02-29,3.739301,19.454243,36.074043,25.538916,44.979134,38.727688,45.260597,8.722422,95.080223,59.255112,53.482746,30.046465,96.180000,27.463484,72.319206
2008-03-03,3.640898,19.304043,36.231255,25.017443,45.361656,38.827148,45.804989,8.875777,94.852882,59.245266,53.344952,30.487595,97.239998,27.654198,72.346016
2008-03-04,3.727339,19.733171,36.469959,24.621641,44.813705,38.651619,44.891399,8.991521,94.490501,58.991032,52.826508,30.379395,95.180000,27.393715,72.346016
2008-03-05,3.723450,20.112244,36.755249,24.338932,45.072178,39.031967,44.960224,8.994412,95.087318,58.615421,52.194180,31.045238,97.720001,27.770498,72.330223
2008-03-06,3.616971,19.718864,36.464134,23.478209,43.686760,38.920795,44.271908,8.758592,93.119225,58.528751,52.473267,31.278292,96.500000,26.505239,72.361771
2008-03-07,3.656452,19.933441,35.812084,23.597588,42.642540,38.505306,43.702465,8.722422,92.160065,58.707909,52.541706,30.962013,96.089996,26.937851,72.361771
2008-03-10,3.579884,20.062178,35.707264,22.919067,42.627029,38.481907,43.001633,8.651530,90.945068,59.019943,53.316444,31.544630,95.870003,26.556396,72.361771
2008-03-11,3.808990,20.941908,36.353516,24.401751,44.808521,39.008572,45.435810,8.807781,94.213402,58.661705,52.860672,32.035698,95.989998,28.282183,72.361771
2008-03-12,3.769510,20.477013,36.417564,24.257246,44.441494,39.230949,47.087788,8.784636,93.332352,59.262646,53.880421,32.385262,97.010002,27.686766,72.377571
2008-03-13,3.826639,20.469849,36.568943,23.943121,44.999798,39.418205,47.350605,8.890245,93.538406,59.008419,53.458847,32.418556,98.339996,28.012386,72.361771
2008-03-14,3.786859,19.997810,36.475773,22.956749,44.410473,39.055370,46.799957,8.888802,92.088982,59.256832,54.119705,32.376942,98.709999,27.444881,72.456497
2008-03-17,3.790447,20.240990,37.285069,25.325289,44.348446,39.236794,46.593449,8.988626,91.158195,59.511074,54.535545,31.078533,99.169998,27.612335,72.440681
2008-03-18,3.972597,21.042038,38.024475,26.833130,45.733856,40.108734,48.101498,8.992967,94.945213,59.372433,54.324806,31.769350,96.500000,28.826426,72.519524
2008-03-19,3.878382,20.469849,37.774120,26.682350,43.645397,39.681534,46.136639,8.797653,92.593452,59.551598,55.224880,30.396038,93.040001,28.607786,72.535286
2008-03-20,3.986056,20.870384,38.065231,28.881283,43.940056,40.594433,46.192986,8.806334,94.308533,59.759560,55.361584,29.172541,89.910004,29.561396,72.519524
2008-03-24,4.173291,20.863239,37.779957,29.245659,44.431145,40.945557,47.575851,9.029137,96.193527,59.320389,54.290585,29.705217,90.099998,30.226585,72.456497
2008-03-25,4.216661,20.841780,37.581997,28.937824,44.043457,40.693905,47.957573,9.056620,96.286369,59.430222,54.518448,30.004852,92.730003,30.303926,72.409149
2008-03-26,4.338690,20.426941,37.669319,27.712698,44.591408,40.752422,48.408131,9.069645,95.108253,59.256832,54.290585,30.903748,93.800003,29.722685,72.456497
2008-03-27,4.194827,20.062178,37.622746,26.927372,44.560406,40.617828,48.201618,9.153555,94.808342,59.279964,53.908878,31.245001,93.459999,29.478952,72.472221
2008-03-28,4.277374,19.962046,37.366573,26.833130,44.053764,40.635395,48.239162,8.964030,93.901489,59.424435,54.433010,30.504238,91.879997,29.132072,72.409149
2008-03-31,4.292032,20.298206,37.768303,26.983910,43.722961,41.004059,48.990059,9.076875,94.229996,59.331997,54.626717,29.771801,90.410004,29.244577,72.488029
2008-04-01,4.472386,21.099266,38.350513,29.528381,44.984287,41.630211,50.047600,9.387927,97.543091,58.928677,53.737648,29.605341,86.860001,30.908596,72.440598
2008-04-02,4.411373,20.856083,38.024475,29.287704,45.759693,41.243988,49.127728,9.515238,97.607338,58.957733,53.852058,30.487595,89.269997,30.758595,72.440598
2008-04-03,4.534600,20.741644,38.001167,29.313030,45.609779,41.238148,48.226658,9.516688,97.850105,59.143379,53.972195,30.654058,89.419998,31.461712,72.440598
2008-04-04,4.578566,20.856083,38.269009,28.863329,45.873398,41.314224,48.702244,9.541277,97.742996,59.445103,54.464211,30.870455,90.250000,30.964832,72.472183
2008-04-07,4.662612,20.856083,38.507713,28.844330,45.966480,41.261524,48.339279,9.513795,97.792976,59.439251,54.178165,31.203386,91.169998,30.678921,72.440598
2008-04-08,4.571386,20.562828,38.612514,28.413624,46.323158,41.343464,48.552048,9.570217,97.693024,59.433514,53.989418,31.328226,90.349998,30.636730,72.488022
2008-04-09,4.529514,20.662971,38.595058,28.058933,46.369701,41.085976,47.657219,9.548516,96.986115,59.694569,54.550041,31.852587,92.290001,29.867994,72.488022
2008-04-10,4.622532,20.820318,38.618324,27.780239,46.292152,41.068424,47.375641,9.425542,97.121788,59.508965,54.366993,31.711088,91.769997,30.158602,72.488022
2008-04-11,4.400904,20.226681,38.426205,26.937853,45.811371,40.963100,46.806190,9.380694,95.236755,59.636539,54.733120,31.586245,91.300003,29.788319,72.488022
2008-04-14,4.420046,20.069332,38.274830,26.285460,46.369701,41.033318,47.269249,9.338738,94.915443,59.566895,54.412708,31.802643,91.110001,29.614887,72.519554
2008-04-15,4.437993,20.205219,38.222450,26.678160,46.938328,41.097687,47.525810,9.412520,95.136826,59.247868,53.737648,32.185509,91.660004,29.914865,72.519554
2008-04-16,4.597109,20.705887,38.251541,28.476974,48.018723,40.768097,49.446850,9.742378,97.714470,59.033203,53.211323,32.493465,93.269997,31.128902,72.472183
2008-04-17,4.620739,20.899000,38.286465,28.578308,48.272030,39.761707,49.402859,9.736595,97.857224,59.021591,53.119789,32.343655,92.559998,31.241394,72.472183
2008-04-18,4.816647,21.456879,38.723148,28.983673,48.592541,39.532177,53.608288,9.612172,98.878288,59.178200,53.074043,32.360298,90.620003,31.063267,72.424820
2008-04-21,5.029604,21.757273,38.612514,28.647982,48.726955,39.902950,52.382507,9.636765,98.928284,59.184052,53.285702,32.401913,90.250000,30.833595,72.456421
2008-04-22,4.791523,21.635687,39.002598,28.914005,48.794155,39.708736,51.552738,9.602048,98.492760,59.271061,53.468773,32.601665,90.269997,30.758595,72.472183
2008-04-23,4.871978,22.493956,39.159801,28.597315,48.706257,39.532177,51.351563,9.795909,98.335625,59.213013,53.291389,32.293709,89.220001,31.142942,72.472183
2008-04-24,5.052933,22.744276,39.223854,29.750065,47.868816,39.332069,51.433285,9.691748,98.764046,58.992550,52.839432,31.752710,87.220001,31.761698,72.488022
2008-04-25,5.076565,21.335283,39.188896,30.269459,47.796448,39.167271,51.703598,9.639662,99.678001,58.934513,52.530518,32.335323,87.269997,31.939808,72.488022
2008-04-28,5.151636,20.734493,39.194721,29.984419,47.791279,38.967182,52.193924,9.612172,99.699409,59.079552,52.690708,32.410229,87.690002,31.897633,72.440598
2008-04-29,5.235681,20.484163,39.119038,29.819729,47.450085,38.784737,51.238411,9.681613,99.306709,59.166622,52.890976,31.627863,85.809998,31.550764,72.519554
2008-04-30,5.202780,20.398331,39.060814,30.180771,48.111778,39.461548,51.470993,9.590475,98.721176,59.526310,53.268547,31.569597,86.650002,31.110161,72.440598
2008-05-01,5.383733,21.027739,39.480022,31.194180,46.369701,39.449772,51.766445,9.772759,100.763298,59.425068,53.271980,30.837164,83.989998,31.780449,72.494400
2008-05-02,5.411849,20.913296,39.742031,30.820482,46.323158,39.314423,52.049347,9.902966,101.041824,59.326065,52.600174,31.619537,84.580002,31.752327,72.446907
2008-05-05,5.525205,20.798866,39.532413,30.402458,46.271469,39.226128,52.017906,9.714891,100.556267,59.349392,52.600174,32.277065,86.269997,31.663261,72.462715
2008-05-06,5.582931,21.242308,39.346111,30.529148,46.560951,39.226128,52.319645,9.648342,101.427406,59.157299,52.221256,32.701542,86.629997,31.883562,72.431129
2008-05-07,5.461201,20.891840,38.956032,29.496708,45.914780,38.725876,51.313850,9.385031,99.620888,59.326065,52.445164,32.759804,85.820000,31.016394,72.478569
2008-05-08,5.535078,20.934755,38.950211,29.167370,46.488594,38.796505,51.810463,9.457370,99.363838,59.477463,52.916016,33.292484,87.239998,30.828901,72.446907
2008-05-09,5.486922,21.020582,38.746422,29.496708,46.119915,38.378639,51.395576,9.438564,99.178169,59.500721,53.111240,33.808517,87.419998,30.660160,72.478569
2008-05-12,5.627796,21.449718,38.839561,29.921078,46.312031,38.461040,52.690514,9.505112,100.292068,59.395935,53.030804,33.234219,86.989998,31.396084,72.478569
2008-05-13,5.681634,21.377939,38.664921,28.806343,46.566463,38.684681,52.847694,9.363332,100.306297,59.058346,52.450912,33.417332,85.389999,31.522642,72.446907
2008-05-14,5.570966,21.485620,38.897812,29.078686,46.685890,38.549305,52.017906,9.398052,100.513397,59.145649,52.473896,32.876331,85.199997,31.719509,72.446907
2008-05-15,5.674755,21.858902,38.822109,29.781742,47.407669,39.055466,52.489380,9.304010,101.770126,59.459995,52.950436,33.250870,87.000000,32.103878,72.446907
2008-05-16,5.611646,21.528685,38.822109,29.471371,48.119038,39.284996,52.615093,9.312697,101.862915,59.314468,52.732250,33.733608,89.099998,31.935131,72.462715
2008-05-19,5.491408,21.148218,38.792995,29.129347,48.996571,39.349724,52.979694,9.547070,102.141403,59.413452,52.801159,33.783550,89.389999,31.986689,72.462715
2008-05-20,5.560200,20.645723,38.513527,27.678909,49.100418,38.761189,52.703102,9.505112,101.313133,59.541397,53.076775,34.249645,90.900002,31.555454,72.431129
2008-05-21,5.329597,20.279602,38.269009,26.868168,48.638283,38.355103,52.426510,9.552856,99.599457,59.459995,53.088211,35.248417,91.959999,30.796093,72.431129
2008-05-22,5.295498,20.437538,38.351093,27.267202,48.035965,38.619957,51.684738,9.629534,99.613747,59.104958,52.462357,34.740711,90.980003,30.533592,72.478569
2008-05-23,5.418729,20.136034,38.063797,26.804825,47.096115,38.413971,51.263557,9.473291,98.278542,59.331932,52.692055,34.807293,91.230003,30.388302,72.478569
2008-05-27,5.576052,20.416004,38.198666,27.241858,46.628777,38.296238,51.515022,9.519579,99.006844,59.000164,52.336102,34.249645,89.360001,30.805471,72.478569
2008-05-28,5.593399,20.229359,38.040356,27.146864,46.955894,38.178535,52.294483,9.570217,99.463776,58.726654,51.870968,34.466045,89.139999,30.857035,72.510170
2008-05-29,5.583828,20.322678,38.943275,27.596575,46.395119,38.531666,52.036758,9.751063,99.963638,58.563641,51.497784,33.525532,86.510002,31.189821,72.478569
2008-05-30,5.645442,20.329857,39.130886,27.235535,46.088764,38.873028,51.948765,9.768420,100.213531,58.773197,51.836552,33.750256,87.449997,31.044535,72.510170
2008-06-02,5.566183,19.956575,38.996040,26.697163,45.595467,38.466911,51.753853,9.616512,99.178169,58.991749,52.036510,34.199703,87.959999,30.524225,72.568787
2008-06-03,5.544348,19.604818,39.142620,26.532465,44.505047,38.496346,51.810463,9.521027,98.599831,59.102737,52.411098,33.392357,86.879997,30.725782,72.568787
2008-06-04,5.538964,19.769926,39.019505,26.367796,44.525826,39.108421,51.835606,9.524668,98.549866,58.892384,51.944309,32.892975,86.650002,30.885155,72.552963
2008-06-05,5.665781,20.315504,39.259876,26.665480,46.374332,39.237896,52.005329,9.609149,100.520599,58.676178,51.633080,34.141441,86.449997,31.592951,72.505470
2008-06-06,5.552423,19.734030,38.556301,25.392384,45.065849,38.472801,50.282921,9.323659,97.314560,59.003410,52.301605,35.015369,89.059998,30.271109,72.521286
2008-06-09,5.431888,19.891970,38.480091,23.758245,46.249729,38.884785,50.798409,9.351333,97.550201,58.705379,52.301605,35.373264,87.989998,29.671116,72.552963
2008-06-10,5.552423,20.021172,38.474209,24.252295,45.637005,39.232018,50.352062,9.403771,97.064667,58.395683,51.961578,35.231770,85.550003,29.685188,72.600426
2008-06-11,5.407961,19.468422,38.227955,23.517561,46.010857,38.961292,49.616600,9.345506,95.636627,58.471680,51.840569,36.530178,87.019997,29.235197,72.647964
2008-06-12,5.182143,20.272436,38.515259,24.074945,45.206024,39.114323,50.603508,9.542149,96.000763,58.109421,51.321922,36.521854,85.599998,29.535189,72.600426
2008-06-13,5.155522,20.868248,38.855324,25.069363,45.881069,39.108421,51.232124,9.820357,97.214622,57.963318,51.212486,36.288803,85.830002,30.027367,72.647964
2008-06-16,5.289221,20.767756,38.603207,25.297377,45.688950,38.784737,50.861256,9.782487,97.271736,58.027615,51.223976,36.255512,87.010002,30.425800,72.647964
2008-06-17,5.426505,20.674433,38.456631,24.727335,46.016045,38.725876,50.722965,9.840750,96.800491,58.226257,51.327686,36.621731,87.250000,29.563313,72.632072
2008-06-18,5.346348,20.430353,37.782352,24.537317,45.605846,38.255051,50.100613,9.769380,95.857994,58.471680,51.759903,37.121124,88.279999,29.127392,72.663750
2008-06-19,5.410652,20.767756,37.887905,24.480309,44.546581,38.196190,49.962311,9.829097,95.979347,58.173710,51.454441,36.255512,88.419998,29.802376,72.647964
2008-06-20,5.242261,20.265249,37.559566,23.979931,44.089642,37.172123,49.710888,9.673241,94.421455,58.348965,51.754139,36.505211,88.949997,29.132072,72.679619
2008-06-23,5.179152,20.078606,37.694424,23.352880,45.538342,37.036770,50.289215,9.741703,94.328156,58.273022,51.863628,36.763222,87.089996,28.410219,72.679619
2008-06-24,5.181842,19.906321,37.946541,23.891264,45.133350,36.995586,48.177055,9.620804,94.141579,58.389893,52.209393,36.771553,87.470001,28.428267,72.679619
2008-06-25,5.305670,20.351391,38.274876,24.011604,45.486435,37.366352,48.139343,9.606234,94.586502,58.419109,52.232418,36.630058,87.419998,28.893764,72.695457
2008-06-26,5.032594,19.920671,37.676823,23.004511,44.868530,36.636562,46.693535,9.295983,92.017464,58.495064,52.583965,37.845230,90.610001,27.929527,72.695457
2008-06-27,5.087329,19.834530,37.272263,22.200132,44.941212,35.600735,46.360367,9.252289,91.515182,58.635288,53.200542,37.945103,91.470001,27.711023,72.727119
2008-06-30,5.008069,19.748386,37.723721,21.731422,45.761635,35.789059,46.404377,9.552345,91.838089,58.664532,53.212063,37.270935,91.400002,27.749031,72.679619
2008-07-01,5.224616,19.288956,37.928936,21.789066,45.875866,36.477654,46.574097,9.571279,92.125145,58.461533,53.085995,37.928463,92.660004,27.725283,72.704971
2008-07-02,5.030203,18.578276,37.899620,22.160543,45.387775,36.895515,44.267078,9.578564,90.546432,58.391155,53.363579,38.652576,93.169998,27.383286,72.704971
2008-07-03,5.088226,18.650063,38.181065,22.615286,45.834324,37.472294,44.197926,9.446012,90.639732,58.408730,53.247925,38.635925,92.059998,27.103041,72.704971
2008-07-07,5.238970,18.685955,38.257294,21.801876,45.148903,37.024979,44.512257,9.418337,89.714027,58.614056,53.490856,38.111576,91.230003,26.495049,72.689110
2008-07-08,5.370275,18.556732,38.820141,22.909899,44.624470,37.466400,43.695049,9.613522,91.307114,58.842831,53.837872,36.729935,90.860001,28.471014,72.657433
2008-07-09,5.211752,18.111666,38.802551,21.955587,43.778107,37.548801,43.016136,9.767920,89.548958,59.071568,54.074982,36.704960,91.500000,26.528313,72.673256
2008-07-10,5.282938,18.269594,39.248161,22.102898,44.686783,37.795979,43.009853,9.915040,89.914925,59.124348,54.069195,37.703739,93.529999,27.041290,72.736717
2008-07-11,5.161805,18.126026,38.849461,21.238247,44.385612,37.342808,43.883614,9.891736,88.867249,58.789967,53.299999,38.228088,95.160004,26.908293,72.784264
2008-07-14,5.200686,18.054232,38.937405,20.296749,44.354454,37.625298,43.795609,9.829097,88.063530,58.878014,53.768471,38.244743,95.910004,25.972563,72.784264
2008-07-15,5.073869,18.772099,39.693760,19.867626,42.677292,37.872498,42.142368,9.732963,86.822098,59.106770,53.751122,37.029568,96.169998,25.720823,72.800095
2008-07-16,5.168684,19.568922,39.981068,23.018776,41.960705,37.836960,44.336220,9.641197,88.953346,58.655151,52.779491,36.463596,94.440002,27.597029,72.815948
2008-07-17,5.138773,19.755573,39.769989,26.131502,41.711475,37.836960,45.423920,9.381924,89.843201,58.397053,52.507698,35.606308,94.220001,27.929527,72.704971
2008-07-18,4.939576,18.563913,39.764111,25.631933,42.339756,37.706661,44.829487,9.498451,90.402916,58.056816,52.311008,34.998722,94.169998,27.977026,72.800095
2008-07-21,4.973674,18.405989,39.347839,24.754477,43.087482,37.688904,46.309254,9.529037,90.453133,58.361855,52.513462,35.423203,95.120003,28.186024,72.736717
2008-07-22,4.845960,18.520842,39.863808,26.169939,43.025192,37.961323,47.415928,9.575650,91.479317,58.162407,52.253166,34.649155,93.059998,28.941256,72.768425
2008-07-23,4.972776,18.973099,40.027966,26.874468,42.054165,38.316658,45.797024,9.287244,91.974457,58.232792,52.149067,33.866783,90.570000,29.758251,72.800095
2008-07-24,4.756530,18.262413,40.256634,25.068314,41.955524,38.204140,44.127544,9.205675,90.065620,58.637512,52.658024,33.891747,91.330002,27.787031,72.784264
2008-07-25,4.848949,18.779278,40.473560,25.311695,42.422852,38.174522,44.570206,9.186738,90.044090,58.338402,52.131729,33.467270,91.690002,28.243019,72.800095
2008-07-28,4.618046,18.305481,40.151085,24.120396,41.893211,37.801437,43.754436,9.240634,88.723747,58.602348,52.658024,33.633728,91.730003,27.782282,72.800095
2008-07-29,4.698205,18.743380,40.151085,26.099487,42.007442,38.814110,44.892735,9.285787,90.618195,58.531921,52.444031,33.250870,90.589996,29.074263,72.800095
2008-07-30,4.781951,18.829517,39.916561,26.624670,43.814426,39.424103,45.575706,9.346964,92.232742,58.596485,52.496082,33.908398,89.519997,28.974512,72.815948
2008-07-31,4.754134,18.463415,40.145248,26.022625,41.763393,38.778580,43.963127,9.399402,91.012856,58.895603,53.016586,33.625412,90.080002,28.613510,72.815948
2008-08-01,4.685642,18.262413,39.928288,26.105881,41.394737,38.464706,43.090443,8.920181,90.532074,58.826092,53.133820,33.250870,89.570000,28.637264,72.793724
2008-08-04,4.583054,18.147556,40.444252,25.708784,39.774654,38.979946,42.641464,8.687126,89.692490,58.655380,53.011971,32.152222,88.139999,28.219278,72.809616
2008-08-05,4.804683,18.815163,41.306152,26.829624,40.683353,40.253216,43.115723,8.593906,92.110825,58.555233,52.617245,31.927490,86.080002,29.487509,72.825470
2008-08-06,4.910864,19.396637,41.669662,26.509378,40.672962,40.134781,44.589165,8.333176,92.519814,58.490391,52.402477,31.586245,86.639999,29.344995,72.793724
2008-08-07,4.892320,19.662241,41.423409,25.497429,40.210857,39.963032,43.590019,8.607013,91.142021,58.796696,53.255741,31.761028,86.089996,28.570761,72.841370
2008-08-08,5.071178,20.193464,41.951084,26.304441,40.875469,41.236317,44.835819,8.746849,92.835541,58.708340,53.400860,30.870455,84.430000,29.401999,72.825470
2008-08-11,5.191116,20.028358,42.015575,26.829624,40.791962,41.117855,44.772587,8.840070,93.797157,58.561100,52.890034,30.837164,81.129997,30.351986,72.841370
2008-08-12,5.285931,20.186285,42.039021,24.286928,40.123924,41.656780,45.411282,8.599732,92.821220,58.808475,53.383465,30.570824,80.519997,29.672747,72.793724
2008-08-13,5.362797,20.035530,41.745880,23.640055,40.797195,41.218533,44.159157,8.752676,92.261475,58.708340,53.197716,31.594564,81.559998,29.240498,72.857239
2008-08-14,5.363394,20.035530,41.740021,24.216482,40.421425,41.283691,44.450058,8.615755,92.957535,58.849686,53.540157,31.319904,79.349998,29.710741,72.841370
2008-08-15,5.256320,19.963755,41.822083,24.383005,40.223099,42.402988,44.487999,8.700234,93.409645,59.020451,54.004517,30.895424,77.629997,29.667986,72.857239
2008-08-18,5.245850,19.877607,41.681370,23.531160,39.941273,42.207542,43.773411,8.764327,92.132309,59.120583,54.219296,31.070213,78.800003,29.259502,72.809616
2008-08-19,5.190218,19.690212,41.716537,22.788206,40.682365,41.881836,43.438248,8.815307,91.127663,59.073471,54.010315,31.552950,80.430000,28.537519,72.873138
2008-08-20,5.259310,19.668589,41.675526,23.697691,41.131222,41.633091,43.507816,8.856091,91.551064,59.167713,54.161213,31.802643,80.059998,28.580263,72.873138
2008-08-21,5.212949,19.589314,41.792797,23.223734,41.934937,41.396206,43.444576,8.899790,91.708931,59.179436,54.062542,33.167629,82.300003,28.072029,72.888969
2008-08-22,5.287725,20.064993,42.146862,24.126810,41.908844,42.408894,44.437412,8.944944,93.036491,59.114655,54.027740,32.044014,81.080002,29.026756,72.904846
2008-08-25,5.160907,19.935261,41.780964,23.140482,41.079018,41.532413,43.356041,8.815307,91.149200,59.297222,54.567574,31.860905,80.930000,28.148022,72.888969
2008-08-26,5.193508,19.654175,41.727875,23.447893,41.726177,41.360664,43.431931,8.860460,91.414703,59.226540,54.613972,31.877550,81.230003,28.480518,72.904846
2008-08-27,5.224315,19.863192,42.022926,23.787357,41.997574,41.490952,43.988422,8.911086,92.304527,59.297222,54.706833,32.177185,81.360001,28.765518,72.904846
2008-08-28,5.196500,20.137066,42.140965,24.901787,42.368118,42.053562,45.329060,8.972712,93.423996,59.350266,54.712669,31.544630,82.180000,29.497005,72.904846
2008-08-29,5.070580,19.668589,41.562626,24.652002,41.757484,41.319218,44.728302,8.812777,92.419357,59.332584,54.468876,31.428102,81.709999,29.292749,72.873138
2008-09-02,4.970684,19.531660,42.329784,24.972240,40.353592,41.733772,43.684868,8.657240,91.845284,59.530037,54.975677,30.612436,79.199997,29.482746,72.925568
2008-09-03,4.993711,19.387512,42.199993,25.433390,40.718906,42.296391,42.831169,8.341761,91.766335,59.518181,55.208721,30.437653,78.889999,29.948238,72.925568
2008-09-04,4.822031,18.991114,41.574444,24.280521,39.737724,41.715996,40.434448,8.275731,89.003586,59.736961,55.651485,30.004852,78.389999,29.107494,72.925568
2008-09-05,4.790924,18.486609,41.704266,25.362934,39.466320,41.917351,40.516666,8.079112,89.283440,59.559582,55.622280,29.705217,78.980003,29.112261,72.941483
2008-09-08,4.723330,18.825350,42.618954,26.611866,40.066532,42.858990,40.839161,8.205298,91.127663,59.932045,55.855370,29.638634,78.860001,30.370993,72.941483
2008-09-09,4.536693,18.810923,42.099636,25.279665,38.234650,42.574738,38.815544,7.945581,88.422371,60.198185,56.408798,28.556627,76.489998,29.235758,72.925568
2008-09-10,4.534600,19.055983,42.034729,25.234833,39.273224,42.870827,39.726173,8.038025,88.781136,60.156704,56.059200,28.598246,74.220001,29.288004,72.957367
2008-09-11,4.565704,19.704628,41.993416,26.675919,39.435020,43.279453,40.984612,8.133401,90.065620,60.079880,56.030117,28.356876,73.080002,29.734495,72.941483
2008-09-12,4.454741,19.906443,41.657051,26.368479,40.447517,43.320934,41.395660,8.214100,90.481865,59.837482,55.307766,28.548302,75.550003,29.639496,72.973297
2008-09-15,4.198115,19.329859,41.078724,23.697691,38.229435,42.722775,39.972801,7.842872,86.176239,60.073929,57.102032,27.424685,77.559998,27.929527,73.052734
2008-09-16,4.183759,18.731646,41.190849,26.093073,39.889091,42.639881,40.934006,7.772439,87.618614,59.465008,57.090393,26.867035,76.790001,29.306999,73.084587
2008-09-17,3.823349,17.708225,41.019711,22.909899,39.288891,42.012115,39.934856,7.339575,83.679039,59.612827,57.375801,27.674377,85.459999,27.620779,73.402534
2008-09-18,4.010582,18.205519,41.857681,25.811270,40.577991,42.231236,41.307117,7.724016,86.161911,59.447308,56.536964,27.724316,82.800003,29.967236,73.195869
2008-09-19,4.214566,18.133455,41.302975,30.134481,41.548725,41.668625,42.047009,8.212636,89.583687,59.713326,54.742664,28.639862,85.980003,30.860226,72.941483
2008-09-22,3.919658,18.306421,40.370575,26.131502,41.167740,40.294674,40.851799,7.864882,87.555603,58.779202,54.736843,29.630310,89.180000,28.266779,72.973297
2008-09-23,3.793739,18.335251,40.217136,25.977781,40.546658,39.844585,40.181499,7.813523,85.563553,58.690475,54.527119,29.338999,88.320000,28.456770,73.211754
2008-09-24,3.849669,18.537056,40.240738,25.939358,40.724129,40.709236,39.043213,7.886889,85.837807,58.761456,54.766010,29.097630,86.709999,28.260448,72.989166
2008-09-25,3.945978,19.178509,40.931198,27.835176,42.101944,40.573025,39.182304,8.136335,87.180267,58.655056,54.655304,29.605341,86.449997,28.611704,73.068634
2008-09-26,3.835612,19.747873,40.954807,30.896660,42.091507,40.768452,40.554581,8.117266,87.223610,58.359440,55.051411,29.255774,86.639999,29.497105,73.195869
2008-09-29,3.148287,18.025335,39.479485,26.259602,38.652172,39.530720,37.873291,7.572882,80.388649,58.093372,56.653400,27.441328,89.570000,27.293243,73.513794
2008-09-30,3.399529,19.236158,40.883991,29.910322,40.531029,41.271835,37.689907,7.380658,83.715897,58.288464,55.272820,28.207056,85.070000,29.256502,73.243546
2008-10-01,3.263739,19.084805,40.004700,31.786932,41.011162,42.207542,36.014088,7.364523,83.766411,57.873009,55.968174,27.549530,85.970001,28.549166,73.232391
2008-10-02,2.993954,18.919033,40.004700,32.174179,40.447517,42.308231,33.022942,7.093063,80.727844,58.098549,56.418091,26.026400,82.330002,26.706190,73.200562
2008-10-03,2.903327,18.969494,39.042789,29.624775,40.677147,42.059494,32.384228,7.101870,79.638000,58.537750,56.914745,25.418812,82.589996,25.551334,73.200562
2008-10-06,2.935331,17.953266,38.063175,28.398478,40.353592,40.614471,31.113152,6.588308,75.581779,58.555565,57.949078,24.336807,84.279999,24.786226,73.184685
2008-10-07,2.666744,16.742453,36.877029,25.377914,39.701176,39.234596,29.930574,6.379943,72.196762,57.344753,57.773754,24.636438,87.269997,22.659357,73.168709
2008-10-08,2.685586,16.583893,36.800312,25.364988,40.186565,39.145767,30.132952,6.052727,70.377945,56.193195,56.944004,24.994333,89.419998,22.346592,73.105026
2008-10-09,2.654181,16.072168,33.979504,23.674004,35.489437,36.054371,28.330658,5.737253,65.462822,56.323799,56.464867,23.829094,89.900002,20.575796,73.216431
2008-10-10,2.895252,15.495592,32.958588,26.875282,32.545898,35.272648,27.274590,5.440852,63.874966,52.471512,56.067474,22.772058,83.220001,22.543875,73.280174
2008-10-13,3.297835,18.378489,36.989147,27.101179,38.140709,37.481628,31.290199,6.199461,73.149452,54.501526,55.348785,24.037172,81.989998,23.977827,72.993584
2008-10-14,3.112995,17.369480,37.768116,26.275042,37.817123,37.961323,30.031763,6.233209,72.066833,55.647114,54.992352,23.596046,82.199997,22.346592,73.120972
2008-10-15,2.929648,16.331635,35.726273,24.842205,32.540695,35.426617,26.597946,5.501014,64.972038,56.537460,55.518219,22.522366,83.309998,19.478676,73.136894
2008-10-16,3.047492,17.434347,37.473057,26.133049,36.246193,36.581455,27.064222,5.952953,67.678581,55.647114,55.231865,22.097887,79.290001,20.609474,73.105026
2008-10-17,2.913198,17.246950,36.971428,25.384359,35.510303,36.563686,25.116018,6.136368,67.274391,55.848873,54.852066,22.347580,77.209999,20.388126,72.945862
2008-10-20,2.944304,17.816328,38.027760,26.242781,39.137539,37.848797,26.125263,6.827478,71.316185,56.846066,55.290318,22.797028,78.500000,20.537302,73.120972
2008-10-21,2.736432,16.836145,37.567478,25.648983,37.316097,37.286201,24.803032,6.407821,69.187057,57.344753,55.582462,21.981361,76.029999,19.834763,73.120972
2008-10-22,2.897346,15.517217,36.245586,23.990250,33.699310,35.021355,23.327494,6.057132,65.419510,58.009464,56.710262,20.940971,71.709999,18.434490,73.025429
2008-10-23,2.938024,16.086588,36.853424,24.429142,36.736771,36.100143,22.586535,6.588308,66.177330,56.988579,57.131039,21.024200,70.650002,17.953289,73.120972
2008-10-24,2.882691,15.827135,35.873791,22.867226,36.032200,35.086926,21.270691,6.338860,62.821198,56.507790,56.523293,20.183571,72.209999,16.933165,73.041405
2008-10-27,2.754378,15.264963,35.496124,21.944273,34.492596,34.192913,20.938534,5.969094,60.590961,55.943851,56.564190,20.033751,72.180000,15.970775,73.152817
2008-10-28,2.988271,16.648754,37.880238,24.267784,39.069702,37.685509,22.324646,6.623519,67.671402,56.139801,55.740307,20.583078,73.790001,18.468168,73.136894
2008-10-29,3.127053,16.576672,36.310501,23.047949,38.960102,36.350460,23.084761,6.632321,67.180557,57.208145,55.459774,21.798254,74.000000,17.813745,73.057266
2008-10-30,3.321165,16.310005,35.743969,24.280697,39.168854,37.596111,23.870434,6.940462,69.504601,57.136929,54.957264,20.899357,72.709999,18.766516,73.152817
2008-10-31,3.217977,16.093798,36.198383,26.623552,38.683475,38.466293,24.400608,6.931658,69.887131,56.958866,54.244366,21.132406,71.339996,19.974297,73.073212
2008-11-03,3.199134,16.302809,36.092148,26.287945,38.772202,38.382835,24.918007,6.834816,70.089218,56.052860,54.391010,20.899357,71.099998,19.319885,73.052460
2008-11-04,3.319670,16.958658,36.522953,27.217348,40.442307,39.378181,26.987581,6.944866,72.470985,56.952908,55.411823,21.848190,75.480003,20.402571,73.084373
2008-11-05,3.089666,15.913614,35.319080,25.313360,38.459068,38.031193,25.805883,6.746774,69.425209,57.817158,56.068920,21.282223,72.800003,18.395992,73.116280
2008-11-06,2.964044,15.048745,34.180141,24.693760,36.512360,37.757034,24.017357,6.403421,65.578316,57.578804,55.664127,20.350033,72.220001,17.534655,73.227760
2008-11-07,2.938321,15.495592,35.537430,24.364605,38.816685,38.436481,24.560305,6.884707,67.743538,57.870823,55.300373,20.375000,72.500000,18.646217,73.227760
2008-11-10,2.867735,15.351446,35.413494,23.499731,38.853436,38.710644,23.895981,6.674877,66.855766,57.501274,55.570278,20.508169,73.580002,16.976475,73.211853
2008-11-11,2.834535,15.279368,35.142056,23.461012,38.134327,38.037170,23.551054,6.512005,64.791588,57.936420,55.734535,20.116983,72.050003,16.740692,73.211853
2008-11-12,2.695455,14.630727,34.180141,22.312166,36.181686,36.863029,22.407684,6.352064,61.940678,57.435696,56.092350,19.526041,70.000000,15.542517,73.227760
2008-11-13,2.884485,15.315412,37.118984,24.003164,39.583057,38.770252,25.173508,7.049043,65.802010,57.632435,54.748856,19.892260,72.150002,17.250753,73.227760
2008-11-14,2.699045,14.457751,35.437119,22.247623,38.674973,37.614002,23.608543,6.940462,62.518074,57.805279,55.834274,19.767412,73.300003,15.306734,73.227760
2008-11-17,2.636235,13.924417,34.976818,21.150410,38.517513,37.256382,22.803711,6.695420,61.688076,57.960217,56.080666,19.317963,72.650002,14.753364,73.259659
2008-11-18,2.689175,14.236422,35.932816,20.743792,40.065960,38.293442,23.116697,6.842155,62.850037,57.876793,56.802307,19.026655,72.510002,14.613826,73.179962
2008-11-19,2.580903,13.271368,34.298168,18.375103,38.538479,37.113350,21.634790,6.554555,58.822701,58.043732,58.257263,18.810251,72.260002,12.650555,73.164024
2008-11-20,2.407427,12.719900,32.934986,15.089915,35.961208,35.361095,20.976860,6.309510,54.456100,58.055607,61.266945,17.853094,73.449997,11.649672,73.211853
2008-11-21,2.469938,14.279964,34.720055,14.663939,39.793026,37.602085,22.145788,7.097467,57.393627,57.590679,60.381035,18.161051,78.849998,12.506197,73.195923
2008-11-24,2.780100,15.012829,35.172310,17.800686,41.362476,38.549740,23.212513,7.096001,61.370491,57.584763,59.436455,19.409515,80.910004,14.633064,73.211853
2008-11-25,2.715795,14.504898,34.928322,19.214153,41.000286,37.655727,23.806570,7.104142,61.825199,59.021240,61.184750,18.760315,80.870003,14.864039,73.227760
2008-11-26,2.841415,14.867705,34.672459,19.762753,42.459534,37.643787,25.122414,7.176710,64.214172,58.794765,61.266945,19.359577,80.379997,15.667628,73.259659
2008-11-28,2.771726,14.671789,34.856922,20.433989,42.071114,38.353043,26.182751,7.221136,65.022552,58.681492,62.023731,18.518944,80.309998,15.436662,73.036530
2008-12-01,2.659863,13.503560,32.923069,16.858368,39.005650,36.052467,23.365824,6.708731,59.262955,59.509228,64.398941,17.944645,75.650002,12.424392,73.237465
2008-12-02,2.765743,13.895386,33.815624,18.413826,40.737843,36.618671,24.272861,6.781300,61.543705,59.569050,64.646141,17.952972,76.949997,14.074882,73.301277
2008-12-03,2.868333,14.417828,34.107204,19.523952,41.430725,37.476913,25.326805,6.948643,63.023277,59.575008,64.828621,17.744896,76.180000,14.864039,73.189659
2008-12-04,2.734040,13.866365,33.428837,20.059647,40.034473,36.505424,23.966259,6.602104,61.565353,59.772572,66.106041,16.812706,75.500000,14.455026,73.157776
2008-12-05,2.811506,14.417828,34.648663,21.524752,40.207691,37.327911,24.438938,6.864229,63.463593,59.443371,65.034660,16.396547,74.519997,15.985214,73.157776
2008-12-08,2.982589,15.245020,34.969982,23.551373,41.782398,37.244465,27.096174,6.785740,65.679337,59.365570,64.893448,17.153952,76.199997,17.476910,73.173660
2008-12-09,2.992757,14.947520,34.398758,21.918453,41.047539,35.635262,27.070631,6.727983,64.596703,59.922195,66.176697,16.779413,76.330002,15.961159,73.141762
2008-12-10,2.937425,14.954775,34.392796,21.634474,42.029121,35.235935,27.894629,6.713174,65.036934,59.814445,66.017746,17.287125,79.750000,17.332558,73.189659
2008-12-11,2.841415,14.113072,34.660572,19.323868,42.002853,34.914085,26.955647,6.763525,63.470791,60.125648,66.147224,17.836449,80.650002,14.859232,73.109879
2008-12-12,2.939219,14.047767,34.065544,19.969294,42.228554,35.128651,26.878996,6.855347,64.228615,60.143627,66.147224,18.227636,80.809998,16.413479,73.141762
2008-12-15,2.833938,13.815573,34.398758,18.478371,41.966110,35.378971,26.962030,6.719096,63.333649,60.287300,66.900711,17.711918,82.599998,15.840864,73.125832
2008-12-16,2.854276,14.591969,35.463856,20.879332,43.640560,36.725945,27.977659,7.107107,66.314484,60.526661,68.554825,17.965549,84.459999,17.780064,73.173660
2008-12-17,2.666744,14.265450,34.975941,20.563076,42.548759,36.177620,28.520603,7.010845,65.672119,60.849899,70.415001,17.720369,85.430000,18.107269,73.125832
2008-12-18,2.674818,14.004228,35.100891,19.498131,40.417664,35.945183,26.930096,7.450690,64.445145,61.232910,71.892532,17.449831,83.870003,16.601145,73.077957
2008-12-19,2.691867,13.873618,35.011635,19.569130,39.378345,35.867699,27.268627,7.462539,64.167946,61.035439,71.969078,17.331470,82.629997,17.765625,73.125832
2008-12-22,2.564452,13.917156,35.065193,19.246416,39.320599,36.034576,26.687376,7.542507,63.345715,61.364540,71.415756,16.841118,83.459999,17.096773,73.221489
2008-12-23,2.583594,13.989715,34.916431,18.788166,39.420338,35.659084,26.272179,7.348503,62.690884,61.963039,71.321556,16.908752,82.629997,17.000542,73.141762
2008-12-24,2.543515,13.909904,34.845020,19.265783,39.777279,35.992851,26.770418,7.428471,63.054680,62.256329,71.168465,16.646669,83.459999,17.200708,73.221489
2008-12-26,2.566545,13.880876,34.845020,19.233509,40.517380,36.076302,27.287806,7.406260,63.418488,62.046795,71.403923,16.908752,85.599998,17.447853,73.221489
2008-12-29,2.590473,13.757524,34.601059,19.220598,40.953068,35.879627,27.045076,7.274457,63.236588,62.524986,71.318298,17.094748,86.349998,16.444475,72.963020
2008-12-30,2.580903,14.033244,35.208000,20.014471,41.252243,36.427956,27.888231,7.342580,64.735451,62.549068,71.997566,17.196201,85.900002,17.101860,73.218330
2008-12-31,2.552787,14.105811,35.600719,20.350084,41.903141,36.845146,28.533386,7.453652,65.659508,62.591084,70.491386,17.914822,86.519997,18.016264,73.058807
2009-01-02,2.714299,14.751611,36.088642,20.480734,42.853195,37.429230,29.964201,7.650619,67.638634,62.200642,68.719521,18.540447,86.230003,17.442904,73.074745
2009-01-05,2.828852,14.889475,35.731628,19.108829,42.847954,37.161045,29.434036,7.692085,67.558586,63.191730,66.947685,18.734898,84.480003,17.121632,73.074745
2009-01-06,2.782194,15.063619,35.517406,19.520407,42.149849,37.053749,29.255169,7.583974,68.009705,62.837383,66.274384,19.225250,85.129997,17.976730,73.090645
2009-01-07,2.722075,14.156602,35.184193,18.351009,41.073795,36.404099,27.894629,7.501041,65.972389,62.260712,66.534256,18.244545,82.750000,17.373711,73.202415
2009-01-08,2.772623,14.599223,35.118744,17.782646,41.514683,36.004780,28.118185,7.567684,66.241615,61.786182,66.481102,18.312178,84.459999,17.245201,73.122551
2009-01-09,2.709214,14.163871,35.136593,16.966024,40.716831,35.676964,27.594406,7.407741,64.822746,61.575947,66.581505,18.100819,83.919998,16.360445,73.170479
2009-01-12,2.651788,14.127580,34.714123,16.273537,40.176220,35.724663,26.310499,7.363312,63.265709,61.900280,67.272507,17.280746,80.760002,15.401562,73.138512
2009-01-13,2.623374,14.381543,35.011635,17.214272,40.900570,35.444546,26.444635,7.293705,63.382069,62.002388,67.343414,17.568193,80.879997,15.866176,73.234283
2009-01-14,2.552189,13.851858,34.482052,16.926830,39.420338,34.484955,25.135160,7.157462,61.388454,61.918331,68.453773,17.323017,79.790001,15.035795,73.250221
2009-01-15,2.493865,13.960692,34.285690,15.901156,40.239193,34.246563,25.432178,7.173750,61.410275,61.912285,68.565994,17.306105,80.389999,15.530073,73.266174
2009-01-16,2.462460,14.301723,34.178596,14.908155,40.995045,34.407490,25.535494,7.379602,61.890495,62.230671,67.508743,17.382195,82.709999,16.118254,73.218330
2009-01-20,2.338933,13.409227,33.768028,11.818079,40.044975,34.228691,24.741331,7.375163,58.623520,61.906277,67.496948,16.841118,84.519997,14.314155,73.090645
2009-01-21,2.477414,14.062278,33.535954,14.784034,41.603939,34.552773,25.535494,7.258164,61.155621,61.581951,65.364769,16.908752,84.150002,15.811807,73.218330
2009-01-22,2.642814,12.415150,33.839413,15.091073,41.063309,34.186661,24.037567,7.204850,60.209717,61.317627,64.106743,16.688936,84.580002,14.946829,73.234283
2009-01-23,2.642814,12.480451,33.303905,15.861966,40.963551,33.610485,23.023905,7.101183,60.471645,61.221539,63.604717,17.466742,88.529999,15.401562,73.218330
2009-01-26,2.681100,12.792464,33.649014,16.005688,41.257500,33.832565,21.093405,7.247797,60.886398,61.161503,63.049500,17.500559,88.949997,15.312590,73.202415
2009-01-27,2.713701,12.814234,34.238106,16.371527,41.425449,34.030605,20.867430,7.520295,61.504879,61.473827,64.532005,17.027113,88.379997,15.530073,73.170479
2009-01-28,2.817487,13.089968,34.845020,18.070091,41.598682,34.918892,21.306475,7.623960,63.585846,61.509823,62.919617,17.432920,87.419998,16.874496,73.138512
2009-01-29,2.781596,12.763442,34.678406,16.613243,40.417664,34.942898,20.563971,7.578053,61.519417,60.963177,61.472565,17.221565,89.500000,15.495472,73.138512
2009-01-30,2.695756,12.407894,34.327354,16.665518,40.144703,32.710209,19.918322,7.634326,60.267937,61.347679,61.277668,17.120110,91.309998,14.857851,73.202415
2009-02-02,2.737030,12.937589,34.327354,16.462996,40.254951,31.839935,19.556763,7.532139,60.086029,61.242729,62.417706,16.790392,88.839996,15.218676,73.247055
2009-02-03,2.780997,13.423747,34.856922,15.711701,41.005543,32.356091,19.363062,7.730590,60.930054,60.971489,60.931221,16.595938,88.470001,15.065451,73.183243
2009-02-04,2.798045,13.518072,34.488018,15.705173,40.764072,31.521830,19.756907,7.841661,60.631737,60.887112,60.717995,16.688936,89.180000,14.699695,73.231102
2009-02-05,2.885082,13.815573,34.577271,16.031818,41.876873,32.001987,20.409021,7.806118,61.533974,60.694202,60.771244,17.060932,90.120003,14.388298,73.199158
2009-02-06,2.982589,14.265450,34.815281,18.050493,42.383339,32.410110,21.487253,7.754284,63.287521,60.856964,60.581734,17.187746,89.589996,15.386734,73.087479
2009-02-09,3.066035,14.105811,34.809338,17.821838,41.929642,31.773930,21.125700,7.709855,63.374832,60.863022,60.777176,17.094748,88.320000,15.614096,73.183243
2009-02-10,2.926060,13.641422,33.756126,16.084082,40.167618,30.879633,19.963522,7.480309,60.471645,61.236713,62.097900,16.874931,90.209999,14.225190,73.167213
2009-02-11,2.895850,13.938928,34.113140,17.044426,39.344650,30.705591,20.099108,7.526219,60.828182,61.224670,62.903370,16.773481,92.290001,14.497040,73.151276
2009-02-12,2.969130,13.975211,34.380905,17.109751,39.682274,30.777605,20.028084,7.496598,60.871853,61.550278,62.311111,16.798845,93.169998,14.249901,73.151276
2009-02-13,2.965840,13.851858,33.976273,16.129810,39.349918,30.663567,19.976433,7.539547,60.217003,61.363346,60.652798,16.494488,92.550003,13.375038,73.215179
2009-02-17,2.827358,13.216246,33.309841,14.143803,37.603722,30.075380,18.710960,7.228546,57.641254,61.411530,62.542053,15.572962,95.449997,12.426034,73.215179
2009-02-18,2.822571,13.238162,33.220592,14.052338,37.951908,30.579546,18.362310,7.167828,57.503017,61.284927,62.009045,15.479961,96.910004,12.603970,73.231102
2009-02-19,2.711009,13.084739,33.280094,13.457840,38.067966,30.687588,17.445486,7.388489,56.884556,61.188538,60.954849,15.860409,95.769997,12.060269,73.231102
2009-02-20,2.727759,13.150492,32.788124,13.000534,37.577351,30.159405,17.213047,7.255199,56.331554,60.875034,61.547134,15.682867,97.800003,12.821450,73.231102
2009-02-23,2.600643,12.573333,32.188152,12.745753,36.559193,29.349155,16.218748,7.089333,54.316063,61.188538,62.115700,15.530689,97.730003,11.857619,73.215179
2009-02-24,2.699345,12.544107,32.722130,13.732225,38.031040,29.871323,16.812738,7.271494,56.375221,61.067928,62.050499,15.826590,94.730003,12.860994,73.167213
2009-02-25,2.726562,12.390690,32.374142,14.196065,38.009945,29.961344,16.160645,7.091003,55.931370,61.013706,61.333897,16.012590,93.150002,12.613858,73.135300
2009-02-26,2.667641,11.996168,31.462193,15.058409,37.429634,29.391172,15.644114,6.874177,55.021862,60.694202,60.688328,16.350763,93.059998,11.966357,73.151276
2009-02-27,2.671229,11.798910,29.998280,14.927745,35.820625,28.911011,15.889465,6.778475,53.792183,60.700245,60.338905,16.156317,92.629997,11.808192,73.199158
2009-03-02,2.630253,11.535904,28.750362,13.823684,34.243252,28.130775,14.314077,6.642396,51.369247,60.904064,61.337875,15.344691,90.930000,11.071720,73.242279
2009-03-03,2.643114,11.601660,28.582361,13.725695,33.953091,27.986750,14.507775,6.474917,50.983612,60.825417,60.928051,15.446147,90.040001,11.116211,73.226372
2009-03-04,2.726861,11.777001,29.458311,12.608557,34.649456,28.394861,16.425352,6.672304,52.191463,60.541130,60.648907,15.987226,88.989998,11.294145,73.226372
2009-03-05,2.657172,11.156002,28.600361,10.844668,32.824139,27.248493,15.166331,6.410614,50.059559,60.740753,62.335590,15.851954,91.989998,10.597226,73.242279
2009-03-06,2.551292,11.163311,28.780350,10.406962,33.778996,27.434549,14.998466,6.403138,50.146889,60.904064,61.919861,16.232401,92.290001,10.453883,73.226372
2009-03-09,2.485790,11.068326,27.958405,10.387361,34.063892,26.516273,15.443967,6.247618,49.557507,60.486748,61.557617,16.139406,90.570000,10.686193,73.226372
2009-03-10,2.650891,12.040006,28.666363,12.739219,35.551563,27.110460,17.116207,6.489872,52.511570,60.625786,60.375710,16.097132,88.139999,12.173954,73.226372
2009-03-11,2.772025,12.500275,28.738363,13.327186,34.696934,27.050453,16.987070,6.543703,52.853584,60.770966,61.029018,15.589870,89.220001,11.976247,73.226372
2009-03-12,2.881792,12.427214,29.398331,15.156402,35.424969,27.476582,17.445486,6.660341,54.934551,60.825417,61.320011,16.316944,91.099998,12.954906,73.194420
2009-03-13,2.869231,12.164204,30.382271,15.515716,35.451332,28.178791,17.290524,6.760529,55.363831,60.885895,61.011196,16.173220,91.300003,12.678106,73.178406
2009-03-16,2.853977,11.871971,30.436251,15.084547,35.329998,28.700949,17.058086,6.975861,55.196495,60.698410,60.049088,16.528305,90.800003,11.679677,73.162445
2009-03-17,2.980795,12.346851,30.430264,16.423788,36.448383,28.796991,17.322809,7.206143,56.884556,60.517006,59.722439,16.883390,90.040001,12.564428,73.210342
2009-03-18,3.036425,12.390690,30.394260,17.710779,36.490601,28.821003,17.736023,7.466341,58.157860,61.478634,61.985218,17.094748,93.089996,13.251474,73.226372
2009-03-19,3.039417,12.522193,30.034281,16.299673,36.047478,27.794670,18.342941,7.463348,57.437534,61.629780,62.062424,17.449831,94.349998,12.440862,73.178406
2009-03-20,3.038520,12.463741,31.000214,15.123738,34.865761,27.362543,17.477768,7.379608,56.214458,61.285065,61.717953,17.686556,93.589996,11.368288,73.210342
2009-03-23,3.220071,13.391585,31.936174,18.854044,37.208080,28.652943,19.130632,7.611387,60.252274,61.285065,61.183430,18.058548,92.080002,13.206983,73.226372
2009-03-24,3.185375,13.099345,31.618187,17.246944,36.601383,28.250813,18.982132,7.641296,59.065125,60.867744,61.765442,17.762644,90.949997,12.188783,73.210342
2009-03-25,3.185076,13.062825,31.714178,18.658058,37.012882,28.845001,18.665758,7.734008,59.688019,60.601635,60.933998,17.492105,91.980003,12.389394,73.242279
2009-03-26,3.286172,13.756871,31.738190,19.010838,37.577351,29.265125,19.873127,7.741488,60.904476,60.722584,61.640705,17.796459,91.930000,12.666615,73.226372
2009-03-27,3.195844,13.245471,31.696178,17.900236,36.917931,29.151091,19.595495,7.550076,59.805252,60.770966,62.098045,17.466742,90.690002,12.102088,73.242279
2009-03-30,3.125258,12.770593,31.804173,16.234335,36.205734,28.376858,17.774769,7.400545,57.738731,61.055248,62.335590,16.832663,89.980003,11.441788,73.226372
2009-03-31,3.144101,13.420805,31.558191,17.364538,35.926125,28.262823,18.052402,7.585965,58.273682,61.369751,62.781029,16.908752,90.279999,12.238181,73.194420
2009-04-01,3.250879,14.107557,31.822180,18.383673,36.522255,28.935028,18.717417,7.651763,59.402245,61.340015,63.353977,16.866480,91.029999,12.172652,73.207169
2009-04-02,3.371114,14.092947,31.780172,18.429489,37.060360,29.661253,20.363823,7.690643,61.138985,61.145802,62.579685,17.517467,88.800003,13.054728,73.159241
2009-04-03,3.469217,13.698427,31.288216,19.162477,37.160595,29.787300,20.757677,7.905973,61.747227,60.945530,61.299141,17.788010,87.589996,14.178745,73.207169
2009-04-06,3.542795,13.705731,31.318207,18.455667,36.954845,29.799295,20.215322,7.710086,61.263557,60.933372,61.037125,17.568193,85.269997,14.017453,73.191177
2009-04-07,3.439608,13.705731,30.814245,17.833929,36.247932,29.217113,19.014420,7.739991,59.834583,60.836224,61.191925,17.255383,86.739998,12.969044,73.191177
2009-04-08,3.479089,14.019884,30.868223,17.951735,36.379826,29.091087,19.091892,7.868592,60.479446,61.036522,61.733952,17.382195,86.610001,13.160577,73.223106
2009-04-09,3.576294,14.370564,30.844242,21.433437,36.844074,29.523218,20.996555,7.823727,62.883118,60.945530,60.959679,17.635828,86.309998,14.924735,73.175224
2009-04-13,3.595736,14.312113,30.688246,22.055166,35.883923,28.832998,21.409779,7.563536,62.897755,61.388493,61.519581,17.711918,87.879997,14.970094,73.223106
2009-04-14,3.538608,14.136779,30.820225,20.091806,35.715115,28.358845,21.112774,7.506716,61.813168,61.376419,61.841145,17.390652,87.370003,13.699904,73.191177
2009-04-15,3.518569,13.756871,31.060211,21.309099,35.947235,29.259121,21.319382,7.557558,62.472736,61.546375,61.733952,17.280746,87.500000,14.889441,73.191177
2009-04-16,3.632525,14.436313,31.318207,21.754120,35.562119,30.267448,21.391323,7.571012,63.388744,61.437111,61.245594,17.204657,85.809998,15.388456,73.239105
2009-04-17,3.691447,14.027196,31.828176,21.767212,35.213936,31.005692,21.116659,7.623348,63.813782,61.097252,60.572575,17.077841,85.220001,15.665673,73.159241
2009-04-20,3.604111,13.596148,31.480206,19.430805,34.443710,30.447500,19.932978,7.557558,61.138985,61.449203,61.489773,16.435308,86.949997,14.052737,73.191177
2009-04-21,3.641795,13.859160,31.474195,21.289455,34.939610,30.831608,20.528088,7.611387,62.333477,61.255005,60.882240,16.494488,86.889999,15.297719,73.175224
2009-04-22,3.634319,13.720347,30.706251,20.877155,34.158844,30.026476,21.221294,7.529145,61.952415,61.418907,60.512936,16.519854,87.379997,14.763437,73.223106
2009-04-23,3.750668,13.822628,30.838234,21.734484,34.665279,29.856974,21.221294,7.566527,62.560650,61.497780,60.507011,16.739662,88.800003,15.428774,73.254990
2009-04-24,3.705803,15.276480,30.550245,21.845747,35.118984,29.971979,21.992975,7.554565,63.505993,61.564537,59.899494,16.993296,89.720001,16.159639,73.254990
2009-04-27,3.730628,14.903884,30.514252,21.453077,34.886864,30.250467,21.836025,7.668212,62.905079,61.661667,60.155647,16.570578,89.010002,15.191877,73.239105
2009-04-28,3.705803,14.560520,30.388264,21.459625,35.388035,30.080952,21.437101,8.115322,62.707214,61.643414,59.172878,16.452215,87.750000,15.393497,73.254990
2009-04-29,3.742891,14.794296,30.616262,22.565645,36.105503,30.522888,22.032206,8.054018,64.040955,61.388493,58.648750,16.832663,88.330002,16.063868,73.239105
2009-04-30,3.763531,14.801610,31.414198,21.597050,35.171719,29.929617,23.268217,8.043547,64.062912,61.685925,58.416492,16.891844,87.269997,15.993301,73.239105
2009-05-01,3.805702,14.787001,31.552185,21.263281,35.878632,29.965946,24.366877,8.381504,64.407341,61.447929,58.014420,17.399105,86.949997,15.469103,73.262985
2009-05-04,3.950163,14.750465,32.254158,23.422985,35.978882,30.867937,25.164715,8.613280,66.598488,61.496571,58.205570,17.737280,88.639999,16.744324,73.167221
2009-05-05,3.969308,14.458239,32.614132,22.788158,35.688725,30.141508,25.772919,8.667111,66.371315,61.624458,58.133904,17.483648,88.250000,16.119314,73.183212
2009-05-06,3.963027,14.458239,32.524143,24.358858,36.179344,30.777136,26.158752,8.495148,67.521843,61.764492,57.996506,17.948639,89.540001,16.734245,73.167221
2009-05-07,3.860138,14.114866,32.932110,23.063038,36.364002,31.079821,24.798498,8.424867,66.583801,61.490471,56.580662,17.982460,89.440002,15.776562,73.167221
2009-05-08,3.864026,14.187915,32.986115,25.484529,37.350510,31.219055,25.923323,8.547483,68.137428,61.606186,56.718029,18.430538,89.980003,16.830013,73.183212
2009-05-11,3.875391,14.114866,32.464123,23.449162,36.761444,30.492626,25.132036,8.540009,66.862282,61.648815,57.524548,18.278360,89.690002,16.189878,73.167221
2009-05-12,3.721358,14.531292,32.998104,23.141571,37.584023,30.837675,24.890055,8.652161,66.664421,61.989792,57.733547,18.464357,90.699997,16.144518,73.231087
2009-05-13,3.573901,14.429020,33.088089,22.284229,37.026798,30.849770,23.595200,8.300748,64.986313,62.044586,58.360909,18.252998,91.089996,15.086025,73.183212
2009-05-14,3.677389,14.655489,33.010113,23.259365,37.021469,30.752911,23.588657,8.230469,65.543198,62.081089,58.587955,18.371361,91.029999,15.443896,73.199165
2009-05-15,3.661539,14.772387,33.244091,22.847069,36.676537,30.674225,23.372839,8.140747,65.008278,62.221134,58.570030,17.906370,91.550003,14.924735,73.199165
2009-05-18,3.788055,15.050007,33.628078,24.385031,37.414181,31.794155,24.706945,8.131774,66.854942,62.038460,57.661953,18.379812,90.360001,16.124352,73.247093
2009-05-19,3.811980,14.932375,33.532082,23.436083,37.424816,32.054466,24.635006,8.324677,66.774345,62.093288,57.357281,18.379812,90.959999,15.816887,73.231087
2009-05-20,3.764725,14.983835,33.520092,22.611465,36.941868,32.702206,24.393040,8.062988,66.327354,62.282036,57.960629,18.675718,92.250000,15.690881,73.167221
2009-05-21,3.714177,14.572110,33.284031,22.840517,36.294422,32.096844,23.242064,7.934386,65.374710,62.087170,56.502956,18.523537,93.849998,15.736238,73.215149
2009-05-22,3.663928,14.520645,33.150864,22.519836,36.527935,32.102890,22.437670,8.001680,65.235443,61.922832,55.875629,18.794077,94.150002,15.348125,73.231087
2009-05-26,3.911581,14.954429,33.447441,23.913832,37.048023,32.556927,22.888908,8.221494,66.906265,61.782734,55.033329,18.836349,93.760002,16.260447,73.247093
2009-05-27,3.979476,14.800035,32.817966,22.683449,36.246662,31.346195,22.921610,8.127288,65.711746,61.441788,54.059605,18.920891,93.449997,15.670716,73.247093
2009-05-28,4.039895,15.035305,33.005592,23.985823,36.740211,31.836540,22.620785,8.296268,66.627769,61.466129,54.842182,19.267523,94.239998,15.887452,73.231087
2009-05-29,4.062027,15.358806,33.386921,24.149429,36.803886,31.443047,23.189735,8.453276,67.807648,62.123718,56.258007,19.639515,96.199997,16.411663,73.247093
2009-06-01,4.167908,15.733765,33.762188,23.632402,38.082874,32.302666,24.556524,8.703004,69.449142,61.352943,54.594814,20.180595,95.730003,17.253416,73.189568
2009-06-02,4.172094,15.733765,34.022453,22.578739,38.698490,32.514553,24.491138,8.626741,69.507774,61.774372,54.888531,20.265139,96.360001,16.895548,73.189568
2009-06-03,4.215762,15.976389,33.992207,22.238422,38.252674,32.575096,23.974499,8.413096,68.628380,61.945358,55.403885,19.588789,94.410004,16.865305,73.221535
2009-06-04,4.299212,16.049911,33.798504,23.135019,38.730328,32.296619,24.863916,8.379927,69.273262,61.432373,54.259209,20.307413,96.230003,17.404623,73.221535
2009-06-05,4.327026,16.277826,33.852982,22.611465,38.725033,32.193703,25.158190,8.304535,69.287933,61.114777,53.845608,20.197502,93.709999,17.359253,73.205559
2009-06-08,4.302501,16.211660,33.671406,23.161211,38.831142,32.169495,25.223581,8.348264,69.002098,60.949871,53.707748,20.146778,93.559998,17.041712,73.221535
2009-06-09,4.268703,16.233715,33.713772,23.076126,38.804653,31.727575,25.007776,8.300016,69.353882,61.224709,53.701809,20.341228,93.830002,17.041712,73.205559
2009-06-10,4.194827,16.579275,33.689548,22.801249,39.186729,31.527792,24.602308,8.325646,69.178017,61.053726,52.856716,20.265139,93.860001,16.744324,73.221535
2009-06-11,4.185853,16.785135,33.925606,22.866701,39.298172,31.485430,24.595772,8.521651,69.485779,61.267487,53.444088,20.451138,93.699997,16.401579,73.173645
2009-06-12,4.096723,17.152750,33.931671,22.991045,39.154877,31.812313,24.674242,8.652822,69.676308,61.566719,53.923565,20.163687,92.169998,16.996357,73.237465
2009-06-15,4.070400,17.218916,33.138748,22.251507,38.640095,31.073780,23.621355,8.517126,68.078781,61.798889,54.409016,19.774786,91.099998,16.189878,73.237465
2009-06-16,4.078177,17.240978,33.060074,21.924278,38.013893,30.329159,23.255135,8.556331,67.155411,61.884369,55.355984,19.698694,91.930000,15.892497,73.253479
2009-06-17,4.055148,17.410070,33.411144,21.420353,37.902439,30.274666,22.758108,8.550296,67.089478,62.006413,55.044327,19.757875,92.349998,15.590072,73.253479
2009-06-18,4.064120,17.277735,33.768234,22.362772,37.913040,30.976892,22.287252,8.707100,67.580460,61.603432,54.211292,19.783239,91.610001,15.695913,73.237465
2009-06-19,4.171795,17.696800,33.949821,22.905962,37.706081,30.656065,22.006056,8.601562,67.829552,61.829353,54.954456,19.614153,91.900002,15.852171,73.253479
2009-06-22,4.108686,17.115978,33.586670,21.511976,36.533226,30.607634,21.162437,8.622671,65.795540,61.920952,55.487850,18.954710,90.540001,15.025540,73.253479
2009-06-23,4.008189,17.160093,33.296120,21.970097,36.591625,30.601570,21.580980,8.583469,65.847107,62.122494,56.141151,19.284431,90.919998,15.136428,73.253479
2009-06-24,4.074291,17.255678,33.568489,21.898113,36.326252,30.601570,21.842562,8.661865,66.414619,61.957573,55.577732,19.275976,91.449997,15.466874,73.253479
2009-06-25,4.183161,17.490950,34.058781,22.343138,37.085159,31.285648,22.555395,8.669410,67.859016,62.244671,56.596661,19.445065,92.309998,15.671802,73.253479
2009-06-26,4.260329,17.167448,34.258526,22.546011,36.644688,31.328028,22.601168,8.547282,67.682167,62.427856,56.692524,19.284431,92.290001,15.804998,73.253479
2009-06-29,4.246269,17.542416,34.476402,22.644188,37.456661,31.618599,22.718884,8.687500,68.315964,62.372906,56.776443,19.470428,92.040001,15.794756,73.253479
2009-06-30,4.260028,17.476246,34.379555,22.323496,37.101105,30.934532,21.607132,8.572915,67.763206,62.385109,56.680553,19.123798,91.180000,15.886978,73.237465
2009-07-01,4.271992,17.674751,34.542988,22.133432,37.446041,31.479362,21.705227,8.587988,68.043243,62.361774,56.568146,19.047710,92.389999,16.163624,73.239075
2009-07-02,4.187947,17.182154,33.883236,21.150305,36.347492,30.940594,20.756979,8.337708,66.186150,62.508858,56.700397,18.624990,91.250000,15.308060,73.255081
2009-07-06,4.145773,17.057161,34.270626,21.366590,36.140514,31.582279,20.730816,8.399526,66.178787,62.459866,56.592171,18.067001,90.760002,15.692293,73.239075
2009-07-07,4.049763,16.564569,34.034557,21.504232,35.323246,31.424881,19.808722,8.209549,64.896477,62.662064,56.970993,17.779552,90.709999,15.082639,73.239075
2009-07-08,4.104201,16.586618,34.549061,21.438684,35.164021,31.866802,19.998375,8.162810,64.852249,63.005219,58.023258,17.559742,89.269997,14.939179,73.255081
2009-07-09,4.078476,16.498400,34.312992,22.035122,35.010136,31.727575,20.044147,8.212567,64.977524,62.827534,57.331699,17.669643,89.510002,14.657413,73.239075
2009-07-10,4.143082,16.461630,34.458267,21.196188,34.559036,31.612551,19.965675,8.186934,64.822723,63.042015,57.860855,17.534376,89.580002,14.636916,73.239075
2009-07-13,4.257339,17.079216,34.936420,22.749521,34.866856,32.072639,20.796217,8.330169,66.399841,63.011326,57.536190,17.627377,90.190002,15.190226,73.255081
2009-07-14,4.255245,16.990995,35.245106,22.742964,35.142818,32.411655,20.881229,8.482449,66.775688,62.821430,56.580147,17.627377,90.809998,15.374657,73.255081
2009-07-15,4.393127,17.733578,35.686970,23.765419,36.320969,33.083614,22.130310,8.655836,68.728638,62.410851,55.125084,18.092365,92.239998,15.943326,73.223152
2009-07-16,4.412268,17.968840,35.862492,23.680223,36.331581,33.422611,22.613707,8.649808,68.618088,62.606930,55.720329,18.134636,91.980003,16.127766,73.255081
2009-07-17,4.538786,17.858557,35.850388,24.178322,36.363407,33.852432,22.507759,8.566882,69.369781,62.606930,54.860523,18.405176,91.930000,15.697417,73.255081
2009-07-20,4.573482,18.035015,35.747494,24.237314,36.586308,33.634495,24.269165,8.752325,70.106720,62.680470,55.149120,18.709534,93.279999,16.250713,73.223152
2009-07-21,4.531607,18.255587,36.007755,24.211105,37.398289,33.592113,26.129913,8.853351,70.431000,63.115517,56.249481,18.641897,93.129997,16.204611,73.223152
2009-07-22,4.688035,18.233524,35.826180,24.139009,37.143543,33.482269,25.600168,8.814150,70.416283,62.901062,55.744370,18.743351,93.440002,16.225098,73.239075
2009-07-23,4.720338,18.792294,36.449608,25.004156,38.003265,33.659241,27.321861,9.022215,71.971260,62.741783,54.722164,19.132254,93.260002,16.870628,73.223152
2009-07-24,4.785242,17.240978,37.230412,24.853415,38.364140,34.074181,27.811872,9.053875,72.266060,62.741783,54.986748,19.149162,93.410004,16.988464,73.207161
2009-07-27,4.788531,16.990995,37.085148,24.991060,38.608265,34.037582,28.381363,9.052370,72.479744,62.551769,54.355434,19.225250,93.709999,17.234362,73.207161
2009-07-28,4.785540,17.255678,36.873295,24.958269,38.151871,33.994858,28.407845,8.607594,72.140732,62.668186,54.836414,19.013891,92.110001,17.218998,73.223152
2009-07-29,4.786438,17.498299,37.018555,24.755095,37.907742,34.245029,27.699303,8.631716,71.963882,62.778484,55.137081,18.523537,91.199997,17.003822,73.223152
2009-07-30,4.868988,17.505651,37.399895,25.213884,37.530941,34.312157,28.745562,8.675436,72.715599,62.858147,55.918736,19.098438,91.620003,17.613485,73.239075
2009-07-31,4.886935,17.292437,36.855141,25.331865,37.355812,33.872814,29.175982,8.544268,72.818741,63.176792,57.007008,19.478882,93.349998,17.598124,73.191170
2009-08-03,4.977861,17.520359,36.982246,25.954514,37.493805,33.933842,29.877892,8.595528,74.019966,63.044025,56.143089,20.028416,93.870003,17.915756,73.210358
2009-08-04,4.951540,17.476246,36.958046,26.354309,37.467270,33.842312,31.712164,8.505068,74.211594,62.853470,55.696640,20.036871,94.680000,18.894281,73.226341
2009-08-05,4.938379,17.505651,36.588821,27.383320,37.164776,32.896473,30.884420,8.514116,73.997894,62.798130,54.864105,20.248230,94.779999,19.616646,73.210358
2009-08-06,4.902487,17.248327,36.274078,26.708237,37.005558,31.401463,31.215521,8.592516,73.614662,62.828911,55.051151,19.783239,94.599998,19.468075,73.210358
2009-08-07,4.950342,17.321842,36.255917,27.763458,36.867569,31.749279,31.639328,8.566882,74.580078,62.453876,54.592659,19.690243,93.750000,20.554182,73.210358
2009-08-10,4.926714,17.218916,36.752247,27.979744,36.713673,31.834719,31.222147,8.630208,74.425323,62.939537,55.274399,19.681786,92.930000,20.113594,73.210358
2009-08-11,4.870185,17.005701,36.449608,27.029396,36.377285,31.688269,30.646029,8.666391,73.496750,63.160839,55.913872,19.385883,92.790001,19.529554,73.210358
2009-08-12,4.944360,17.299784,36.673550,27.665159,36.900562,31.779781,31.506905,8.725195,74.285309,63.130135,55.316605,19.487335,92.949997,19.673002,73.242287
2009-08-13,5.037381,17.365959,36.510128,28.117393,36.708340,31.914043,31.235388,8.601562,74.852760,63.289921,56.100903,19.749424,93.720001,19.775471,73.210358
2009-08-14,4.988327,17.417427,36.364868,27.822447,36.420006,31.956764,30.460625,8.566882,74.277924,63.400570,56.318081,19.191435,93.000000,19.611528,73.242287
2009-08-17,4.773279,17.093925,36.207504,26.695135,35.533665,31.859129,29.103144,8.506574,72.450264,63.664951,57.150642,18.903984,91.610001,18.566397,73.210358
2009-08-18,4.905181,17.434031,36.195396,27.330883,35.501629,32.005554,29.871284,8.589498,73.025085,63.455921,56.818790,19.275976,92.059998,18.750832,73.242287
2009-08-19,4.923125,17.485786,36.540394,27.140810,36.307877,32.219151,29.911005,8.619655,73.666260,63.585007,57.289413,19.411247,92.529999,18.602261,73.210358
2009-08-20,4.974868,17.500578,36.891460,27.802786,36.622917,32.353382,30.129545,8.645284,74.425323,63.689507,57.759937,19.250614,92.269997,19.345119,73.226341
2009-08-21,5.061306,18.047701,37.239250,28.615509,37.333046,32.695114,31.321461,8.749321,75.884514,63.320679,56.571507,19.394337,93.650002,19.852322,73.210358
2009-08-24,5.056522,18.217747,37.391808,28.189486,38.069885,32.548649,31.493641,8.770421,75.877090,63.578865,57.597111,19.428156,92.339996,19.785707,73.210358
2009-08-25,5.066691,18.217747,37.306381,28.563068,37.738842,32.585270,31.672445,8.717658,76.024498,63.683361,57.922871,19.149162,92.760002,20.006008,73.210358
2009-08-26,5.007174,18.151199,36.995171,28.379551,38.107250,32.560848,31.288361,8.585856,76.031883,63.775585,58.188332,19.098438,92.790001,20.067488,73.226341
2009-08-27,5.068189,18.254719,36.909775,28.477859,37.834938,32.377792,31.175793,8.569136,76.201355,63.726395,57.959026,19.259069,93.190002,20.262173,73.226341
2009-08-28,5.086133,18.247322,36.787735,28.130493,37.439842,32.457123,30.930792,8.573698,76.186653,63.683361,58.224518,19.216799,93.870003,20.441486,73.242287
2009-08-31,5.031098,18.225142,36.879253,28.484417,36.921906,33.018509,30.003717,8.540252,75.508644,63.947731,58.278831,18.692623,93.400002,20.118723,73.242287
2009-09-01,4.944062,17.744560,36.574165,27.311234,36.526791,32.353382,29.030304,8.509849,73.843117,63.837971,58.137806,18.405176,93.900002,19.042850,73.197556
2009-09-02,4.940472,17.641054,36.464321,26.780336,36.403992,32.219151,28.811787,8.432323,73.563103,64.177124,58.985130,18.447449,96.190002,18.658609,73.261490
2009-09-03,4.981450,17.825895,36.421616,27.599600,36.446701,32.261860,29.824923,8.424722,74.174728,64.059967,58.621998,18.354450,97.459999,19.032604,73.261490
2009-09-04,5.093909,18.202963,36.806038,27.750353,36.937931,32.255772,30.533457,8.380639,75.213875,63.936619,57.623363,18.278360,97.529999,19.252913,73.261490
2009-09-08,5.172273,18.350838,36.958588,27.881435,37.722816,33.073433,31.102949,8.284868,75.862381,63.844105,57.217854,18.616535,97.430000,19.924040,73.261490
2009-09-09,5.118736,18.321255,37.172127,28.091160,37.642723,32.804943,32.056496,8.217980,76.444611,63.967430,57.151291,18.692623,97.080002,20.313396,73.213577
2009-09-10,5.161206,18.483913,37.013493,28.196030,37.722816,34.196236,32.241909,8.227102,77.225754,64.294296,58.204376,18.794077,97.699997,20.615669,73.229507
2009-09-11,5.149241,18.380404,36.867050,27.855234,37.365086,33.952141,32.135960,8.120687,77.211006,64.288124,58.525116,18.548901,98.779999,20.579809,73.213577
2009-09-14,5.195901,18.483913,36.818245,28.674484,37.375759,33.744682,32.294888,8.351753,77.586868,64.195595,57.944122,18.447449,97.959999,21.189463,73.213577
2009-09-15,5.238970,18.631788,36.702293,28.307461,37.103447,33.579922,34.235104,8.265103,77.911118,64.097000,57.647560,18.878622,98.900002,21.527586,73.213577
2009-09-16,5.439663,18.631788,36.726700,29.264368,37.557297,33.750759,34.844299,8.383676,79.090263,64.146286,57.750469,19.123798,99.910004,22.403656,73.213577
2009-09-17,5.519823,18.705723,37.080608,29.467537,37.290325,33.885025,35.685276,8.353270,78.972351,64.448494,58.476746,19.132254,99.339996,22.306313,73.229507
2009-09-18,5.533881,18.676147,37.086712,29.460995,37.370415,34.977299,35.374046,8.365433,79.022682,64.288124,57.956234,18.963165,98.669998,22.337059,73.213577
2009-09-21,5.503971,18.705723,37.019588,29.198824,37.146152,34.843048,34.738354,8.356313,78.822792,64.238823,58.089405,18.548901,98.360001,21.988674,73.261490
2009-09-22,5.517728,19.053221,37.269764,30.457220,37.284992,34.928467,35.983269,8.254463,79.281868,64.195595,58.210445,18.853260,99.669998,22.685431,73.213577
2009-09-23,5.548238,19.008863,37.080608,29.533092,36.841824,34.934574,35.188648,8.189092,78.622856,64.355965,58.385933,18.430538,98.830002,21.865726,73.245483
2009-09-24,5.497988,19.178911,37.050102,29.080853,36.804440,35.294613,34.334438,8.199734,77.756493,64.436211,58.555408,18.193817,97.550003,21.067413,73.213577
2009-09-25,5.454618,18.890562,36.989086,28.608953,36.681625,35.398350,33.904007,8.268145,77.341812,64.627365,59.299820,18.050095,97.000000,21.134672,73.245483
2009-09-28,5.567678,19.097582,37.385708,29.369234,37.156845,35.489883,34.552944,8.354793,78.726509,64.621201,59.820351,18.210726,97.050003,22.009037,73.261490
2009-09-29,5.544645,19.038437,37.178238,29.415131,36.879196,35.337334,34.168873,8.382155,78.489563,64.590378,59.765877,18.143089,97.430000,21.652054,73.261490
2009-09-30,5.543749,19.016260,37.153824,28.720373,36.633579,35.343414,33.990089,8.395832,78.185974,64.707535,59.711376,18.650352,98.849998,21.445097,73.261490
2009-10-01,5.409456,18.395197,36.494846,27.114599,35.918106,34.550152,32.745186,8.170855,76.245949,64.857262,60.529179,18.531994,97.889999,20.482790,73.216721
2009-10-02,5.530290,18.454336,36.446026,27.468952,35.549683,34.629478,32.334610,8.091803,75.890503,64.733551,60.110245,18.345997,98.370003,20.337925,73.216721
2009-10-05,5.563788,18.217747,36.500950,28.742001,36.083637,34.586754,33.606026,8.125249,77.023460,64.776833,60.116325,18.937799,99.820000,20.896683,73.248627
2009-10-06,5.683129,18.565252,36.787735,29.470387,36.660301,34.800343,34.235104,8.192136,78.126755,64.683990,59.521336,18.709534,102.279999,20.839769,73.216721
2009-10-07,5.690309,18.557852,37.044010,29.988792,36.665627,34.751514,34.367542,8.040122,78.341461,64.943848,60.219536,18.743351,102.360001,20.824265,73.248627
2009-10-08,5.660996,18.979286,37.184357,29.726315,36.868511,35.178677,35.155537,8.056841,78.941261,64.900597,59.588158,19.115345,103.639999,21.222641,73.216721
2009-10-09,5.696887,18.890562,37.672493,30.087225,36.985977,35.123745,35.519737,8.072041,79.422585,64.448936,58.222149,19.191435,102.839996,21.403711,73.232697
2009-10-12,5.707057,19.016260,38.154522,30.238157,37.445156,35.087135,35.129051,8.102446,79.733566,64.597389,58.313187,19.580336,103.559998,21.372662,73.232697
2009-10-13,5.683429,19.082792,37.227055,29.962551,37.514565,34.940693,34.923767,8.058363,79.570656,64.758255,58.616772,19.800150,104.260002,21.072590,73.232697
2009-10-14,5.721415,19.193705,36.946373,30.946848,38.358204,34.971188,36.095840,8.055320,80.940491,64.603561,57.748634,19.952326,104.180000,21.843477,73.216721
2009-10-15,5.699579,19.748219,37.184357,30.946848,38.945545,34.928467,36.268021,8.170855,81.236687,64.504578,57.481472,20.155233,102.860001,21.657217,73.216721
2009-10-16,5.624506,19.592953,36.891457,30.225040,39.041653,35.050514,36.135574,8.132848,80.629517,64.498367,57.948891,20.205959,103.180000,21.088118,73.248627
2009-10-19,5.678641,19.489445,37.318573,30.172522,39.308620,35.264099,38.307545,8.315267,81.295937,64.628304,58.404301,20.493408,104.230003,21.543406,73.232697
2009-10-20,5.944838,19.496838,36.970791,30.205336,38.988255,35.471561,39.473003,8.129807,80.866455,64.783012,58.719948,20.366590,103.419998,21.145021,73.216721
2009-10-21,6.129082,19.652098,36.799927,29.299782,39.143089,35.348606,38.671749,8.193653,80.140839,64.739693,58.367905,20.797764,103.750000,20.875988,73.216721
2009-10-22,6.137456,19.659500,37.184357,29.995369,39.746464,35.742104,39.178661,8.141971,80.955353,64.640739,58.082493,20.966854,103.919998,21.424410,73.216721
2009-10-23,6.099770,20.716772,36.940254,29.680370,39.281921,35.440815,38.418308,8.000596,80.029778,64.560257,57.645374,20.890762,103.489998,21.170898,73.216721
2009-10-26,6.056104,21.204750,36.665684,28.755127,39.100388,34.985828,38.064793,7.924584,79.163399,64.386978,56.898640,20.510315,101.860001,21.119150,73.216721
2009-10-27,5.903263,21.138206,36.622974,28.807611,39.997406,35.157990,37.811340,7.723924,78.800560,64.640739,57.675724,20.366590,101.849998,20.813911,73.216721
2009-10-28,5.754612,20.716772,36.348396,28.007038,39.426086,35.188736,36.303951,7.619037,77.312225,64.733551,57.948891,19.842421,100.730003,19.939541,73.216721
2009-10-29,5.872755,20.864651,36.525345,29.102915,39.490154,36.609077,38.184856,7.614473,78.970871,64.603561,57.317574,20.459587,102.690002,20.850121,73.232697
2009-10-30,5.637966,20.502361,36.031101,27.409887,38.267448,35.662182,36.724148,7.463980,76.682808,64.851074,58.149273,19.943874,102.529999,20.487963,73.264679
2009-11-02,5.662191,20.613255,36.299587,27.941422,38.523731,36.246284,37.010960,7.454856,77.245583,64.748047,57.892246,20.290503,103.949997,20.482790,73.266273
2009-11-03,5.645442,20.354483,35.957878,28.020170,38.304817,36.018787,37.657936,7.480700,77.489906,64.661171,57.313637,20.577951,106.459999,20.782866,73.266273
2009-11-04,5.707057,20.746353,36.317883,27.698635,38.069885,36.295479,37.497871,7.581030,77.689842,64.555649,56.789837,20.561041,107.099998,20.337925,73.250259
2009-11-05,5.803365,21.049488,36.598579,28.787935,38.710609,37.180882,38.678413,7.635757,79.118965,64.723236,56.789837,20.451138,106.980003,20.798388,73.250259
2009-11-06,5.812637,21.086452,36.793816,28.532028,38.753323,37.531372,38.418308,7.564309,79.326286,64.779076,56.844608,20.087597,107.430000,20.456926,73.266273
2009-11-09,6.025594,21.433956,37.068409,29.102915,39.123867,38.029408,40.019054,7.728484,81.133034,64.865959,56.911636,20.417318,108.190002,21.465796,73.266273
2009-11-10,6.071058,21.448744,37.361294,28.984793,38.994999,38.035549,39.992382,7.693524,81.147827,64.884605,56.808098,20.315865,108.389999,21.305405,73.218346
2009-11-11,6.079133,21.530069,37.141636,29.083235,39.156105,38.263058,40.059090,7.793856,81.562515,64.909416,57.045662,20.451138,109.599998,21.703781,73.218346
2009-11-12,6.041448,21.707514,37.312469,28.413897,38.613701,37.691216,39.065273,7.720884,80.733192,65.039787,56.942112,20.146778,108.209999,21.481325,73.218346
2009-11-13,6.115024,21.907131,37.483326,28.151415,38.919804,37.881851,39.205353,7.774093,81.170074,65.108025,57.203979,20.129869,109.739998,21.771049,73.218346
2009-11-16,6.180227,21.840597,37.947071,28.243286,39.972431,38.287655,40.285851,7.903305,82.347404,65.263214,57.873974,20.713221,111.629997,22.298767,73.218346
2009-11-17,6.191294,22.278753,37.934868,28.322021,40.294640,38.312252,39.939022,7.834898,82.443665,65.319084,58.184559,20.814676,111.970001,21.910740,73.218346
2009-11-18,6.160187,22.360428,38.026394,28.466394,40.423527,38.373737,39.625546,7.840981,82.391846,65.182541,57.843563,20.831581,112.250000,22.309101,73.218346
2009-11-19,5.997181,22.115372,38.093506,27.921728,40.090569,38.213867,39.091957,7.731525,81.318130,65.250824,57.947048,20.535679,112.300003,21.796909,73.218346
2009-11-20,5.979532,21.996544,38.321064,27.862680,39.945564,37.998665,38.651756,7.769530,81.029381,65.275581,57.934917,20.510315,112.940002,21.641708,73.218346
2009-11-23,6.157795,22.234194,38.554764,28.400774,40.654476,38.570473,38.778477,7.906343,82.058617,65.263214,57.861828,20.603315,114.290001,21.915915,73.218346
2009-11-24,6.114724,22.211906,38.856125,27.875797,40.799473,38.613533,38.685089,7.992715,82.184486,65.455627,58.227276,20.366590,114.730003,21.589970,73.218346
2009-11-25,6.107247,22.122793,38.929913,27.665815,41.068008,38.656574,39.378750,8.051013,82.473282,65.517700,58.495281,20.856945,116.620003,21.677916,73.218346
2009-11-27,5.999570,21.699497,38.677761,27.121157,40.208710,38.416771,38.318245,7.912943,81.133034,65.573555,58.714493,20.620224,115.059998,21.046726,73.234306
2009-11-30,5.979235,21.840597,38.647018,27.882366,40.316124,38.336838,38.945213,7.972775,81.407013,65.685280,58.854603,20.848492,115.639999,21.833136,73.234306
2009-12-01,5.891301,22.286173,39.059059,27.705181,40.837067,38.681175,39.805618,8.113912,82.414047,65.525230,58.198944,21.000671,117.379997,22.153900,73.234306
2009-12-02,5.869166,22.115372,39.286633,27.514887,40.702816,38.853313,39.312080,8.179879,82.377014,65.400673,58.247849,20.856945,119.180000,22.516066,73.218346
2009-12-03,5.876643,22.152504,39.458813,27.167089,40.273163,38.465965,38.818485,8.130787,81.732780,65.406883,57.642982,20.840034,118.699997,22.262547,73.218346
2009-12-04,5.782130,22.263887,39.581829,27.390211,39.875744,38.490547,38.885178,8.092435,82.199310,65.276146,57.031910,20.670952,113.750000,22.919611,73.250259
2009-12-07,5.651424,22.122793,39.587986,27.068661,39.617970,38.410614,38.391636,8.124650,82.073418,65.338432,57.105289,20.484953,113.110001,22.438463,73.218346
2009-12-08,5.678942,21.959412,39.514172,27.042410,39.177589,38.041698,37.604584,8.175272,81.162651,65.425591,57.190796,20.282047,110.949997,22.309101,73.218346
2009-12-09,5.916126,22.063381,39.594131,27.029285,39.091652,38.269218,37.471176,8.236637,81.466225,65.357109,56.928028,20.028416,110.839996,22.262547,73.250259
2009-12-10,5.875148,22.182205,39.833977,27.081789,38.882233,38.269218,37.978092,8.442209,81.925308,65.307236,56.274292,19.918509,110.820000,22.174597,73.218346
2009-12-11,5.822510,22.167347,39.883186,26.878353,39.113132,38.330692,38.358269,8.629371,82.273361,65.151581,56.268173,20.019964,109.320000,22.531584,73.218346
2009-12-14,5.891600,22.360428,39.950832,27.409887,37.426823,38.742645,38.885178,8.555736,82.836105,65.188934,56.335384,20.129869,110.239998,22.940315,73.202347
2009-12-15,5.807551,22.293596,39.815525,26.812744,37.147533,38.195419,38.818485,8.498972,82.451057,65.008408,56.084854,20.036871,110.209999,22.712656,73.202347
2009-12-16,5.833273,22.353010,39.852432,27.140846,36.750137,38.220016,38.838512,8.416129,82.576942,65.126656,56.017658,20.383501,111.589996,22.878222,73.218346
2009-12-17,5.738462,21.981705,39.649475,26.425577,36.637356,37.869537,38.371605,8.324082,81.584717,65.232483,56.940281,20.070688,107.339996,22.738525,73.218346
2009-12-18,5.845238,22.546093,39.587986,26.871809,36.631989,37.844955,38.144836,8.379312,82.046265,65.232483,56.695869,20.155233,108.949997,22.888578,73.218346
2009-12-21,5.928988,22.664906,39.563370,27.495197,36.793102,37.691216,38.418308,8.360904,82.880058,64.958488,55.687721,19.960783,106.949997,23.198992,73.218346
2009-12-22,5.992694,22.887697,39.686375,27.521452,36.825317,37.691216,38.611717,8.256584,83.177826,64.771690,55.376083,20.104506,106.169998,23.442160,73.218346
2009-12-23,6.044735,22.961960,39.710983,27.272087,36.658836,37.697380,38.898514,8.123114,83.341644,64.796608,55.388283,20.459587,106.550003,23.721540,73.218346
2009-12-24,6.252311,23.021370,39.790939,27.488640,36.873669,37.678940,38.905205,8.116978,83.736183,64.684570,54.813980,20.577951,108.360001,24.064264,73.234306
2009-12-28,6.329175,23.147612,39.938534,27.377079,37.099236,37.660480,39.025253,8.195220,83.914841,64.292168,54.661205,20.941490,108.550003,24.179565,73.218346
2009-12-29,6.254104,23.310987,39.938534,27.226154,36.970318,37.863396,38.805145,8.190616,83.795746,64.368347,55.021793,20.899216,107.470001,23.817970,73.224716
2009-12-30,6.330075,22.991669,39.920078,27.252398,36.932739,37.734268,38.718445,8.238175,83.765976,64.530777,55.383560,20.873854,106.930000,23.854650,73.240692
2009-12-31,6.302855,22.635206,39.612598,27.344278,36.621250,37.279274,38.011444,8.103172,82.961952,64.449593,55.119869,20.814676,107.309998,23.445892,73.256668
2010-01-04,6.400961,22.984245,39.778622,28.152378,37.136814,37.580555,39.051933,8.169139,84.368988,64.524506,55.070824,21.338846,109.800003,23.346315,73.224716
2010-01-05,6.412027,22.991669,39.317368,28.697680,37.281811,37.592846,39.518818,8.089364,84.592300,64.818077,55.426456,21.364208,109.699997,23.320120,73.208740
2010-01-06,6.310037,22.850565,39.637173,28.855364,37.604038,37.414539,39.638882,8.169139,84.651901,64.780594,54.684544,21.744656,111.510002,23.278196,73.208740
2010-01-07,6.298369,22.612923,39.354275,29.426954,37.485886,37.211628,39.798958,8.146127,85.009216,64.705681,54.776459,21.474117,110.820000,23.529749,73.208740
2010-01-08,6.340243,22.768879,39.489571,29.354687,37.335514,37.162449,40.245850,8.075557,85.292099,64.743118,54.751900,21.457205,111.370003,23.356806,73.208740
2010-01-11,6.284313,22.479248,39.495728,29.256142,37.754421,37.014881,42.773708,8.069422,85.411232,64.693153,54.451473,21.389570,112.849998,23.493055,73.208740
2010-01-12,6.212829,22.330730,39.704823,28.572855,37.566437,37.439144,41.513107,7.873055,84.614624,65.105362,55.383560,20.933033,110.489998,23.100014,73.208740
2010-01-13,6.300464,22.538658,39.956985,29.072178,37.416096,37.826504,41.573147,7.900672,85.329300,64.830551,54.739719,20.949944,111.540001,23.566420,73.240692
2010-01-14,6.263974,22.991669,40.036922,29.361242,37.421448,37.863396,41.339695,7.672086,85.560089,64.999214,55.506157,20.840034,112.029999,23.545460,73.224716
2010-01-15,6.159290,22.917402,39.704823,28.697680,37.115322,37.396103,40.372684,7.754933,84.599747,65.124077,55.849537,20.603315,110.860001,23.367290,73.224716
2010-01-19,6.431766,23.095633,40.190670,28.434885,37.201256,37.949482,40.916622,7.807090,85.656868,65.017921,55.690147,20.738585,111.519997,23.844170,73.224716
2010-01-20,6.332768,22.716890,40.067688,28.513725,36.535320,37.435467,40.130928,7.667485,84.785873,65.186562,56.254272,20.349682,108.940002,23.576906,73.224716
2010-01-21,6.223295,22.286173,39.341969,26.634720,35.821045,37.057716,38.176765,7.521747,83.155518,65.205276,56.511822,20.096048,107.370003,22.900881,73.224716
2010-01-22,5.914631,21.506416,38.868427,25.728054,35.498821,37.348778,36.430779,7.385207,81.301819,65.242798,56.413692,19.884691,107.169998,22.324425,73.224716
2010-01-25,6.073748,21.773752,38.880722,25.760920,35.364563,37.546944,37.028439,7.325378,81.718712,65.236519,56.156143,19.977690,107.480003,22.481644,73.240692
2010-01-26,6.159591,21.907431,38.616272,25.255022,35.402153,37.584087,37.505234,7.550893,81.376259,65.317719,56.174553,19.757875,107.559998,22.272020,73.240692
2010-01-27,6.217615,22.033682,39.016026,25.839750,35.198071,37.658413,35.886833,7.633734,81.763382,65.267731,56.143936,19.470428,106.529999,22.471169,73.256668
2010-01-28,5.960689,21.654940,39.237427,25.938305,34.886581,38.197178,34.825802,7.518679,80.825371,65.211555,56.113277,19.402794,106.480003,22.277267,73.240692
2010-01-29,5.744443,20.927166,38.659313,25.583517,34.601944,38.116680,35.080994,7.480326,79.946899,65.361443,56.603760,19.182980,105.959999,22.151491,73.256668
2010-02-01,5.824303,21.097967,38.800766,26.036846,35.541779,38.389168,35.551048,7.552425,81.190163,65.271858,56.089993,19.647970,108.349998,22.555002,73.240692
2010-02-02,5.858101,21.135098,39.354275,26.641285,35.960678,38.952713,35.960697,7.606122,82.172806,65.347038,56.249924,20.070688,109.129997,22.864204,73.224716
2010-02-03,5.958898,21.261347,39.132877,26.470465,35.767334,38.797886,35.853249,7.578510,81.763382,65.228004,55.597691,19.825512,108.699997,22.492125,73.256668
2010-02-04,5.744144,20.674667,38.524014,25.195883,34.757702,38.023792,34.516903,7.366800,79.239716,65.384674,56.477615,19.166073,104.370003,21.658886,73.256668
2010-02-05,5.846138,20.808346,38.524014,25.163029,34.800652,37.961845,34.751930,7.271681,79.403481,65.409676,56.600708,18.920891,104.680000,22.057165,73.256668
2010-02-08,5.806056,20.585564,38.357956,24.768839,34.784435,37.782257,34.100544,7.193446,78.830223,65.535011,56.674576,18.929348,104.040001,21.575041,73.256668
2010-02-09,5.867970,20.800919,38.597813,25.222168,35.243904,38.246719,35.947262,7.127480,79.820358,65.415909,56.108433,19.267523,105.410004,21.506916,73.256668
2010-02-10,5.835968,20.786066,38.579365,25.537523,35.054707,38.190987,35.692074,7.044635,79.664040,65.265564,55.573086,19.343611,105.120003,21.548838,73.256668
2010-02-11,5.942148,20.882610,38.690067,25.636066,35.265522,38.370586,37.706699,7.050772,80.497826,65.159088,55.271519,19.571878,107.129997,21.753214,73.256668
2010-02-12,5.993291,20.741507,38.573204,25.590084,35.027676,38.246719,37.740276,6.990941,80.430817,65.171593,55.499210,19.461975,107.040001,22.009996,73.256668
2010-02-16,6.083620,21.151867,39.120571,26.325926,35.827698,38.909355,38.358078,7.115206,81.696404,65.334511,55.603851,20.053780,109.620003,22.633617,73.256668
2010-02-17,6.058198,21.330931,39.348133,26.306210,35.546616,38.921753,38.613266,7.021625,82.083511,65.133972,54.970001,19.952326,109.250000,22.837996,73.208740
2010-02-18,6.069562,21.614443,39.686375,26.549307,35.654732,39.256161,38.821434,7.017023,82.567390,65.108971,54.748486,20.129869,109.980003,23.178627,73.240692
2010-02-19,6.031876,21.465225,39.543839,26.299643,35.606068,39.293320,39.116913,7.191909,82.738602,65.159088,55.043880,20.248230,109.470001,23.194353,73.208740
2010-02-22,5.994488,21.435383,39.345535,26.838392,35.352020,39.274731,38.969162,7.182706,82.753502,65.046318,54.816162,20.138325,109.070000,23.251993,73.240692
2010-02-23,5.893991,21.136944,39.233978,26.201096,35.103363,39.144691,38.049187,7.179643,81.748520,65.278099,55.671528,19.808601,107.889999,23.073814,73.208740
2010-02-24,6.001667,21.360769,39.320759,26.838392,35.433109,39.565784,38.250633,7.297489,82.500397,65.347038,55.806873,19.969236,107.360001,23.309649,73.240692
2010-02-25,6.041745,21.338390,39.215397,26.700418,35.211472,39.448132,38.136463,7.269577,82.388756,65.478622,56.120701,19.631062,108.309998,23.398722,73.240692
2010-02-26,6.120109,21.390614,39.041885,27.574226,35.135803,39.188038,38.311069,7.190491,82.440849,65.491142,56.409958,19.977690,109.430000,23.388250,73.240692
2010-03-01,6.250814,21.651747,39.283566,27.482237,35.352020,39.330463,38.848289,7.347115,83.296982,65.587303,56.385292,19.774786,109.430000,23.587381,73.208740
2010-03-02,6.246627,21.233936,39.314541,27.344275,35.400669,39.454327,39.049744,7.317648,83.527725,65.612473,56.311199,19.986147,111.019997,23.597866,73.224716
2010-03-03,6.260983,21.233936,39.289757,27.285135,35.368244,39.355236,39.331795,7.277334,83.602196,65.612473,56.169231,20.180595,111.629997,23.534985,73.208740
2010-03-04,6.302257,21.360769,39.395103,27.541368,35.352020,39.429543,39.251221,7.326956,83.855309,65.731827,56.465542,20.003054,110.830002,23.681721,73.208740
2010-03-05,6.548714,21.330931,39.686382,28.126101,35.930405,39.441940,39.775017,7.388982,85.053871,65.606194,55.724747,20.239777,110.809998,24.326288,73.208740
2010-03-08,6.552602,21.360769,39.785534,27.981560,35.935814,39.132290,39.560131,7.404487,85.068764,65.650177,55.434612,20.214415,109.879997,24.572586,73.208740
2010-03-09,6.670445,21.487610,39.828896,27.869877,36.097977,39.200436,39.741440,7.291286,85.210197,65.725548,55.446922,19.994600,109.720001,24.630239,73.208740
2010-03-10,6.724881,21.614443,39.841320,28.204943,36.335815,39.020828,39.472816,7.283533,85.589890,65.681580,55.304947,20.053780,108.470001,24.850340,73.224716
2010-03-11,6.744621,21.771126,39.797939,28.369186,36.335815,39.119915,39.553417,7.345560,85.947205,65.681580,55.508694,20.003054,108.599998,24.997080,73.208740
2010-03-12,6.777523,21.838268,39.773132,28.349482,36.108788,39.212799,40.533844,7.299041,85.954689,65.687843,55.854389,19.884691,107.949997,25.196222,73.208740
2010-03-15,6.694973,21.853197,40.014820,28.296923,35.838509,39.448132,39.936188,7.336257,85.976997,65.769554,55.780308,19.647970,108.360001,25.138557,73.208740
2010-03-16,6.713216,21.912888,39.990017,28.408606,35.984463,39.342846,39.922764,7.419992,86.661865,65.888962,56.224792,19.910055,110.400002,25.746460,73.208740
2010-03-17,6.703347,22.106863,40.064400,28.769960,36.411495,39.640106,40.439842,7.446353,87.175568,65.939224,56.465542,20.087597,109.589996,26.129011,73.208740
2010-03-18,6.719198,22.091948,40.318493,28.671417,36.427704,39.466721,40.137642,7.438602,87.130913,65.882729,56.280323,20.045324,110.339996,25.987516,73.208740
2010-03-19,6.647416,22.077021,40.349480,28.546572,36.238514,39.534840,39.869015,7.468066,86.689865,65.832390,56.335911,19.800150,108.279999,25.704538,73.208740
2010-03-22,6.722190,22.084494,40.343273,28.737104,36.200687,39.559605,40.258518,7.418442,87.153336,65.882729,56.397652,19.800150,107.750000,26.029444,73.224716
2010-03-23,6.830161,22.293386,40.504379,29.288984,36.189865,39.962116,41.910484,7.415342,87.766273,65.895241,56.132172,19.715603,108.320000,25.956068,73.224716
2010-03-24,6.860373,22.121790,40.126377,29.525503,35.946621,39.392403,41.675461,7.330055,87.340172,65.562134,55.107445,19.495792,106.300003,26.097572,73.208740
2010-03-25,6.779018,22.390390,40.014820,29.525503,35.838509,39.398579,41.729183,7.357967,87.198181,65.392479,54.755550,19.385883,106.779999,26.161457,73.240692
2010-03-26,6.906134,22.129253,39.897076,29.578072,35.968243,39.441940,41.930649,7.413793,87.145851,65.499290,54.909882,19.419701,108.589996,26.024193,73.240692
2010-03-29,6.950698,22.077021,40.169762,29.472944,36.379063,39.466721,42.629047,7.533195,87.699036,65.423874,54.700005,19.859329,108.750000,26.103376,73.208740
2010-03-30,7.054186,22.211323,40.219330,29.288984,36.243927,39.423355,42.414165,7.390530,87.758804,65.449097,54.872837,19.901600,107.970001,26.066427,73.208740
2010-03-31,7.028765,21.853197,40.405247,29.400669,36.206089,39.181843,42.205978,7.494427,87.459763,65.486702,55.249424,19.884691,108.949997,25.770746,73.240692
2010-04-01,7.057776,21.756207,40.758476,29.716379,36.546631,39.237579,42.971523,7.573508,88.057831,65.462143,55.114346,20.273594,110.260002,25.902752,73.240692
2010-04-05,7.133149,21.838268,40.529186,29.821629,36.860149,39.485283,43.643051,7.593668,88.775444,65.058670,54.197289,20.594860,110.889999,26.472969,73.208740
2010-04-06,7.164550,21.875574,40.473412,30.150486,36.703403,39.082760,43.844517,7.627784,88.984756,65.140640,54.284054,20.577951,111.029999,27.080141,73.208740
2010-04-07,7.196257,21.897966,40.417648,29.808466,36.400677,38.704998,43.293850,7.613830,88.476456,65.418053,54.978039,20.501863,112.489998,26.483532,73.208740
2010-04-08,7.176816,22.323235,40.237919,30.097876,36.681767,38.742153,43.300571,7.604523,88.782921,65.354980,55.002819,20.468042,112.650002,26.515203,73.208740
2010-04-09,7.231850,22.636593,40.368061,30.242575,37.168278,38.847420,43.831097,7.708420,89.365990,65.424301,55.132942,20.510315,113.639999,26.890078,73.208740
2010-04-12,7.246804,22.621674,40.349480,30.347809,37.141232,38.828850,44.811543,7.713068,89.508034,65.575592,55.424164,20.493408,113.010002,26.721119,73.208740
2010-04-13,7.250991,22.718668,40.702713,30.170223,37.114208,39.014637,44.448891,7.674304,89.575279,65.682770,55.603817,20.569498,112.690002,27.375820,73.208740
2010-04-14,7.348497,22.994724,40.584957,31.393610,37.087181,39.132290,45.180878,7.536294,90.591911,65.607132,55.213486,20.806217,113.029999,27.418053,73.208740
2010-04-15,7.445106,23.032028,40.597359,31.446222,36.897980,39.014637,45.812122,7.571962,90.666656,65.726952,55.275448,20.882309,113.650002,26.668324,73.208740
2010-04-16,7.399642,22.882813,40.293697,29.959751,36.719597,38.921753,44.912258,7.509932,89.223953,65.827812,55.678154,20.501863,111.239998,26.055861,73.208740
2010-04-19,7.389774,23.158869,40.919617,29.854504,36.881775,39.150883,44.986126,7.506830,89.560318,65.708023,55.541889,20.239777,111.150002,26.172016,73.224716
2010-04-20,7.315595,23.397625,40.894821,30.176805,37.281788,39.132290,45.328606,7.761141,90.360229,65.815201,55.740147,20.400410,111.459999,26.615519,73.208740
2010-04-21,7.753175,23.375235,40.522995,29.828207,37.254765,39.404781,45.496490,7.810760,90.195747,65.928665,56.198643,20.501863,112.309998,27.080141,73.208740
2010-04-22,7.970019,23.419996,40.144958,29.426979,37.060162,39.379997,45.618122,7.892947,90.464821,65.796326,56.031349,20.552588,111.839996,27.497248,73.208740
2010-04-23,8.100425,23.099186,40.306084,29.558533,37.427734,39.349052,46.476303,7.954977,91.055359,65.714333,55.833080,20.687859,113.190002,27.861570,73.208740
2010-04-26,8.060643,23.211084,40.132572,28.867910,37.454758,39.596764,48.415627,7.917761,90.711548,65.708023,55.895054,20.586405,112.750000,28.083315,73.224716
2010-04-27,7.837518,23.017111,39.835110,27.894466,36.903393,39.082760,46.307354,7.756491,88.566139,65.915993,56.681969,20.273594,114.629997,27.185740,73.208740
2010-04-28,7.824362,23.061872,40.045822,28.585087,37.400707,39.420990,46.604698,7.869686,89.238899,65.815201,56.198643,20.341228,114.309998,27.270218,73.224716
2010-04-29,8.034924,23.129026,40.287514,28.940277,37.114208,38.815655,47.807449,7.860386,90.345253,65.840378,56.434135,20.501863,114.279999,28.500406,73.224716
2010-04-30,7.809103,22.785828,39.847511,28.006283,36.633118,38.790695,46.010048,8.071280,88.812813,66.124062,57.084690,20.662495,115.360001,27.613415,73.208740
2010-05-03,7.966429,23.024572,40.485809,28.631134,36.670963,39.115204,47.260128,8.165869,89.963997,65.998917,57.010101,20.763948,115.730003,28.532087,73.224716
2010-05-04,7.737022,22.479916,40.095379,27.933926,35.930405,38.509884,45.070786,7.978240,87.848495,66.264458,58.035995,20.205959,114.870003,27.882679,73.208740
2010-05-05,7.656566,22.271006,40.368061,28.039165,35.768242,38.790695,44.570766,7.899153,87.325287,66.213875,58.377922,19.749424,115.089996,27.507809,73.224716
2010-05-06,7.365249,21.621904,39.289757,26.842087,34.535782,37.910801,42.908466,7.919312,84.424873,66.308678,60.181164,19.360521,118.489998,26.377930,73.240692
2010-05-07,7.054483,21.047409,39.233978,26.809210,34.433083,37.636215,41.962456,7.942570,83.169052,66.017868,59.428787,19.259069,118.269997,25.934429,73.240692
2010-05-10,7.596746,21.592062,40.126377,27.591906,35.260120,38.952946,45.064034,8.159667,86.831886,66.011597,58.197674,19.631062,117.570000,27.645084,73.240692
2010-05-11,7.672420,21.547293,40.076801,27.328817,35.080521,38.921761,44.645069,8.165869,86.585220,66.258125,58.048420,19.597244,120.660004,27.808750,73.240692
2010-05-12,7.839015,21.965109,40.219330,27.420887,35.325420,39.327393,46.050594,8.198433,87.796158,66.188576,57.607002,19.757875,121.400002,28.257542,73.240692
2010-05-13,7.727450,21.815889,40.076801,26.842087,35.232910,39.158897,45.212681,8.195333,86.704849,66.283470,57.986290,19.588789,120.559998,27.798201,73.224716
2010-05-14,7.591661,21.584600,39.643002,26.236975,34.612492,39.027828,43.840973,8.173622,85.135017,66.523727,58.993511,19.089981,120.370003,26.916468,73.240692
2010-05-17,7.603625,21.592062,39.587215,26.204092,34.432903,39.552044,43.097664,8.159667,85.179855,66.473167,58.775902,18.548901,119.360001,26.953419,73.240692
2010-05-18,7.547996,21.434675,39.023293,25.664745,34.171680,39.445957,42.698994,8.114697,84.021217,66.700737,59.677467,18.523537,119.489998,26.272331,73.224716
2010-05-19,7.427758,21.164869,38.558510,25.901527,33.986637,39.452206,41.516476,8.066626,83.542786,66.732391,59.876438,18.354450,116.629997,26.029455,73.240692
2010-05-20,7.111314,20.317976,37.523579,24.882053,32.832893,38.447483,39.644726,7.776648,80.388252,66.675423,61.138626,17.974005,115.839996,24.693668,73.240692
2010-05-21,7.247699,20.115625,37.728100,26.342207,33.132221,38.597244,40.604259,7.844876,81.561859,66.959999,61.200809,18.159998,115.220001,25.522602,73.240692
2010-05-24,7.380502,19.688419,37.535984,25.401659,32.756702,38.316422,40.016376,7.799907,80.515366,66.922028,60.989445,18.143089,116.839996,24.952372,73.240692
2010-05-25,7.334442,19.538534,37.399635,25.612131,32.495480,38.098007,40.009624,7.680508,80.597603,67.004219,61.287857,17.999367,117.360001,25.153009,73.240692
2010-05-26,7.301239,18.744099,36.972034,25.506895,32.277794,37.717339,40.360996,7.513033,80.111694,66.928352,61.113796,18.193817,118.470001,25.100220,73.256668
2010-05-27,7.577606,19.486067,36.915756,26.585575,33.447861,38.035606,41.935429,7.719275,82.795311,66.770325,59.727234,18.726444,118.690002,26.478245,73.224716
2010-05-28,7.683187,19.336172,36.459240,26.033077,32.903641,38.122959,41.057003,7.742533,81.756241,66.839851,60.000820,18.565809,118.879997,26.140339,73.240692
2010-06-01,7.801331,19.403625,36.746906,25.349030,32.245148,38.166656,40.050175,7.589017,80.380806,66.950226,60.422543,18.219179,119.910004,25.596527,73.240692
2010-06-02,7.894649,19.830824,37.353527,26.013350,33.072361,38.528614,41.124569,7.780152,82.473862,66.880447,59.848591,18.438995,119.779999,26.098097,73.256668
2010-06-03,7.869823,20.130610,37.378529,25.717375,33.502289,38.566048,41.293499,7.863186,82.757896,66.848778,59.411861,18.540447,117.959999,26.024193,73.224716
2010-06-04,7.655675,19.328672,36.277878,24.743925,32.397514,37.941994,39.029816,7.618784,79.850037,67.019943,61.008999,17.965549,119.190002,24.551109,73.256668
2010-06-07,7.505525,18.953945,36.271622,24.151968,32.272335,37.829670,37.725674,7.681453,78.855835,67.216576,61.476929,17.999367,121.489998,24.419119,73.240692
2010-06-08,7.457366,18.819050,36.671852,24.849154,33.328140,38.778210,38.252728,7.665787,79.700569,67.140495,61.171230,18.143089,121.000000,24.857346,73.256668
2010-06-09,7.274021,18.579214,36.377953,24.415058,32.669613,38.360104,38.387882,7.582753,79.274460,67.178520,61.102558,18.227631,120.559998,25.005175,73.256668
2010-06-10,7.492661,18.736597,36.584297,25.184610,33.681870,38.634693,40.509636,7.880417,81.591766,66.975578,60.010761,18.531994,118.970001,26.087540,73.256668
2010-06-11,7.582393,19.231245,36.559284,25.053053,33.665550,38.073051,40.698849,7.833421,81.987991,67.013634,60.771923,18.557354,120.010002,26.399054,73.256668
2010-06-14,7.605421,19.111338,36.534279,24.553179,33.398880,38.222824,41.219158,7.911754,81.860893,67.108788,60.459976,18.608082,119.599998,26.726404,73.224716
2010-06-15,7.767232,19.920761,36.984543,25.158297,34.019295,38.634693,42.881447,8.038657,83.722183,67.108788,60.210445,18.920891,120.989998,27.323011,73.224716
2010-06-16,7.993346,19.725899,37.047092,25.335888,34.019295,38.185371,43.509865,8.096621,83.692291,67.210213,60.553532,18.963165,120.330002,27.074862,73.224716
2010-06-17,8.131529,19.763369,37.009563,25.283268,34.068275,38.541073,43.888268,8.204718,83.826836,67.368805,61.046421,18.971619,121.900002,27.132946,73.224716
2010-06-18,8.197328,19.815826,37.009563,25.769991,34.340393,38.254017,44.496410,8.226657,83.917732,67.260963,60.946621,18.937799,122.830002,27.048471,73.240692
2010-06-21,8.080688,19.448595,36.978287,25.566090,34.356716,38.129223,44.645069,8.135789,83.677437,67.406876,60.771923,18.861712,120.389999,26.837271,73.224716
2010-06-22,8.190752,19.313690,36.997047,25.210918,33.709087,37.892075,43.320660,7.944651,82.295403,67.476639,61.495605,18.819445,121.449997,26.040037,73.240692
2010-06-23,8.104610,18.968935,37.047092,25.579239,33.251949,38.303940,43.469311,7.864752,82.040062,67.647820,61.913620,18.506626,120.949997,26.108660,73.240692
2010-06-24,8.045690,18.736597,37.272205,25.013594,32.691406,37.985683,42.820610,7.767621,80.680634,67.590813,61.545490,18.548901,121.300003,25.555965,73.240692
2010-06-25,7.976897,18.384359,36.709389,25.941002,32.163509,37.311707,43.726093,7.711217,81.018555,67.685905,61.795094,18.887075,122.760002,26.200859,73.240692
2010-06-28,8.024757,18.219475,37.178398,25.349030,31.820642,37.829670,43.516617,7.706518,80.763237,67.812790,62.375278,18.684172,121.089996,25.891745,73.240692
2010-06-29,7.661950,17.470009,37.047092,24.375599,31.178452,37.642452,41.117809,7.578053,78.269638,68.015717,63.055321,18.168455,121.269997,25.044315,73.240692
2010-06-30,7.523170,17.245171,36.934517,24.079611,31.058729,37.430290,40.590748,7.639151,77.526100,68.022018,63.479557,18.236090,121.680000,24.777826,73.256668
2010-07-01,7.431943,17.357592,36.940769,23.763470,30.808395,37.155701,40.523167,7.668921,77.180565,67.986450,63.579624,17.957096,117.040001,24.692558,73.240692
2010-07-02,7.385883,17.440035,36.947018,23.598808,30.786615,37.055847,39.989346,7.670484,76.760002,67.891037,63.072788,17.923277,118.489998,24.218214,73.240692
2010-07-06,7.436436,17.852230,36.947018,23.928131,31.270983,37.030895,40.415054,7.739421,77.263214,68.100975,63.592216,17.974005,116.510002,23.679907,73.224716
2010-07-07,7.736725,18.211973,37.903831,25.126837,31.798874,37.954483,42.016514,7.958755,79.696678,68.011879,62.847443,18.379812,117.730003,24.831123,73.224716
2010-07-08,7.719378,18.294415,38.385380,25.133429,32.005672,38.659649,42.685482,7.990090,80.485329,67.999176,62.447018,18.548901,117.209999,25.140253,73.240692
2010-07-09,7.765140,18.189495,37.860062,25.587879,31.989351,38.534851,43.732857,8.057456,81.086189,67.897324,62.090244,18.582720,118.360001,25.460037,73.224716
2010-07-12,7.695448,18.609190,37.653694,25.811817,32.076416,38.747021,43.435547,8.132654,81.138748,67.973709,62.065262,18.371361,117.339996,25.539980,73.240692
2010-07-13,7.531245,18.834032,37.835045,26.661455,32.337662,38.934231,45.131588,8.190621,82.363022,67.802010,61.533367,18.667263,118.360001,26.168880,73.240692
2010-07-14,7.559061,19.066366,37.910099,26.575827,32.250565,39.102730,45.070786,8.162423,82.355499,68.030952,62.152870,18.633448,118.300003,26.014320,73.240692
2010-07-15,7.520774,19.118841,37.684959,26.648285,32.256016,39.146397,44.942410,8.294023,82.378029,68.126434,62.772388,18.810986,118.230003,25.929045,73.240692
2010-07-16,7.474418,18.654163,37.172150,25.686674,31.543095,38.684620,43.493530,8.242324,80.109795,68.336266,63.079025,18.574263,116.669998,25.086954,73.240692
2010-07-19,7.345208,18.908978,37.253456,25.713026,31.798874,38.603481,44.078533,8.267391,80.582954,68.272675,62.691048,18.557354,115.730003,25.396078,73.224716
2010-07-20,7.533937,19.096344,36.634331,26.101608,32.081867,38.734539,45.187283,8.256421,81.476746,68.221832,62.784882,18.709534,116.650002,25.870424,73.224716
2010-07-21,7.604222,18.826542,35.721298,25.304665,31.657372,38.433903,45.486584,8.165555,80.417694,68.520782,63.848736,18.658808,115.849998,25.332125,73.224716
2010-07-22,7.747191,19.366148,35.658756,25.917191,32.315880,38.597439,46.255226,8.278356,82.212814,68.457176,63.110329,19.030800,116.860001,26.280811,73.224716
2010-07-23,7.774708,19.343670,36.040237,26.233356,32.500923,38.937042,47.146332,8.273658,82.926308,68.336266,62.440716,18.971619,116.089996,26.616575,73.240692
2010-07-26,7.754971,19.561005,36.109016,26.562664,32.865543,39.320690,47.608887,8.276790,83.790070,68.323578,62.334354,18.954710,115.519997,27.282799,73.208740
2010-07-27,7.898536,19.605974,36.334148,26.799761,33.094116,39.672920,47.057899,8.428760,83.782562,68.298111,61.733593,18.751808,113.510002,27.277470,73.208740
2010-07-28,7.805215,19.448595,36.165306,26.556076,33.148540,39.433910,47.425220,8.314393,83.241776,68.425369,61.933830,18.827894,113.779999,27.224161,73.224716
2010-07-29,7.719975,19.508553,36.165306,26.483616,32.838341,38.786095,47.207546,8.225090,82.836189,68.488937,61.915058,19.098438,114.290001,26.994999,73.208740
2010-07-30,7.694252,19.343670,36.327911,26.529726,32.479149,38.465347,47.445614,8.193756,82.821152,68.603462,62.878765,19.352064,115.489998,27.154884,73.224716
2010-08-02,7.831833,19.733393,36.721893,27.425465,33.709087,39.031387,48.329918,8.461660,84.691360,68.510330,61.996105,19.724060,115.540001,28.066252,73.208740
2010-08-03,7.834230,19.605974,37.115871,27.056633,34.133568,37.698063,47.867359,8.419361,84.285782,68.554962,62.353939,19.791695,115.989998,27.794455,73.208740
2010-08-04,7.865637,19.283709,37.359772,27.194946,34.133568,37.452785,48.377533,8.397426,84.849083,68.433777,61.876820,19.960783,116.720001,27.991652,73.208740
2010-08-05,7.827348,19.013908,37.372276,27.181776,34.128128,37.647758,48.948925,8.344160,84.758942,68.516777,62.165588,19.867785,116.980003,27.639877,73.208740
2010-08-06,7.779193,19.148804,37.497341,26.635109,33.725414,37.748360,48.676830,8.414661,84.413445,68.650673,62.843628,19.690243,117.839996,27.511969,73.208740
2010-08-09,7.828845,19.193773,37.553627,26.226748,33.986637,37.974796,49.023727,8.378626,84.864075,68.650673,62.611343,19.757875,117.400002,27.826435,73.208740
2010-08-10,7.758858,18.789066,37.165897,25.798639,33.703659,38.226345,48.581581,8.420927,84.405937,68.765457,62.743168,19.546518,117.730003,27.554621,73.224716
2010-08-11,7.483089,18.631685,36.584297,24.876558,33.100719,37.905605,46.738186,8.253292,82.092621,68.829292,63.584450,19.106888,117.339996,26.867075,73.240692
2010-08-12,7.530946,18.354374,36.596813,24.902905,33.013023,37.729504,45.915115,8.156155,81.589378,68.720840,63.427479,18.963165,118.769997,26.531300,73.240692
2010-08-13,7.450489,18.286922,36.365425,24.698729,32.837624,37.622589,46.262043,8.149890,81.349060,68.880264,64.218613,18.946259,118.739998,26.531300,73.240692
2010-08-16,7.406822,18.361870,36.277878,24.823870,32.821175,37.591145,46.588539,8.171822,81.311516,69.109917,65.825661,18.887075,119.730003,26.509989,73.224716
2010-08-17,7.536332,18.618050,37.034576,24.685545,33.336411,37.918186,47.438831,8.220389,82.310432,69.026985,65.449043,19.157616,119.750000,27.117577,73.240692
2010-08-18,7.569230,18.700930,37.115871,24.955597,32.969177,38.207493,47.445614,8.232925,82.460640,68.950409,65.624855,19.081526,120.220001,27.144226,73.224716
2010-08-19,7.473819,18.414612,36.721893,24.415516,32.497787,37.855293,47.132721,8.121691,81.026108,69.173698,66.648155,18.887075,120.389999,26.451353,73.224716
2010-08-20,7.466641,18.256388,36.734386,24.461617,32.278542,37.723213,46.840221,8.348857,80.763237,69.078041,66.572807,18.768717,119.970001,26.366083,73.240692
2010-08-23,7.351784,18.294064,36.815693,24.290373,32.612904,37.754662,45.466183,8.416225,80.455299,69.148170,66.585388,18.641897,119.779999,26.227518,73.224716
2010-08-24,7.176217,18.113226,36.277878,23.849091,32.305943,37.521973,44.241760,8.505527,79.261086,69.422447,67.652618,18.430538,120.360001,26.120918,73.224716
2010-08-25,7.264748,18.158438,36.259117,23.862261,32.289509,37.528244,44.010490,8.423305,79.568993,69.262970,67.432907,18.523537,121.360001,26.536634,73.240692
2010-08-26,7.186687,17.947462,36.146553,23.467083,32.053818,37.446491,43.500332,8.388512,79.035751,69.352257,68.066994,18.734898,120.959999,26.376745,73.224716
2010-08-27,7.226767,18.030352,36.361195,24.105949,32.777336,37.610016,44.826752,8.521340,80.260017,68.969589,66.139618,19.056164,121.010002,26.813780,73.224716
2010-08-30,7.253089,17.811844,36.171783,23.611992,32.338844,37.339565,43.854038,8.421723,79.095825,69.435188,67.407791,19.022346,120.910004,26.605917,73.240692
2010-08-31,7.271030,17.683754,35.995037,23.947887,32.399132,37.528244,44.323391,8.496039,79.095825,69.486252,68.154915,18.768717,122.080002,26.808456,73.224716
2010-09-01,7.487278,18.007748,36.796745,24.856791,33.385746,37.610016,46.364071,8.636771,81.461731,69.337852,66.745667,19.140707,121.690002,27.682528,73.224716
2010-09-02,7.542310,18.037889,36.998764,25.133429,33.467957,37.779831,46.622551,8.639935,82.220276,69.248306,66.040436,19.275976,122.290001,28.034285,73.240692
2010-09-03,7.739715,18.301594,37.200768,25.798639,33.610466,37.918186,47.670094,8.639935,83.286827,69.088379,65.221870,19.377432,121.860001,28.444666,73.240692
2010-09-07,7.711004,18.052948,37.055573,25.212456,33.188423,37.823849,47.411633,8.584590,82.348000,69.286682,66.556740,19.478882,122.699997,28.007645,73.224716
2010-09-08,7.863840,18.030352,37.150272,25.765711,33.298046,37.968498,48.119049,8.581426,82.926308,69.235535,66.027832,19.521154,122.709999,28.066252,73.224716
2010-09-09,7.868328,18.090624,37.762589,26.411175,33.462475,37.918186,48.051029,8.635191,83.309334,68.902931,64.724411,19.411247,121.559998,27.741156,73.224716
2010-09-10,7.878497,17.970070,37.863613,26.187233,33.544689,37.987366,48.472755,8.722156,83.729988,68.755821,64.428452,19.614153,121.730003,27.890388,73.224716
2010-09-13,7.987072,18.919432,38.078236,27.082973,33.435078,38.037689,49.139374,8.768018,84.661316,68.909325,64.743286,19.757875,121.620003,28.348742,73.224716
2010-09-14,8.017574,18.859158,38.242355,26.819521,33.440556,38.138306,48.860489,8.700021,84.608742,69.158737,65.366676,19.817057,124.019997,28.242146,73.240692
2010-09-15,8.082181,18.926970,38.539059,26.990761,33.435078,38.433903,49.064571,8.499202,84.931717,69.030869,64.396996,19.783239,123.940002,28.487309,73.240692
2010-09-16,8.272108,19.085197,38.690556,26.997366,33.418621,38.433903,48.976128,8.518177,84.909149,68.915665,63.761070,19.681786,124.629997,28.338072,73.240692
2010-09-17,8.236216,19.002314,38.867321,26.384832,33.314472,38.345863,49.778786,8.500788,84.940887,69.005188,64.019218,19.749424,124.540001,28.423361,73.224716
2010-09-20,8.471306,19.160540,39.195580,27.129076,33.736538,38.635178,50.846733,8.617797,86.239632,69.030869,64.390724,19.910055,124.870003,29.116213,73.224716
2010-09-21,8.487452,18.949566,39.100880,26.733894,33.731052,38.691772,51.962311,8.552965,86.065994,69.325058,65.284805,19.698694,126.010002,28.689854,73.224716
2010-09-22,8.606498,18.542702,39.119835,26.305796,33.681713,38.861580,51.819462,8.587752,85.643120,69.344193,65.870384,19.817057,126.199997,28.300776,73.224716
2010-09-23,8.641489,18.407084,39.018818,25.752539,33.517292,38.503082,51.873886,8.467573,84.948425,69.421005,66.059341,19.833965,126.300003,27.602570,73.224716
2010-09-24,8.743186,18.670788,39.227139,26.180655,33.846153,38.767242,54.234261,8.617797,86.700256,69.165161,65.171486,20.138325,126.690002,28.383402,73.240692
2010-09-27,8.708488,18.633121,39.157703,25.739363,33.824242,38.389893,54.105026,8.644677,86.284966,69.401848,66.304855,20.003054,126.720001,28.033865,73.240692
2010-09-28,8.579879,18.595453,39.410210,25.653744,34.016079,38.125740,54.193447,8.698440,86.586975,69.568130,66.758286,20.003054,127.849998,28.146790,73.224716
2010-09-29,8.595131,18.459820,39.334465,25.298090,33.758457,37.893036,54.411110,8.644677,86.435989,69.516914,66.481216,20.265139,127.949997,27.926315,73.224716
2010-09-30,8.486856,18.452284,39.113537,25.067558,33.868088,37.716942,53.520042,8.600403,86.179245,69.491356,66.437141,20.383501,127.910004,28.006985,73.224716
2010-10-01,8.450070,18.369408,38.980949,25.561543,34.279163,37.836430,53.207130,8.603566,86.541695,69.411209,66.116020,20.425772,128.910004,28.146790,73.224716
2010-10-04,8.334021,18.015276,38.930435,25.686844,34.087318,37.710621,52.560909,8.537151,85.892288,69.526627,66.286720,20.358141,128.460007,28.404928,73.240692
2010-10-05,8.642089,18.346806,39.643791,26.141882,34.673805,38.251526,54.009769,8.601979,87.621490,69.526627,65.888527,20.772404,130.990005,28.856663,73.224716
2010-10-06,8.649567,18.407084,39.902599,26.313356,35.046528,38.282974,53.792118,8.662072,87.613930,69.597107,66.716492,20.780857,131.809998,28.700697,73.224716
2010-10-07,8.650465,18.482430,39.908905,26.062754,34.997200,38.238937,53.560833,8.681046,87.508224,69.629196,66.160278,20.569498,130.369995,28.781376,73.224716
2010-10-08,8.795527,18.512562,39.915230,25.924257,35.287704,38.905613,54.669594,8.684209,87.999039,69.770287,65.869591,21.254301,131.660004,28.862030,73.224716
2010-10-11,8.834105,18.527632,39.959419,26.201235,35.380894,39.081715,54.404316,8.695278,88.082069,69.731773,65.882195,21.152851,132.289993,28.856663,73.224716
2010-10-12,8.929221,18.708466,39.953114,26.643087,35.463093,39.006248,53.968979,8.734809,88.353912,69.661240,65.231209,21.254301,131.960007,29.061007,73.224716
2010-10-13,8.977077,19.092730,40.136177,26.273777,35.649475,39.389885,54.615177,8.771180,89.041061,69.654907,65.130089,21.355751,134.070007,29.362146,73.224716
2010-10-14,9.041983,19.009851,40.237183,25.535160,35.791977,39.496796,54.356705,8.750619,88.693703,69.398407,64.156830,21.321936,134.750000,29.286860,73.240692
2010-10-15,9.413756,19.243425,40.129864,24.499775,35.731686,39.471642,54.247871,8.747457,88.874954,69.257347,63.373043,21.085215,133.679993,29.249226,73.224716
2010-10-18,9.511259,19.454390,40.312939,25.192236,36.329121,39.842724,54.581158,8.826518,89.312904,69.500946,63.885029,21.296572,134.279999,29.625656,73.240692
2010-10-19,9.256731,18.911900,39.953114,24.855892,35.693314,39.735798,53.431583,8.777502,88.142494,69.558678,64.270523,20.670952,130.110001,29.259983,73.224716
2010-10-20,9.287837,19.070126,40.148792,25.126278,36.181122,40.161674,54.635582,8.859727,89.003326,69.641998,64.409607,21.161303,131.320007,29.899927,73.224716
2010-10-21,9.257632,19.153006,40.395000,24.862484,36.351051,40.250404,53.958466,8.790153,89.199631,69.532974,63.644859,20.899216,129.470001,29.867661,73.224716
2010-10-22,9.196313,19.122866,40.281364,24.862484,36.362011,40.180702,53.575443,8.768018,89.365776,69.565071,64.074631,21.076757,129.729996,29.883799,73.240692
2010-10-25,9.237291,18.979712,40.388683,24.447012,36.285278,40.269413,54.067932,8.673139,89.630028,69.571495,64.257965,21.186665,130.850006,29.937569,73.224716
2010-10-26,9.213665,19.514662,40.300293,24.532747,36.466164,39.838463,53.794285,8.734809,89.645134,69.411209,63.265621,21.296572,130.880005,29.722469,73.240692
2010-10-27,9.207080,19.627697,40.129864,24.756969,35.994778,39.977898,53.500202,8.649422,89.388412,69.276527,62.709393,21.228939,129.520004,29.512737,73.240692
2010-10-28,9.129617,19.800987,40.123547,24.737181,36.296238,40.047607,53.171883,8.704763,89.403496,69.449677,62.880074,21.338846,131.240005,29.329893,73.224716
2010-10-29,9.002197,20.094831,40.237183,24.816328,36.444229,40.288429,53.760113,8.703180,89.471443,69.597107,63.467903,21.288118,132.619995,29.335270,73.240692
2010-11-01,9.097911,20.305811,40.205608,24.677830,36.696365,40.320133,54.218372,8.526083,89.501656,69.568817,63.194599,21.423388,131.919998,29.588026,73.240692
2010-11-02,9.252845,20.637331,40.325546,24.374464,37.184193,40.573631,54.546680,8.601979,90.211464,69.691032,64.025230,21.617842,132.490005,29.792362,73.208740
2010-11-03,9.355733,20.366085,40.521244,24.875677,37.255428,40.757427,54.635571,8.638352,90.573906,69.678139,62.719124,21.719290,131.570007,29.792362,73.224716
2010-11-04,9.519339,20.448965,40.881077,26.247402,38.028278,41.194717,56.892700,8.698440,92.318184,70.012413,63.207306,22.235008,136.029999,30.480726,73.224716
2010-11-05,9.485241,20.230453,40.811630,26.999208,38.368122,41.194717,57.138920,8.654165,92.665543,69.819565,62.123058,22.328007,136.380005,30.808765,73.224716
2010-11-08,9.529809,20.200319,40.609627,26.715628,38.543507,41.036282,56.851650,8.609885,92.491837,69.787445,62.402046,22.387188,137.779999,30.642046,73.224716
2010-11-09,9.453833,20.305811,40.596996,26.313356,38.957176,41.074310,56.024059,8.606729,91.827377,69.446762,61.026218,22.235008,135.589996,29.399799,73.224716
2010-11-10,9.512162,20.298265,40.369747,26.788177,39.232971,40.922192,56.400230,8.559290,92.197365,69.388870,61.108616,22.471729,137.240005,29.765478,73.224716
2010-11-11,9.470889,20.102367,40.350803,26.392485,39.619064,40.789101,56.386551,8.521340,91.850006,69.382454,61.076935,22.285734,137.660004,29.528866,73.208740
2010-11-12,9.213062,19.793455,40.192982,26.122093,39.155754,40.770088,55.428974,8.480226,90.762642,69.106018,60.747234,21.355751,133.690002,29.254606,73.240692
2010-11-15,9.183456,19.740713,40.489681,26.432053,38.874454,40.744759,55.962494,8.470739,90.634331,68.726822,59.479137,21.389570,132.419998,28.974970,73.240692
2010-11-16,9.020443,19.566343,39.858425,26.122093,38.025043,40.212391,54.970726,8.311033,89.222313,68.893913,60.956470,20.755493,130.970001,27.980099,73.240692
2010-11-17,8.987844,19.384403,39.807915,25.838520,38.063648,40.098301,55.517906,8.255689,89.267578,68.913231,60.620430,20.594860,130.380005,28.195196,73.240692
2010-11-18,9.225029,19.589092,40.293995,26.155069,38.780685,40.573631,56.844833,8.276245,90.581467,68.893913,60.867699,21.152851,132.089996,28.447950,73.224716
2010-11-19,9.174181,19.475376,40.293995,25.990200,38.907566,40.592644,57.433048,8.217742,90.830620,68.971046,61.241756,20.848492,132.199997,28.598536,73.224716
2010-11-22,9.372483,19.505695,40.161423,25.396667,38.714497,40.282108,57.453564,8.236712,90.755157,69.138199,61.501698,20.916128,133.479996,28.673811,73.224716
2010-11-23,9.234001,19.043261,39.687965,24.816328,38.047104,39.680023,56.516491,8.169654,89.441269,69.208900,61.806068,20.865400,134.410004,28.447950,73.224716
2010-11-24,9.415548,19.232786,39.953114,25.165848,38.543514,39.673672,57.925491,8.220751,90.762642,68.874657,60.702812,21.254301,134.179993,28.996471,73.240692
2010-11-26,9.421532,19.141809,39.666588,24.730581,38.184982,39.375816,57.542484,8.107392,89.705551,69.016068,61.546093,21.355751,133.110001,28.937323,73.240692
2010-11-29,9.477469,19.187302,39.418285,25.000978,38.306320,39.375816,57.227863,8.094619,89.977379,69.061073,62.072323,21.398027,133.509995,28.921194,73.240692
2010-11-30,9.306380,19.149393,39.189049,24.664642,38.367008,38.704014,57.863911,8.081845,89.471443,69.016068,62.395752,21.195122,135.419998,28.792124,73.240692
2010-12-01,9.463409,19.740709,39.742989,25.159250,39.343288,39.388485,59.813259,8.131340,91.374306,68.656181,61.008705,21.820742,135.380005,28.958830,73.224716
2010-12-02,9.515749,20.385082,39.857613,25.924257,39.426014,39.521584,60.613518,8.179239,92.544716,68.520515,60.849659,22.006741,135.199997,29.405182,73.224716
2010-12-03,9.494510,20.483639,39.832134,26.122093,39.266071,39.502571,61.133305,8.158483,92.793900,68.656181,60.372486,22.285734,138.070007,29.399799,73.240692
2010-12-06,9.575569,20.347183,39.602921,26.313356,39.332264,39.331444,61.010197,8.128151,92.695740,68.908157,61.225060,22.260374,139.110001,29.458956,73.224716
2010-12-07,9.517544,20.369921,39.672958,25.884682,39.414986,39.388485,61.796787,8.116971,92.748573,68.371902,59.914341,22.108194,136.500000,29.523491,73.224716
2010-12-08,9.601291,20.642834,39.762100,26.550772,39.630108,39.692699,61.297474,8.123361,93.088379,68.042358,59.335400,22.277279,134.789993,29.087896,73.224716
2010-12-09,9.563903,20.529121,39.513786,26.913473,39.712841,39.844803,61.331661,8.155290,93.450775,68.165154,59.628120,22.218102,135.369995,28.829771,73.240692
2010-12-10,9.587830,20.726217,39.418285,27.322351,39.812119,40.053944,61.516342,8.302173,93.994484,68.035912,59.265438,22.184280,135.410004,29.017986,73.240692
2010-12-13,9.621031,20.657993,39.386436,27.375113,39.911411,40.047607,62.672218,8.316543,94.054886,68.081108,59.488155,22.404095,136.050003,29.066381,73.240692
2010-12-14,9.579757,20.938492,39.965839,26.900286,39.812119,40.275753,62.986855,8.211171,94.137947,67.699928,58.622871,22.344915,136.179993,28.781376,73.240692
2010-12-15,9.581848,21.112856,39.838490,26.517782,39.630108,40.332798,63.691338,8.116971,93.707558,67.583618,57.859341,22.285734,134.699997,28.507107,73.224716
2010-12-16,9.608467,21.218988,39.730251,26.385895,39.834175,40.877834,63.746094,8.177639,94.251221,67.712883,58.260181,22.209646,133.809998,28.555506,73.224716
2010-12-17,9.589324,21.150761,39.819405,26.161673,39.806606,41.074310,63.328842,8.249485,94.352188,68.081108,59.322723,22.378731,134.199997,28.792124,73.240692
2010-12-20,9.637181,21.082533,39.787563,26.346313,39.834175,41.175701,63.814480,8.227136,94.579910,68.126411,59.259090,22.581636,135.110001,29.136297,73.240692
2010-12-21,9.696702,21.279631,39.692051,27.038778,40.109966,41.112343,64.724159,8.161675,95.179558,68.255577,59.672626,22.725363,135.320007,29.442820,73.240692
2010-12-22,9.725419,21.370598,39.488316,27.803780,40.154087,41.163036,64.683128,8.313350,95.475616,68.178040,59.246365,22.843723,135.050003,29.668673,73.224716
2010-12-23,9.678755,21.453987,39.634758,27.751022,40.374725,41.346821,64.601067,8.329314,95.338966,68.048843,59.125484,22.928268,134.660004,29.534248,73.224716
2010-12-27,9.711058,21.279631,39.431015,28.140106,40.269917,40.985577,64.341133,8.326123,95.376915,68.242638,59.653542,22.885996,135.020004,29.901220,73.224716
2010-12-28,9.734690,21.234142,39.507404,28.100546,40.496063,41.042629,64.081223,8.348477,95.513557,67.843376,58.485256,23.131172,137.220001,30.020800,73.240692
2010-12-29,9.729305,21.203823,39.558346,27.935661,40.468483,40.814476,64.142776,8.313350,95.581894,68.323013,59.474796,23.139627,137.710007,30.080627,73.224716
2010-12-30,9.680551,21.112856,39.437382,27.849937,40.462971,40.738419,64.204338,8.297387,95.430054,68.271194,59.430099,22.860632,137.029999,30.162174,73.240692
2010-12-31,9.647650,21.158339,39.380066,27.975243,40.330608,40.770088,64.060715,8.300577,95.452858,68.549911,60.087639,23.291805,138.720001,30.102371,73.224716
2011-01-03,9.857317,21.211407,39.997662,28.740234,41.119339,41.048950,64.395874,8.338897,96.439629,68.472107,59.634373,23.393257,138.000000,30.662338,73.240692
2011-01-04,9.908759,21.294796,40.335129,29.156195,41.312393,41.163036,64.094887,8.421916,96.386475,68.491592,59.704636,23.080444,134.750000,30.075178,73.240692
2011-01-05,9.989813,21.226559,40.309647,29.512716,41.202061,41.067970,64.648911,8.356455,96.887497,68.160995,58.389492,23.325621,134.369995,30.183910,73.240692
2011-01-06,9.981741,21.848194,40.245991,29.367468,41.466824,40.998253,63.978642,8.319734,96.697723,68.173973,58.644844,23.012812,133.830002,29.901220,73.240692
2011-01-07,10.053224,21.681425,39.857613,28.812866,41.692970,40.877834,64.108582,8.337299,96.507957,68.394325,58.957680,22.928268,133.580002,29.912086,73.224716
2011-01-10,10.242552,21.393345,39.577446,28.654409,41.439236,40.789101,63.876026,8.449060,96.386475,68.575874,59.276867,23.198807,134.119995,29.906649,73.240692
2011-01-11,10.218326,21.309954,39.647499,28.786451,41.748123,40.586300,64.259064,8.423514,96.728073,68.439705,58.944881,23.460894,134.910004,29.841412,73.240692
2011-01-12,10.301471,21.643515,39.793938,29.519327,42.239014,41.175701,63.944427,8.562415,97.601006,68.433235,58.485256,23.613073,135.460007,29.966457,73.224716
2011-01-13,10.339159,21.370598,40.054974,29.347666,42.310707,41.498924,64.389023,8.583173,97.441620,68.679550,59.008759,23.579258,134.050003,30.064306,73.224716
2011-01-14,10.422908,21.453987,39.825764,29.651382,42.933998,41.530628,64.300072,8.645438,98.147522,68.536995,58.632084,23.689159,132.690002,30.265467,73.224716
2011-01-18,10.188715,21.726908,39.539249,29.545729,43.413857,41.511597,66.128036,8.669390,98.314545,68.491592,58.357559,23.663797,133.429993,30.526417,73.224716
2011-01-19,10.134582,21.582867,39.832134,28.859089,43.154621,41.723576,65.653854,8.631069,97.350494,68.504547,58.778904,23.638432,133.720001,30.124115,73.240692
2011-01-20,9.950336,21.491894,40.023155,29.545729,42.884331,42.010876,64.327576,8.661406,97.221451,68.245239,57.968086,23.401712,131.199997,30.129549,73.240692
2011-01-21,9.772076,21.241720,39.895802,29.902267,43.562775,42.081104,63.736603,8.688544,97.441620,68.459183,58.427811,23.638432,131.029999,30.151297,73.224716
2011-01-24,10.093005,21.514645,39.615658,29.723991,43.347660,42.508881,64.987289,8.643842,97.995697,68.420273,58.453289,23.435532,130.360001,30.303524,73.224716
2011-01-25,10.211148,21.567703,38.889805,29.624949,43.397305,42.585503,64.863586,8.712493,98.048836,68.634171,59.008759,23.139627,130.100006,30.656904,73.240692
2011-01-26,10.284427,21.817875,38.584202,29.697598,43.937855,42.208797,65.798141,8.655016,98.428360,68.407318,58.114975,23.655344,131.160004,30.705824,73.224716
2011-01-27,10.265285,21.886099,38.635132,29.776819,44.059196,40.976559,66.402878,8.686947,98.671295,68.523972,58.376694,23.452438,127.930000,31.189692,73.240692
2011-01-28,10.052629,21.037046,38.208549,29.407089,43.568291,40.989342,65.750061,8.626276,96.948204,68.621239,58.683144,23.748343,130.279999,30.673204,73.224716
2011-01-31,10.148937,21.021881,38.055729,29.671173,44.500446,40.306183,66.664024,8.535273,97.676888,68.491592,58.236256,24.120335,129.869995,31.080952,73.224716
2011-02-01,10.319718,21.218988,38.603279,30.324823,46.282009,40.172112,67.351212,8.706107,99.240601,68.345963,57.947968,24.297874,130.800003,31.157064,73.224716
2011-02-02,10.298483,21.181082,38.596920,30.007904,46.006218,40.089088,68.093353,8.758793,99.050819,68.267960,57.960777,24.534599,130.449997,31.157064,73.224716
2011-02-03,10.272164,20.961231,38.711529,30.014509,46.022755,40.159340,67.983398,8.779552,99.270958,68.014336,57.480289,24.373966,132.199997,31.244040,73.224716
2011-02-04,10.363685,21.052206,38.737007,29.440088,45.934521,40.612659,68.436943,8.739634,99.551796,67.786766,56.897274,24.238695,131.660004,31.015701,73.240692
2011-02-07,10.524602,21.378183,38.756104,30.040915,46.293022,41.212807,69.041679,8.811481,100.174225,67.812752,57.191959,24.171061,131.679993,31.320160,73.224716
2011-02-08,10.623901,21.438835,38.800690,30.199379,46.010250,41.270256,69.137901,8.849798,100.629677,67.617752,56.666592,24.331694,133.139999,31.456074,73.224716
2011-02-09,10.712435,21.203823,38.762478,29.783417,45.771832,41.110649,68.574371,8.819465,100.401939,67.741333,57.159966,24.450056,133.070007,31.477831,73.240692
2011-02-10,10.604159,20.847521,38.794308,30.060719,46.132236,41.231956,69.131004,8.816270,100.439926,67.546249,56.500050,24.306330,132.850006,31.608295,73.224716
2011-02-11,10.673252,20.657993,38.647873,30.747364,45.921532,41.327732,71.151352,8.790724,101.039566,67.812752,57.313705,24.221786,132.320007,31.814886,73.224716
2011-02-14,10.742943,20.642834,38.647873,30.727554,47.080379,41.206413,70.958923,8.733250,101.282463,67.845314,57.352169,24.340149,132.949997,31.820332,73.224716
2011-02-15,10.764477,20.558950,38.596920,30.912436,46.004715,40.810566,70.780281,8.744425,100.963638,67.929840,57.608395,24.027336,133.970001,31.700731,73.240692
2011-02-16,10.861086,20.604710,38.533264,31.651896,46.403931,40.708427,71.158241,8.678964,101.601318,67.929840,57.422604,24.204878,134.100006,31.771391,73.240692
2011-02-17,10.716621,20.749598,38.705162,31.572678,46.509277,40.861656,71.027664,8.659811,101.904930,68.092339,57.512272,24.280968,135.039993,31.804008,73.240692
2011-02-18,10.485117,20.635212,38.908909,31.691528,46.853046,41.053188,72.745651,8.715686,102.117500,68.066391,57.332905,24.255606,135.410004,31.929070,73.224716
2011-02-22,10.127702,20.276804,38.616032,30.377642,47.374264,40.906342,70.099953,8.725267,100.067978,68.313484,58.191414,24.221786,136.289993,31.651798,73.224716
2011-02-23,10.247642,20.276804,38.450485,30.344612,48.278046,40.957417,68.732460,8.680563,99.453087,68.365433,58.402840,24.762867,137.509995,31.385393,73.240692
2011-02-24,10.255412,20.414066,38.361351,30.311621,47.668110,40.255116,69.110413,8.686947,99.384827,68.378464,58.774460,24.543055,136.479996,31.146204,73.240692
2011-02-25,10.413339,20.246300,38.316380,30.820005,47.318802,40.121048,70.093086,8.731653,100.447517,68.560501,59.120358,25.084135,137.380005,31.755091,73.240692
2011-02-28,10.564383,20.269175,39.472797,30.826599,47.424160,40.255116,70.732162,8.856185,101.069901,68.690552,59.197266,25.126404,137.660004,32.543396,73.224716
2011-03-01,10.447734,19.948893,38.997387,30.106924,47.019405,40.057194,68.622513,8.642244,99.384827,68.635071,59.368858,25.506849,140.029999,31.575676,73.224716
2011-03-02,10.531777,19.887886,39.068054,29.849442,47.174664,39.846500,69.385292,8.677731,99.597374,68.524284,58.456184,25.608307,139.919998,31.287537,73.240692
2011-03-03,10.754307,19.979399,39.222256,30.423857,47.584965,39.935875,71.639282,8.780958,101.312828,68.283051,57.884163,25.599850,138.089996,31.738771,73.224716
2011-03-04,10.767467,19.788755,39.228676,30.054119,47.174664,39.603893,70.807777,8.830960,100.553795,68.465622,58.366169,25.726665,139.350006,31.434332,73.240692
2011-03-07,10.628687,19.613361,38.804649,29.836243,46.975033,39.399555,70.182419,8.809993,99.764328,68.498215,57.993431,25.608307,139.720001,31.206001,73.224716
2011-03-08,10.640651,19.758251,39.003807,30.635134,46.908482,39.616631,71.556808,8.919675,100.637283,68.446098,57.639935,25.388493,139.360001,31.646353,73.224716
2011-03-09,10.542247,19.743000,38.804649,30.740772,46.786514,39.584724,70.340454,8.995482,100.493065,68.609070,58.199123,25.489943,139.410004,31.613737,73.224716
2011-03-10,10.368771,19.376968,38.297112,30.060719,45.123089,39.259090,67.612350,8.927735,98.633308,68.850235,59.176056,25.075678,137.770004,31.129879,73.224716
2011-03-11,10.527893,19.582853,38.348488,30.199379,45.533401,39.259090,68.732460,8.982578,99.316498,68.863342,58.841827,24.931955,138.220001,31.445194,73.240692
2011-03-14,10.574854,19.590487,37.988712,29.908869,45.677570,39.169716,70.161797,8.884188,98.716835,68.902428,58.816151,24.999588,138.860001,31.129879,73.240692
2011-03-15,10.331684,19.361713,37.571117,29.453308,45.128639,38.729195,69.234116,8.672892,97.585823,68.928482,59.696602,24.086517,136.270004,30.966787,73.256668
2011-03-16,9.870479,18.904167,37.044300,28.925114,43.975342,38.135410,68.993576,8.484172,95.779228,69.124077,60.371582,24.230244,136.240005,30.510118,73.256668
2011-03-17,10.008962,18.896547,37.346256,29.420288,45.001118,38.582336,70.862740,8.519660,97.046883,69.078430,59.908772,24.982679,136.970001,30.743881,73.256668
2011-03-18,9.890221,18.911793,37.628944,30.199379,44.829239,38.690868,72.195847,8.509983,97.399841,69.052383,60.069454,25.126404,138.369995,31.053770,73.256668
2011-03-21,10.148337,19.315956,37.795986,30.126745,45.932602,39.137794,73.934456,8.671280,98.909340,68.889397,59.715961,25.244768,139.139999,31.390839,73.256668
2011-03-22,10.205165,19.293072,37.770283,30.021114,45.777382,38.901573,73.384697,8.692248,98.566284,68.895920,59.915211,25.430761,139.050003,31.189692,73.224716
2011-03-23,10.145050,19.476099,37.725307,30.106924,45.799549,38.888794,73.364082,8.659986,98.848381,68.863342,59.838043,25.481489,140.339996,30.847176,73.240692
2011-03-24,10.317924,19.681997,37.924469,30.192772,45.871635,39.035652,74.470482,8.713219,99.793694,68.674202,59.388165,25.566032,139.220001,30.977657,73.224716
2011-03-25,10.514428,19.537107,37.892353,30.278606,46.365120,38.869648,74.965225,8.726118,100.098656,68.615540,59.240292,25.633667,139.259995,31.219698,73.224716
2011-03-28,10.481529,19.376968,38.059406,30.344612,46.281933,38.729195,75.178253,8.672892,99.854668,68.582924,59.323875,25.287037,138.539993,31.181362,73.240692
2011-03-29,10.497086,19.437971,38.046539,30.384233,46.159954,39.125027,75.961685,8.819671,100.525543,68.498215,58.867519,25.430761,138.210007,31.307318,73.224716
2011-03-30,10.427396,19.529480,38.149349,30.668148,46.847500,39.565567,76.641968,8.868058,101.219292,68.615540,59.336739,25.396948,138.669998,31.761850,73.240692
2011-03-31,10.423804,19.361713,38.065811,30.437052,46.647896,39.329342,76.518295,8.890642,101.082092,68.537338,59.214626,25.794300,139.860001,32.019215,73.224716
2011-04-01,10.305662,19.430351,38.220016,30.602123,46.952854,39.635811,77.734642,9.021294,101.508980,68.630806,59.502499,25.971842,139.199997,32.068508,73.224716
2011-04-04,10.204868,19.483725,38.644032,30.761429,47.058205,39.750721,77.913300,9.063226,101.592880,68.741997,59.567024,26.208565,139.839996,32.046612,73.224716
2011-04-05,10.136074,19.659113,38.419163,30.920753,47.363167,39.374016,77.177956,9.082582,101.577614,68.598129,59.328194,26.233929,142.050003,32.079460,73.224716
2011-04-06,10.110653,19.941273,38.329227,31.624392,47.230091,39.431484,76.277763,9.124522,101.897812,68.395447,58.437485,26.310019,142.380005,32.095901,73.224716
2011-04-07,10.111850,19.979399,38.213585,31.465078,47.551693,39.667725,75.487518,9.040648,101.638641,68.500084,58.321335,26.360744,142.509995,31.739935,73.240692
2011-04-08,10.021520,19.880266,38.200722,31.093346,47.657047,39.520874,75.466888,9.032578,101.287918,68.369286,58.011536,26.986368,143.660004,31.509949,73.224716
2011-04-11,9.894104,19.811630,38.457722,31.106628,47.218994,39.706028,74.951492,8.898706,100.982964,68.434708,58.063141,26.487558,142.639999,31.531849,73.224716
2011-04-12,9.941964,19.552357,38.509113,30.960571,46.121143,40.152950,73.233543,8.890642,100.228195,68.696236,58.689255,25.946482,141.610001,31.477070,73.240692
2011-04-13,10.053523,19.544735,38.290680,30.701693,46.110062,40.216808,73.961952,8.866449,100.220627,68.768196,59.057091,26.149385,141.899994,31.427794,73.240692
2011-04-14,9.942561,19.384588,38.560509,29.852007,46.265305,40.414722,73.927582,8.897089,100.296837,68.702797,59.011929,26.217018,143.809998,31.882326,73.224716
2011-04-15,9.794209,19.346462,38.907440,29.798893,46.736614,40.976559,73.673332,8.890642,100.662758,68.951248,59.812283,26.352289,145.050003,32.293034,73.240692
2011-04-18,9.925508,19.125319,38.843193,29.181536,46.076775,40.861656,71.398720,8.860001,99.534485,69.068962,59.947784,26.191658,145.929993,32.002792,73.224716
2011-04-19,10.105268,19.178701,40.275879,29.639570,46.464931,40.772247,72.910545,8.853545,100.106255,69.206245,60.206009,26.200109,145.929993,32.254704,73.224716
2011-04-20,10.241359,19.643867,41.368065,29.579836,47.490704,40.682888,74.718498,8.980968,101.470909,69.108177,59.818718,26.614374,146.500000,32.632565,73.224716
2011-04-21,10.489307,19.460846,41.162472,29.659494,47.884365,40.395573,75.505142,8.953546,101.989296,69.153961,59.767090,26.808828,146.740005,32.851608,73.224716
2011-04-25,10.558398,19.529480,41.188175,29.613033,47.806747,40.459408,75.111786,8.945483,101.882545,69.193214,59.993011,26.732738,146.869995,33.070648,73.224716
2011-04-26,10.480932,19.971775,41.727844,29.951569,48.472111,40.753105,77.244064,9.039031,102.759293,69.448204,60.573887,26.724283,146.380005,33.360901,73.224716
2011-04-27,10.472857,20.116659,42.126156,30.203823,48.671730,41.213406,77.706383,9.064842,103.430168,69.389343,59.954296,26.884916,149.199997,33.607319,73.224716
2011-04-28,10.371167,20.368311,42.004097,30.436163,48.427769,41.522388,77.727089,9.166457,103.765602,69.552811,60.412529,26.690466,149.820007,34.056366,73.224716
2011-04-29,10.472257,19.765882,42.222546,30.290117,48.782623,41.779900,79.638527,9.124522,104.009552,69.611679,60.599724,26.969460,152.369995,33.859219,73.224716
2011-05-02,10.357107,19.567608,42.537342,29.991404,48.222595,41.960152,78.920860,9.129356,103.849449,69.648399,60.696892,26.698919,150.410004,33.908501,73.224716
2011-05-03,10.414531,19.681997,42.569462,30.482620,47.474049,42.301338,78.161789,9.253557,103.475914,69.668068,61.040493,26.419926,149.880005,33.618275,73.224716
2011-05-04,10.455508,19.872633,42.190411,30.203823,47.024910,42.790607,76.436714,9.263237,102.789764,69.799232,61.312702,25.997206,147.729996,33.426605,73.256668
2011-05-05,10.371167,19.666740,41.766388,29.984766,45.810627,42.410778,75.484413,9.201943,101.859680,69.956589,61.896103,24.255606,143.470001,33.404701,73.256668
2011-05-06,10.368472,19.727753,41.933430,29.898472,45.849461,42.018093,76.139984,9.256782,102.309471,69.950050,61.623852,24.179516,145.300003,33.108997,73.256668
2011-05-09,10.396587,19.697245,42.164711,29.845369,46.121143,41.934402,77.050842,9.298720,102.705902,70.028732,61.559048,25.067225,147.380005,33.278751,73.256668
2011-05-10,10.451921,19.575237,42.248230,29.978121,46.209862,42.314224,77.885826,9.411627,103.582634,69.904129,61.118225,25.295492,147.899994,33.804474,73.256668
2011-05-11,10.385523,19.338840,42.768631,29.360765,45.234039,42.436546,75.891571,9.390657,102.492455,70.028732,61.468288,24.483873,146.539993,33.448505,73.256668
2011-05-12,10.365780,19.308329,43.166969,29.267839,45.195000,43.028790,74.959991,9.497115,102.980377,69.923805,61.079365,24.509235,146.589996,33.503273,73.256668
2011-05-13,10.184226,19.087189,42.800755,28.643847,45.094620,43.041656,73.372871,9.458403,102.187508,70.035324,61.630318,24.551510,145.630005,33.147316,73.240692
2011-05-16,9.968882,18.736404,42.640144,28.464607,44.743324,43.093174,73.207298,9.366466,101.539497,70.186134,61.973839,24.230244,145.369995,33.196594,73.240692
2011-05-17,10.053825,18.820839,42.659420,29.081974,44.838135,43.402168,70.440178,9.451951,101.524254,70.264824,62.609138,24.289423,144.740005,33.185646,73.240692
2011-05-18,10.165385,18.951324,42.723640,29.261209,45.579762,43.376419,72.627655,9.435824,102.431488,70.153389,61.779400,24.779776,145.600006,33.508736,73.224716
2011-05-19,10.185126,18.974354,42.652996,29.208107,45.908760,43.427921,72.662117,9.418079,102.675438,70.100868,61.753494,24.585323,145.649994,33.651134,73.256668
2011-05-20,10.026306,18.797817,42.203266,28.630571,45.484947,43.363541,71.992790,9.319686,101.859680,70.166466,61.785896,24.813593,147.490005,33.240410,73.240692
2011-05-23,10.001782,18.552183,42.119740,28.245556,44.983097,43.163998,70.309059,9.289043,100.678009,70.225525,62.084053,24.416237,147.830002,32.900879,73.240692
2011-05-24,9.935681,18.536833,42.261086,28.106165,45.328819,43.138233,70.074471,9.255169,100.594139,70.251740,62.317406,24.745960,148.589996,32.999451,73.240692
2011-05-25,10.072963,18.567545,42.588734,28.059683,45.702431,42.732651,71.247551,9.195489,100.929634,70.238632,62.025738,25.194040,148.580002,33.152790,73.240692
2011-05-26,10.019725,18.935976,42.452648,28.179174,45.942200,42.610340,71.896202,9.210008,101.394592,70.389442,62.557266,25.287037,148.220001,33.596367,73.240692
2011-05-27,10.091807,19.005058,43.269180,28.404877,46.076012,42.616791,72.179108,9.250332,101.783447,70.455040,62.531288,25.430761,149.699997,33.788033,73.240692
2011-05-31,10.403463,19.196947,43.606155,28.703594,46.544422,43.131790,73.007164,9.347110,102.843124,70.474731,62.673927,25.574488,149.639999,34.324696,73.240692
2011-06-01,10.334081,18.751760,43.081257,27.721136,45.741470,42.745537,69.860542,9.242890,100.533188,70.779266,63.520985,25.253223,149.910004,33.338982,73.224716
2011-06-02,10.351720,18.590565,43.081257,27.621565,45.351120,42.494484,70.516090,9.153328,100.426445,70.496429,62.310917,25.473034,149.500000,33.098045,73.224716
2011-06-03,10.272164,18.352617,42.828518,27.595018,45.267490,42.121090,69.763947,9.067024,99.427727,70.588478,62.668728,25.574488,150.220001,33.229465,73.224716
2011-06-06,10.110653,18.429375,42.802589,26.904636,44.771206,42.166161,68.908257,9.023052,98.375664,70.601685,62.193810,25.278584,150.479996,32.742073,73.224716
2011-06-07,9.931193,18.467756,42.446186,27.030767,44.609505,41.882919,68.922058,9.023052,98.314713,70.746361,62.480011,25.515308,150.419998,33.087070,73.240692
2011-06-08,9.937173,18.375652,42.860909,26.811714,45.033279,41.747715,67.652390,9.037709,97.903008,70.805527,62.967972,25.726665,149.809998,32.993980,73.240692
2011-06-09,9.914747,18.390997,43.275646,27.203344,45.267490,41.850708,68.494209,9.058882,98.650139,70.700356,62.714291,25.870388,150.559998,32.638039,73.224716
2011-06-10,9.747546,18.199108,42.828518,27.249819,44.486813,41.651134,66.789833,9.036082,97.277885,70.693733,63.195686,25.599850,149.240005,31.816591,73.240692
2011-06-13,9.768481,18.452406,43.152531,27.661394,44.180149,41.696220,65.858269,9.102847,97.354111,70.601685,62.876900,25.430761,147.770004,31.948032,73.224716
2011-06-14,9.943159,18.590565,43.483021,27.621565,44.821392,41.689781,67.528152,9.101219,98.589149,70.410934,61.927101,25.608307,148.669998,32.424465,73.240692
2011-06-15,9.772971,18.222132,42.873878,27.004211,43.862267,41.046009,66.003166,9.032824,96.835701,70.588478,63.052551,24.923500,149.119995,31.904219,73.240692
2011-06-16,9.725419,18.421703,42.977558,26.791790,44.174549,41.367908,65.872063,9.143559,97.049194,70.634544,63.338779,24.822050,148.970001,32.156120,73.240692
2011-06-17,9.578860,18.621269,42.958126,27.083866,44.063030,41.644718,66.210167,9.221719,97.338776,70.700356,63.039574,24.712139,149.940002,32.462807,73.240692
2011-06-20,9.431103,18.782452,43.100670,26.871437,44.447788,41.902210,67.748985,9.290114,97.836746,70.608231,63.117615,24.576872,150.029999,32.857086,73.240692
2011-06-21,9.729602,19.005058,43.087734,27.156885,44.927338,41.342152,69.964043,9.277088,99.177505,70.673973,62.837868,24.593782,150.759995,33.114468,73.224716
2011-06-22,9.649146,18.920620,42.815556,27.010857,44.509125,41.239147,69.108421,9.236377,98.579918,70.627968,62.876900,24.703686,150.990005,33.015888,73.240692
2011-06-23,9.906968,18.905264,42.556339,26.599287,43.739613,40.852890,69.384407,9.181012,98.296463,70.858162,63.358284,24.179516,148.339996,32.347790,73.240692
2011-06-24,9.761008,18.651972,42.161034,26.214268,42.813972,40.292835,69.011787,9.218459,97.154907,70.792419,63.091621,23.892067,146.259995,32.352764,73.224716
2011-06-27,9.931193,19.342785,42.284161,26.473162,43.449635,40.440887,69.556938,9.278717,98.020645,70.667435,62.226345,23.883610,145.729996,32.490837,73.224716
2011-06-28,10.027502,19.803328,42.711880,26.247456,44.403168,40.376518,71.654655,9.296627,99.300117,70.384605,61.725399,24.306330,146.240005,32.761459,73.224716
2011-06-29,9.991014,19.665169,42.971088,26.851536,44.748901,40.267067,71.323433,9.319427,100.150574,70.174110,61.315571,24.745960,147.179993,33.103867,73.240692
2011-06-30,10.039765,19.956842,43.107170,27.176802,45.379005,40.923710,73.462570,9.356876,101.108192,70.160988,61.217983,24.483873,146.000000,33.192230,73.240692
2011-07-01,10.266779,19.972197,43.612644,27.771238,45.730312,41.374344,74.953102,9.474125,102.602196,70.183411,61.120064,24.517689,144.929993,33.761082,73.224716
2011-07-05,10.451324,19.979874,43.820000,27.403894,45.501682,41.367908,74.821983,9.394331,102.517906,70.453865,61.257149,24.847412,147.630005,34.020668,73.224716
2011-07-06,10.521014,20.210144,43.774624,27.089981,45.484947,41.651134,75.960571,9.405732,102.640511,70.493416,61.570477,24.838959,148.910004,34.274696,73.240692
2011-07-07,10.683722,20.547874,44.014400,27.597580,45.925484,41.812092,77.030136,9.452954,103.705452,70.295525,61.387695,25.363127,149.149994,34.705498,73.224716
2011-07-08,10.758793,20.663013,43.787590,27.210205,45.958923,41.799217,76.188271,9.395962,102.969940,70.658333,62.255882,25.337767,150.250000,34.661324,73.224716
2011-07-11,10.588011,20.440414,43.593189,26.335258,45.668949,41.664028,74.635674,9.308028,101.108192,70.849556,63.189377,25.143311,151.589996,34.059315,73.208740
2011-07-12,10.580532,20.371332,43.437668,26.308540,45.663387,41.541706,73.786903,9.329198,100.671494,70.908989,63.404751,25.363127,152.770004,34.175320,73.224716
2011-07-13,10.708244,20.440414,43.826504,26.462149,45.992409,41.612526,74.966896,9.314538,101.008614,71.047493,63.581032,25.709757,154.139999,33.838402,73.240692
2011-07-14,10.700766,20.317598,43.845932,26.949726,45.858566,41.586773,74.235443,9.280344,100.311409,70.869423,62.673672,25.566032,154.539993,33.523602,73.240692
2011-07-15,10.914623,20.555555,43.709827,26.702604,46.282341,41.734837,75.463737,9.249403,100.893684,70.968361,62.778084,25.794300,155.199997,33.893642,73.240692
2011-07-18,11.180221,20.409710,43.476536,26.602411,46.087173,41.554588,74.701477,9.177752,100.066254,70.862846,62.171043,25.650576,156.570007,33.656155,73.240692
2011-07-19,11.271448,21.138901,43.236786,26.976440,46.633648,41.593220,75.976524,9.244519,101.690453,71.014542,63.463520,25.828119,154.660004,34.197384,73.240692
2011-07-20,11.572036,20.770470,42.925716,27.357134,46.449661,41.667858,76.440811,9.272202,101.629173,70.902390,62.712814,25.912664,156.020004,34.445919,73.224716
2011-07-21,11.583700,20.801176,43.074768,28.245441,47.408752,41.856075,77.334755,9.426902,103.038933,70.790260,62.229797,25.785847,154.830002,34.722065,73.224716
2011-07-22,11.763455,21.131226,43.236786,28.178652,47.520267,41.700317,72.865143,9.356876,103.107826,70.942009,62.699783,25.997206,156.119995,34.893272,73.240692
2011-07-25,11.918989,21.422905,42.932194,27.844706,47.157803,41.090225,73.218536,9.369909,102.533211,70.737473,62.014374,25.870388,157.339996,34.567421,73.240692
2011-07-26,12.065844,21.553385,42.718342,27.677729,47.046291,40.947430,72.899757,9.340598,102.150154,70.902390,62.438671,26.073296,157.770004,34.644737,73.240692
2011-07-27,11.742223,20.977715,42.271210,27.163439,46.455212,40.369781,70.224937,9.224978,100.058586,70.783630,62.445232,25.895754,157.190002,33.672726,73.240692
2011-07-28,11.719191,21.277063,42.173992,27.170118,45.423630,40.188049,69.046875,9.158210,99.767456,70.922157,62.680164,25.811211,157.320007,33.705853,73.240692
2011-07-29,11.679112,21.031437,41.986069,27.016514,44.492390,39.908978,68.457901,8.997000,99.085617,71.344345,63.920475,25.599850,158.289993,33.711384,73.240692
2011-08-01,11.866647,20.931650,41.739822,27.009827,44.386444,39.870026,69.795296,9.023052,98.664207,71.516357,64.565628,25.599850,157.720001,33.203278,73.240692
2011-08-02,11.632154,20.570900,41.104729,26.609089,43.405048,39.506580,67.342201,8.832530,96.143578,71.820549,66.504326,25.599850,161.520004,32.142902,73.240692
2011-08-03,11.741624,20.663013,41.091789,26.649166,43.338123,39.415707,66.718544,8.798332,96.664566,71.893295,66.635284,25.219402,161.490005,31.877792,73.240692
2011-08-04,11.286999,19.910788,40.074387,25.326723,41.174557,38.669312,62.054890,8.547557,92.136627,72.276978,69.006210,24.264061,160.639999,30.320360,73.240692
2011-08-05,11.174833,19.711218,40.638165,25.112995,41.721039,39.324852,63.052746,8.599665,91.998756,71.800751,67.015144,24.365509,161.750000,29.563734,73.240692
2011-08-08,10.564383,18.790140,39.607788,22.748638,39.139252,38.481098,57.238792,8.169761,86.007484,71.833794,69.130638,23.460894,167.119995,26.995617,73.240692
2011-08-09,11.186503,19.634459,40.307655,24.311512,39.947796,39.084702,60.620453,8.457993,90.006767,72.257156,69.340233,23.689159,168.610001,29.453276,73.240692
2011-08-10,10.877831,18.575220,39.011600,22.955681,38.185314,37.974861,57.869396,8.173023,86.030472,72.845810,71.403374,23.790613,174.580002,28.773964,73.240692
2011-08-11,11.177233,19.335104,41.111229,24.505205,40.177937,39.233978,60.461079,8.541041,89.891823,71.939629,67.801056,24.306330,170.750000,30.265125,73.240692
2011-08-12,11.275633,19.266027,41.059387,23.984247,40.413670,39.681808,62.235077,8.580122,90.497063,72.257156,69.143738,24.272512,169.970001,30.259607,73.240692
2011-08-15,11.467651,19.580736,41.856457,24.632107,41.699070,40.162086,63.316059,8.913950,92.412445,72.369568,68.442947,24.568417,171.800003,31.364187,73.240692
2011-08-16,11.380016,19.580738,41.707424,24.064400,41.255634,39.993355,61.916283,8.905809,91.623299,72.521736,69.576050,24.568417,173.919998,31.270290,73.240692
2011-08-17,11.378820,19.503490,41.642628,24.425060,41.626080,40.025784,60.731335,8.964432,91.684624,72.640762,70.794281,24.779776,174.419998,31.358652,73.240692
2011-08-18,10.948421,19.055492,40.929771,23.503361,39.818718,39.500080,57.744675,8.889524,87.731323,72.746582,72.248276,24.171061,177.720001,29.961378,73.208740
2011-08-19,10.648728,18.576599,40.916809,22.942322,39.178825,39.564987,55.416283,8.840670,86.298615,72.779648,72.831207,24.602236,179.949997,29.386995,73.240692
2011-08-22,10.660987,18.522524,41.014023,22.314505,39.392124,40.051762,55.360844,8.814619,86.367584,72.687073,72.647789,24.644506,184.589996,29.420141,73.208740
2011-08-23,11.174239,19.094116,42.102699,23.229521,41.345470,40.901989,57.502125,8.975829,89.209946,72.515114,71.645714,24.898136,177.669998,30.143635,73.240692
2011-08-24,11.251404,19.233143,42.465611,23.930820,41.278080,41.090225,59.179096,9.217622,90.466461,72.105011,69.608772,24.644506,171.649994,30.541277,73.240692
2011-08-25,11.177829,18.978251,41.830547,23.857349,40.284580,40.583973,57.689217,9.081100,89.087372,72.250526,70.362007,24.754414,172.360001,29.972422,73.208740
2011-08-26,11.472737,19.503490,42.026676,24.184626,40.772919,40.609924,59.012764,9.113996,90.382164,72.349716,71.056221,25.033407,177.470001,30.336941,73.240692
2011-08-29,11.663863,19.959217,43.059704,25.139711,41.603642,40.947430,61.084755,9.258741,92.979393,72.270355,70.073807,25.117952,173.889999,31.375227,73.240692
2011-08-30,11.664457,20.260452,43.000858,24.752329,41.485783,41.213520,62.248920,9.283411,93.224579,72.495262,71.200302,25.456125,179.100006,31.463579,73.240692
2011-08-31,11.510125,20.546249,43.020458,25.086296,41.547504,41.330349,63.059685,9.329467,93.638306,72.429123,70.100044,25.498398,177.720001,31.817049,73.240692
2011-09-01,11.396464,20.245010,42.713184,24.244730,41.250011,41.057766,61.361935,9.329467,92.657654,72.662445,71.585945,25.320858,177.869995,31.358652,73.240692
2011-09-02,11.187698,19.928320,41.889385,23.129333,40.492275,40.596958,59.165218,9.150187,90.290237,72.881187,73.911522,25.185589,183.240005,30.618603,73.240692
2011-09-06,11.357885,19.704323,42.262062,22.334538,39.936577,40.486610,59.386982,9.054783,89.631317,73.073395,74.680115,25.101044,182.899994,30.486050,73.224716
2011-09-07,11.483206,20.082806,42.778576,23.256239,41.339832,40.707294,61.458954,9.046558,92.159637,72.901031,73.254608,25.329311,177.080002,31.634800,73.208740
2011-09-08,11.489488,20.252741,42.464737,22.381294,40.873955,40.830605,60.315525,8.990630,91.201958,72.920982,73.911522,25.160223,181.809998,31.391792,73.208740
2011-09-09,11.290286,19.881977,41.608246,21.426195,39.858006,40.136150,58.181225,8.816283,88.811584,73.020363,74.699806,24.762867,180.699997,30.408722,73.224716
2011-09-12,11.363866,19.997845,41.575550,21.653282,40.323868,40.129642,58.118855,8.901813,89.386139,72.874557,74.778641,24.703686,176.669998,30.508144,73.224716
2011-09-13,11.503842,20.113708,41.588634,21.700037,40.217224,40.201042,58.915756,8.814635,90.205925,72.901031,73.714447,24.627600,178.539993,30.579935,73.208740
2011-09-14,11.643820,20.469009,41.667091,21.907091,40.772919,40.460667,59.213734,8.857399,91.454765,72.914330,74.338562,24.509235,177.210007,30.778759,73.208740
2011-09-15,11.753286,20.847492,42.105141,22.581665,41.541893,40.746231,60.010624,8.938001,93.033005,72.702225,73.202087,24.610689,174.399994,31.286860,73.208740
2011-09-16,11.978806,20.947908,42.229366,22.327860,41.845009,41.752235,59.525574,9.092612,93.583694,72.808273,73.734184,24.500784,176.029999,31.590620,73.208740
2011-09-19,12.311699,21.017427,41.935146,21.700037,41.367897,41.414742,58.624699,9.005434,92.651840,72.967323,75.139992,24.086517,173.309998,30.900255,73.224716
2011-09-20,12.366137,20.839766,41.987457,21.539740,41.541893,41.589962,57.973320,9.156757,92.544014,73.113167,75.455330,24.044249,175.779999,30.883688,73.224716
2011-09-21,12.326954,20.075079,41.274818,20.264051,40.396843,40.901989,54.993572,9.015306,89.817825,73.232491,77.951729,23.689159,173.589996,29.254450,73.224716
2011-09-22,12.018288,19.356730,40.483700,19.549400,38.864498,39.701279,51.210011,8.775163,86.914505,73.444611,80.881554,22.852180,169.050003,28.542017,73.208740
2011-09-23,12.092464,19.356730,40.267956,19.763128,38.903778,39.753231,51.182281,8.850824,87.438187,73.066750,79.377258,22.446369,159.800003,28.752245,73.224716
2011-09-26,12.058666,19.650255,40.987129,21.139002,40.256519,40.590458,53.254242,8.944581,89.517471,72.901031,78.102783,22.522457,157.580002,29.153751,73.224716
2011-09-27,11.941720,19.827902,41.725933,21.085564,40.924458,41.057766,53.822475,8.974182,90.518639,72.801605,76.907150,22.902906,160.630005,29.443727,73.208740
2011-09-28,11.874426,19.758387,41.353264,20.350876,40.452965,40.713757,52.027695,8.855756,88.670364,72.741966,76.880844,22.285734,156.220001,28.696478,73.224716
2011-09-29,11.681805,19.657965,41.778240,20.965347,41.468929,41.343327,52.242538,8.967607,89.371170,72.715439,77.412971,22.547819,157.699997,29.142591,73.224716
2011-09-30,11.405137,19.225414,41.640930,20.117113,40.767311,41.005840,51.168434,8.885366,87.137840,72.987190,79.357475,21.770018,158.059998,28.367468,73.224716
2011-10-03,11.204147,18.947357,40.588306,19.135302,39.936577,40.785168,48.888573,8.696207,84.658096,73.285461,81.541443,21.660112,160.960007,27.029118,73.224716
2011-10-04,11.141336,19.573006,40.647148,20.388527,40.879559,41.129162,50.267567,8.719236,86.514069,73.059639,80.507385,21.617842,157.639999,28.094223,73.224716
2011-10-05,11.313316,19.997845,40.764824,20.779322,41.508213,41.109676,51.459484,8.720881,88.115898,72.813828,79.927879,21.922197,159.460007,27.854437,73.224716
2011-10-06,11.286999,20.345425,41.065594,21.816946,41.474545,41.284916,53.420555,8.842600,89.710037,72.694344,78.452560,22.378731,160.490005,28.618404,73.208740
2011-10-07,11.060580,20.275902,41.274818,20.684998,41.289318,41.479637,52.332611,8.914968,89.109337,72.548225,77.872993,22.277279,159.179993,27.820976,73.224716
2011-10-10,11.629165,20.808868,42.124760,21.763037,42.816067,42.057262,54.834194,9.063004,92.089653,72.402084,76.773125,22.776089,163.270004,29.209507,73.208740
2011-10-11,11.972525,20.855213,41.817463,21.763037,42.810421,41.907978,55.894436,9.008724,92.182053,72.574814,76.516273,22.945175,162.100006,28.629559,73.224716
2011-10-12,12.029356,20.824320,42.059364,22.369442,43.309994,42.115692,56.615105,8.993923,92.990677,72.435287,75.403267,22.987448,163.259995,29.097977,73.208740
2011-10-13,12.215990,20.994255,41.993980,21.291397,42.866566,41.959915,56.434959,8.979122,92.805862,72.475151,76.154053,23.038174,162.300003,28.908382,73.224716
2011-10-14,12.621865,21.063765,42.314358,21.486788,43.843224,42.115692,58.271309,9.023529,94.392288,72.355583,75.047607,23.562346,163.399994,29.577566,73.208740
2011-10-17,12.561745,20.839766,41.706322,20.914083,43.483997,41.706795,56.490379,8.995570,92.590240,72.641159,76.345055,23.224169,162.619995,28.936270,73.208740
2011-10-18,12.629045,21.094673,42.118233,22.147097,44.281059,42.135155,58.707867,9.018598,94.399963,72.561523,75.870850,23.350986,161.839996,29.956768,73.224716
2011-10-19,11.922578,20.955635,40.954437,21.729345,44.022865,42.367439,57.904037,9.005434,93.283295,72.667747,75.844490,22.894447,159.869995,29.611019,73.224716
2011-10-20,11.823576,20.886116,40.882526,22.322279,44.180016,42.589901,58.712311,9.059715,93.691467,72.627914,75.304443,22.860632,157.770004,29.778299,73.224716
2011-10-21,11.750598,20.978800,41.699764,22.517668,44.977051,43.355480,60.893311,9.189655,95.470421,72.667747,74.507568,22.978994,159.520004,30.759766,73.208740
2011-10-24,12.136430,21.001978,42.320889,23.292513,44.999508,42.773132,63.945290,9.184726,96.640953,72.554832,74.632660,23.342535,161.020004,31.523743,73.208740
2011-10-25,11.897149,20.708464,41.640930,22.564829,44.589752,42.210407,62.635311,9.079454,94.761917,72.926781,76.529488,23.418621,165.589996,31.010712,73.224716
2011-10-26,11.981801,20.538532,42.163979,23.029743,45.504684,42.498302,63.805904,9.215978,95.724579,72.727509,75.192528,23.283354,167.399994,31.239346,73.224716
2011-10-27,12.104128,21.048326,42.824326,24.943274,45.959354,42.701145,67.122696,9.507111,99.059135,72.448608,72.643707,23.900522,169.550003,32.722679,73.208740
2011-10-28,12.111905,20.839766,42.889709,24.720917,45.734802,42.354347,67.485046,9.382105,99.036049,72.734238,73.407692,23.799070,169.619995,32.789612,73.208740
2011-10-31,12.106822,20.569429,42.098602,23.420530,43.832016,41.870140,65.819695,9.276835,96.648705,73.079536,76.318741,23.435532,167.339996,32.421551,73.192749
2011-11-01,11.859468,20.075079,41.438251,22.039280,42.625210,41.032619,63.847713,9.104125,93.953339,73.430435,78.873421,23.156536,167.380005,31.378759,73.224716
2011-11-02,11.886385,20.090521,41.608246,22.665903,43.427872,41.130764,65.457321,9.243938,95.485832,73.430435,77.889580,23.300261,169.059998,31.981022,73.208740
2011-11-03,12.055674,20.492189,42.065903,23.164497,44.264210,41.359776,66.892723,9.475857,97.226257,73.270653,76.819855,23.587708,171.720001,32.421551,73.192749
2011-11-04,11.971029,20.275902,41.922070,22.888260,44.073368,41.242012,66.711571,9.283411,96.633308,73.250694,76.912315,23.663797,170.850006,32.159458,73.208740
2011-11-07,11.955777,20.700737,41.843613,23.070171,44.539242,41.523354,66.195961,9.215978,97.233948,73.310593,77.400955,24.010429,174.979996,32.165031,73.224716
2011-11-08,12.150187,20.978800,42.405884,23.595713,45.036129,42.014107,66.816093,9.285056,98.481537,73.210716,76.410530,24.128790,173.529999,32.583260,73.224716
2011-11-09,11.822676,20.237286,41.536324,21.924744,43.697922,41.039169,63.854713,9.026822,94.846642,73.337204,77.995216,23.596163,172.070007,31.094372,73.208740
2011-11-10,11.521788,20.299080,41.922070,22.059504,44.437611,41.379410,64.244911,9.094258,95.739983,73.197411,76.833145,23.570799,171.139999,31.088785,73.224716
2011-11-11,11.503842,20.785706,42.660870,22.423342,45.013535,41.804714,66.983322,9.181433,97.542007,73.110832,76.364288,23.799070,173.960007,31.925257,73.208740
2011-11-14,11.343524,20.669842,42.438583,21.931479,44.584427,41.255100,67.262070,9.090968,96.617874,73.170776,77.592453,23.545435,173.199997,31.334146,73.224716
2011-11-15,11.629763,20.809914,42.490894,22.032551,44.657810,41.588802,67.638329,9.153470,97.095383,73.077583,77.486786,23.714525,173.360001,31.568361,73.208740
2011-11-16,11.508329,20.288502,42.105141,21.203806,44.183521,41.405594,66.718552,9.145247,95.555122,73.050964,78.193321,23.655344,171.509995,31.267242,73.224716
2011-11-17,11.288193,19.876049,41.804394,20.543507,43.963306,41.183117,65.366737,9.109061,94.038033,73.010925,78.820641,23.105810,167.100006,30.692842,73.224716
2011-11-18,11.214318,19.689257,41.745541,20.631090,43.985893,41.379410,65.450363,9.133732,93.937897,72.997620,78.800781,23.071993,167.619995,30.888037,73.224716
2011-11-21,11.036952,19.455799,41.150578,20.152710,43.426895,40.345577,63.492348,8.997211,92.151260,72.984276,79.269585,22.902906,163.500000,30.107328,73.224716
2011-11-22,11.261276,19.292368,41.124432,19.815817,42.930012,40.365204,62.704987,8.882565,91.789322,73.037636,80.154411,23.055082,165.309998,29.967911,73.208740
2011-11-23,10.976539,19.043333,40.529469,19.121828,42.111279,39.952988,61.151127,8.703121,89.763908,73.104156,80.940155,22.708454,164.830002,29.064526,73.224716
2011-11-25,10.874245,18.911030,40.430492,19.189203,41.727322,39.913723,60.426460,8.734691,89.594505,73.004242,79.764870,22.522457,163.399994,29.192772,73.224716
2011-11-28,11.249610,19.354618,41.156357,19.647375,42.822735,40.725090,63.743225,8.897520,92.189751,72.997620,79.725288,22.801451,166.630005,29.845219,73.224716
2011-11-29,11.162275,19.331276,41.426891,19.243113,43.438179,40.914841,63.088207,9.038749,92.451584,73.024300,79.071510,23.097357,166.880005,29.800617,73.192749
2011-11-30,11.431460,19.907175,42.707062,20.866911,45.420097,42.249641,68.202728,9.211554,96.255951,72.837784,77.836739,23.367897,170.130005,31.189152,73.208740
2011-12-01,11.602843,19.673698,42.528885,20.523291,45.053078,41.929031,67.464119,9.234810,96.240547,72.863258,77.446198,23.283354,169.630005,30.932644,73.192749
2011-12-02,11.655786,19.627008,41.882214,21.783257,45.053078,42.308567,67.094818,9.264717,96.155800,73.050766,78.531769,23.486258,169.820007,30.904757,73.208740
2011-12-05,11.754782,20.000565,41.809608,22.578314,45.425735,42.426327,67.485046,9.389336,97.203156,73.131042,78.372917,23.359440,167.320007,31.166849,73.208740
2011-12-06,11.693171,19.969427,41.895397,22.389648,45.634666,42.426327,66.864876,9.434195,97.233948,73.064087,77.624939,23.486258,168.179993,31.116663,73.224716
2011-12-07,11.637540,19.922735,42.528885,22.908455,45.781460,42.681515,66.119316,9.484043,97.595955,73.197998,77.902962,23.283354,169.399994,31.456827,73.208740
2011-12-08,11.684494,19.767088,42.086781,21.709135,45.098251,42.184223,64.746597,9.407613,95.455017,73.271675,78.876022,22.987448,165.979996,30.743046,73.208740
2011-12-09,11.773028,20.000565,42.581684,22.355963,45.928268,42.511383,66.871834,9.550506,97.072258,73.231468,77.254227,23.071993,166.399994,31.417784,73.192749
2011-12-12,11.719789,19.852695,41.908592,21.587852,45.199875,42.079540,64.969574,9.469088,95.655235,73.251556,78.114777,22.776089,161.990005,30.860165,73.192749
2011-12-13,11.629165,20.047255,41.809608,21.082525,45.470909,42.354347,63.394821,9.533889,94.761917,73.398804,78.842888,22.869087,158.449997,30.497677,73.192749
2011-12-14,11.371342,19.914955,41.690853,21.230757,44.855434,42.171139,60.621544,9.498997,93.753082,73.579567,80.332283,22.057467,152.889999,30.676115,73.208740
2011-12-15,11.333957,19.891602,42.231937,21.399200,45.188580,42.524487,61.109303,9.621949,94.091957,73.425598,80.034454,21.947559,152.330002,31.189152,73.192749
2011-12-16,11.396168,20.234026,42.429916,21.486788,45.261997,42.622627,60.760883,9.615299,94.231422,73.673317,80.967690,22.125103,155.229996,31.534887,73.208740
2011-12-19,11.431760,19.868265,41.921814,20.684998,44.906261,42.498302,60.795750,9.562134,93.223938,73.746964,81.993698,22.023649,154.869995,31.261660,73.208740
2011-12-20,11.842717,20.257376,42.575069,21.702400,46.300953,43.047935,63.917431,9.759858,96.044907,73.646523,79.948349,22.530910,156.979996,32.209648,73.208740
2011-12-21,11.857674,20.047255,42.865417,21.776512,46.933334,43.185337,63.847713,9.916039,96.230904,73.459038,78.836296,22.691545,157.160004,32.198498,73.208740
2011-12-22,11.920485,20.086161,43.010593,22.537882,47.593987,43.309673,63.973171,9.922686,97.083389,73.572868,79.167221,22.716908,156.039993,32.661335,73.208740
2011-12-23,12.063452,20.257376,43.538498,22.618736,48.119083,43.623745,64.279770,10.010751,97.951424,73.485878,78.286858,22.826815,156.309998,32.803425,73.208740
2011-12-27,12.159159,20.265162,43.564892,22.254892,48.152988,43.702259,63.791992,10.097148,98.028908,73.618492,78.658730,22.928268,154.910004,32.950024,73.192749
2011-12-28,12.042817,20.093948,43.188770,21.998859,47.531868,43.538666,62.272976,10.080534,96.742424,73.745628,80.113060,22.657728,151.029999,32.555336,73.195984
2011-12-29,12.116990,20.249592,43.472500,22.517668,48.147331,43.820023,63.116116,10.148655,97.742157,73.919807,80.259140,22.725363,150.339996,32.842892,73.195984
2011-12-30,12.113400,20.202894,43.274536,22.403128,47.859348,43.649914,63.130028,10.115430,97.261635,73.826012,80.518105,22.691545,151.990005,32.701942,73.195984
2012-01-03,12.299737,20.833277,43.472500,23.568768,48.559532,43.728424,65.485191,9.794752,98.811630,73.678711,79.309502,23.367897,155.919998,32.978214,73.179970
2012-01-04,12.365839,21.323559,43.208553,23.718063,48.570812,43.708820,66.091446,9.769822,98.966644,73.578239,78.366562,23.545435,156.710007,32.414391,73.179970
2012-01-05,12.503122,21.541458,43.155777,24.213467,48.424007,43.525593,66.558296,9.894441,99.230141,73.678711,78.227112,23.224169,157.779999,32.718845,73.179970
2012-01-06,12.633832,21.876097,42.779636,23.996300,48.062637,43.420898,66.725510,9.789766,98.974396,73.739014,78.844673,23.325621,157.199997,32.611721,73.179970
2012-01-09,12.613791,21.588150,42.845634,23.955582,48.277199,43.604111,67.659256,9.801394,99.214630,73.678711,78.705238,23.350986,156.500000,32.498962,73.195984
2012-01-10,12.658950,21.665974,43.023788,24.464558,48.401424,43.401264,69.652084,9.844595,100.074867,73.658638,78.572388,23.520075,158.639999,32.859802,73.195984
2012-01-11,12.638312,21.572588,42.977608,24.878525,48.040062,42.975956,69.429092,9.837949,100.129135,73.919807,79.595116,23.452438,159.669998,33.090977,73.179970
2012-01-12,12.603620,21.790491,43.043594,25.007450,47.848076,43.061020,71.031723,9.867854,100.369377,73.859459,79.482208,23.122719,160.380005,32.848541,73.179970
2012-01-13,12.556364,21.985052,43.063381,24.376329,47.927109,43.061020,71.408020,9.822998,99.850151,74.026901,80.272446,23.071993,159.259995,32.921829,73.179970
2012-01-17,12.702621,21.992832,42.971004,23.690920,48.384480,43.355480,72.028175,9.827980,100.237602,74.046974,80.644318,23.232626,160.500000,33.192482,73.179970
2012-01-18,12.834523,21.969482,43.076584,24.797087,48.813610,43.550022,72.973045,9.886133,101.345856,73.953255,79.668129,23.241081,161.600006,33.423637,73.179970
2012-01-19,12.793844,21.883875,43.017204,25.061747,49.141098,43.583023,74.015900,9.768165,101.880600,73.832741,78.572388,23.342535,161.220001,33.553310,73.179970
2012-01-20,12.571016,23.121275,43.069981,25.353558,49.400848,43.681942,73.938950,9.854569,102.260330,73.645241,77.682594,23.173443,162.070007,33.761925,73.179970
2012-01-23,12.783674,23.136837,42.891804,25.557146,49.389545,42.870689,74.449860,9.862869,101.996887,73.584923,77.191162,23.443983,163.160004,33.925438,73.179970
2012-01-24,12.574309,22.833324,42.891804,25.557146,49.225811,42.540916,74.393860,9.834628,101.880600,73.645241,77.330612,23.486258,162.009995,34.184803,73.179970
2012-01-25,13.359435,23.004528,43.036987,25.516426,49.248375,42.857506,76.325638,9.977520,102.733101,73.752365,77.144638,23.680708,166.419998,34.624577,73.179970
2012-01-26,13.298717,22.957840,43.353725,25.441780,48.994301,42.738781,77.907440,9.914379,102.206108,73.899681,78.167351,23.748343,167.270004,34.867027,73.179970
2012-01-27,13.377980,22.747715,43.261349,25.251760,48.463512,42.409027,77.886444,9.955915,102.159615,74.020203,78.413040,23.832888,168.970001,34.878300,73.179970
2012-01-30,13.549362,23.043449,43.360340,25.116041,48.271553,41.690109,77.277519,9.957577,101.810875,74.234489,79.336121,23.587708,168.029999,34.618950,73.195984
2012-01-31,13.653150,22.981186,43.492306,25.312834,47.283424,41.577980,76.374619,9.944286,101.772148,74.361725,80.252510,23.528528,169.309998,34.788097,73.179970
2012-02-01,13.644474,23.261354,43.347137,25.516426,47.413292,41.690109,77.354507,9.960900,102.663383,74.230797,79.333229,23.604616,169.559998,35.132023,73.179970
2012-02-02,13.612475,23.308039,43.281128,25.482506,47.164845,41.762646,77.221519,9.987486,102.826111,74.250938,79.299934,23.663797,171.050003,35.210964,73.179970
2012-02-03,13.748857,23.533731,43.314133,25.977896,47.949699,41.399902,79.748238,10.004105,104.267593,74.217354,77.595879,23.942793,167.639999,35.701492,73.179970
2012-02-06,13.877167,23.502605,43.017204,25.882887,48.418358,41.887974,79.636208,9.964226,104.197823,74.271111,78.368011,24.061153,167.179993,35.588737,73.195984
2012-02-07,14.022532,23.619335,43.063381,25.699657,48.751511,42.013283,79.657234,9.999118,104.461349,74.197243,77.396187,24.044249,169.699997,35.498524,73.179970
2012-02-08,14.257320,23.860590,43.050182,25.991459,48.439251,41.973709,79.818199,10.027363,104.771339,74.136848,77.456093,24.154150,168.500000,35.560543,73.195984
2012-02-09,14.750535,23.946198,42.819237,25.692871,48.189438,42.237534,78.971336,10.017397,104.903114,74.016029,76.876923,24.280968,168.020004,35.301182,73.179970
2012-02-10,14.758009,23.736074,42.627865,25.523214,47.576305,42.132008,78.215393,10.029028,104.128113,74.116714,77.875465,24.052698,167.139999,34.974144,73.195984
2012-02-13,15.032588,23.798330,42.680660,25.991459,47.928284,42.362839,79.580246,9.975855,104.903114,74.143562,77.975327,24.111881,167.509995,35.329384,73.179970
2012-02-14,15.237760,23.696495,42.634468,25.733591,48.070225,42.527721,80.105164,10.032349,104.771339,74.203949,78.387978,24.103426,167.119995,34.968513,73.195984
2012-02-15,14.885128,23.539831,42.660858,25.380711,47.757961,42.573910,78.761322,9.964226,104.283073,74.177101,78.248215,24.187971,168.110001,34.759899,73.179970
2012-02-16,15.020917,24.511183,42.839039,25.787882,48.490337,43.002613,79.762215,10.040653,105.437836,74.163704,77.622475,24.297874,168.000000,35.126389,73.195984
2012-02-17,15.018229,24.479853,42.885208,26.106836,48.609570,42.811333,79.755196,10.005761,105.716812,74.069710,77.602531,24.255606,167.350006,35.154583,73.179970
2012-02-21,15.398974,24.628691,42.918205,26.100048,49.148914,42.488155,80.490135,10.037333,105.763329,73.955605,76.743843,24.636051,171.020004,34.607670,73.179970
2012-02-22,15.344838,24.495520,42.891804,25.835381,49.347652,42.501347,81.057068,9.999118,105.422333,74.163704,77.709038,24.864319,172.940002,34.314476,73.179970
2012-02-23,15.445037,24.573856,42.957798,26.120409,49.404392,43.807266,81.330040,10.004105,105.887337,74.224106,77.709038,24.940409,173.020004,34.742989,73.179970
2012-02-24,15.625089,24.660023,42.911209,25.977896,49.586067,43.998520,81.190025,10.097148,106.119820,74.244293,78.214905,25.092587,172.229996,34.788097,73.195984
2012-02-27,15.725286,24.558184,42.904549,26.507221,49.523621,43.991932,80.931068,10.105457,106.298065,74.479195,78.907242,24.889683,171.699997,34.731709,73.179970
2012-02-28,16.013916,24.965532,43.390507,26.609018,49.472530,44.447014,81.022072,10.048966,106.608109,74.425522,78.647591,24.881229,173.490005,34.528736,73.179970
2012-02-29,16.224182,24.863693,43.323944,26.629387,49.109180,44.598721,79.937195,9.986869,106.189606,74.351616,78.168327,24.788231,164.289993,34.387791,73.195984
2012-03-01,16.284893,25.294540,43.157520,27.396231,49.296528,43.965565,79.363274,10.037219,106.739822,74.201584,77.432404,25.177132,166.610001,34.596390,73.179970
2012-03-02,16.306135,25.130039,43.117569,27.572683,49.012676,43.972141,78.733337,10.035538,106.414322,74.363098,78.159706,24.923500,166.339996,34.545658,73.179970
2012-03-05,15.946621,24.910702,43.210758,27.416574,49.398739,44.156822,77.053566,10.042252,105.980339,74.255447,77.539146,24.805138,165.649994,34.895229,73.179970
2012-03-06,15.859881,24.722702,42.837975,26.683670,48.745815,44.084255,74.141891,9.990232,104.430359,74.403496,78.479881,24.399328,162.699997,34.432892,73.179970
2012-03-07,15.872744,24.942030,42.804699,27.111210,48.728783,43.912792,75.786682,10.027146,105.158844,74.336205,77.999504,24.509235,163.630005,34.618950,73.179970
2012-03-08,16.210718,25.075197,43.170826,27.443733,48.161068,44.123840,77.186516,10.028829,106.205040,74.167938,77.218933,24.712139,165.279999,34.438534,73.195984
2012-03-09,16.305836,25.059542,43.097599,27.844122,47.860168,44.143620,77.144531,10.070782,106.615799,74.154488,77.372421,24.779776,166.380005,34.607670,73.195984
2012-03-12,16.510113,25.098698,43.337246,27.511591,48.569828,44.658077,76.248650,10.198323,106.623566,74.221817,77.359039,24.745960,165.070007,34.861397,73.195984
2012-03-13,16.991661,25.592209,43.490372,29.445692,49.313553,44.783386,79.300285,10.221815,108.545555,73.972794,75.997978,24.855865,162.300003,35.566174,73.195984
2012-03-14,17.634121,25.670549,43.323944,29.574623,48.836662,44.750404,78.579346,10.079171,108.429314,73.569016,74.083229,24.686779,159.570007,35.470341,73.179970
2012-03-15,17.513887,25.733219,43.317272,30.334696,48.876396,44.638302,79.405266,10.111055,109.057060,73.535362,74.196625,24.703686,161.080002,35.419582,73.179970
2012-03-16,17.514183,25.537384,43.350567,30.246473,49.075127,44.354687,79.496246,10.095951,109.208061,73.542107,74.343430,25.008045,161.300003,35.622559,73.179970
2012-03-19,17.978680,25.224041,43.410458,30.538269,49.387371,44.328300,79.601250,10.074140,109.636200,73.306572,73.456062,24.965775,161.589996,35.870640,73.195984
2012-03-20,18.124037,25.059542,43.244049,30.796164,49.165955,44.328300,77.522484,10.102665,109.317001,73.414200,73.749649,24.661413,160.130005,35.819901,73.195984
2012-03-21,18.020555,24.996862,43.110924,30.619724,48.830982,44.321701,76.290627,10.121127,109.138008,73.589165,74.583626,24.602236,160.210007,35.769157,73.195984
2012-03-22,17.926043,25.067366,42.911209,30.300758,48.444931,44.532764,74.491852,10.117770,108.351814,73.656471,74.823784,24.407785,159.570007,35.278629,73.195984
2012-03-23,17.827639,25.075197,42.971130,30.646854,48.569828,44.473412,75.471741,10.136231,108.702065,73.824730,75.530960,24.644506,161.529999,35.498524,73.195984
2012-03-26,18.154551,25.529543,43.383850,31.332279,49.410065,44.493191,76.115669,10.225176,110.227760,73.770905,75.144035,24.754414,164.399994,35.914543,73.195984
2012-03-27,18.378870,25.474716,43.536980,31.142250,49.177284,44.288731,75.632736,10.230208,109.885262,73.851654,75.684425,24.652962,163.240005,35.920242,73.179970
2012-03-28,18.472784,25.216202,43.683426,31.400131,48.745815,44.315094,72.973045,10.144620,109.340408,73.838188,75.577690,24.416237,161.509995,35.863403,73.195984
2012-03-29,18.240681,25.161367,43.630161,30.992950,48.870720,44.196392,74.204887,10.169795,109.153534,74.040024,76.144783,24.078064,161.279999,35.880463,73.179970
2012-03-30,17.932322,25.271034,43.909760,31.203329,49.239754,44.328300,74.554871,10.250345,109.605057,73.925667,74.857155,24.348602,162.119995,36.176006,73.179970
2012-04-02,18.502998,25.294540,44.076183,31.305132,49.432785,44.559147,75.065788,10.376210,110.406769,73.934464,75.271896,24.661413,162.940002,36.431763,73.164024
2012-04-03,18.822729,25.020361,43.856495,31.025057,48.728783,44.249134,74.337868,10.398029,109.955269,73.617386,73.967476,24.551510,159.889999,36.289661,73.179970
2012-04-04,18.672884,24.448521,43.530300,30.335180,48.246239,44.361286,74.372879,10.478581,108.865578,73.772552,74.984238,24.171061,157.210007,35.891815,73.164024
2012-04-05,18.953140,24.691362,43.497009,30.287350,48.155384,44.394249,74.099915,10.552419,108.811066,73.941177,75.526039,24.264061,158.309998,35.755413,73.179970
2012-04-09,19.029402,24.362350,43.217434,29.979958,47.621716,44.064472,72.490097,10.510463,107.589035,74.264893,77.291954,24.154150,159.369995,35.374615,73.195984
2012-04-10,18.796408,23.868830,42.738117,29.344715,46.650887,43.761082,70.292381,10.446693,105.783142,74.271660,78.168198,23.832888,161.100006,34.613003,73.195984
2012-04-11,18.729418,23.774828,42.691517,30.061941,46.951763,43.820438,71.216286,10.471866,106.639374,74.278404,77.231796,23.892067,161.070007,35.056339,73.195984
2012-04-12,18.626820,24.268345,42.704845,30.628897,47.462749,43.589603,74.498871,10.492006,108.032692,74.204201,76.910675,24.204878,162.699997,35.539425,73.179970
2012-04-13,18.102205,24.135168,42.298767,29.515484,47.093716,43.404942,74.113907,10.418166,106.748367,74.433517,78.154869,23.959702,160.850006,35.391666,73.164024
2012-04-16,17.351473,24.346682,42.591660,29.597446,47.695518,44.044701,74.708824,10.525569,106.678284,74.447052,78.041115,23.722979,160.460007,35.874779,73.179970
2012-04-17,18.235905,24.628691,42.751431,29.986790,48.513069,44.202991,75.877708,10.575914,108.258461,74.460510,77.994339,23.832888,160.250000,36.181686,73.179970
2012-04-18,18.195227,24.393679,42.112362,29.570135,48.683372,44.024914,76.437614,10.538994,107.892609,74.554916,78.221756,23.604616,159.309998,35.937302,73.179970
2012-04-19,17.570112,24.291847,41.959248,29.522316,48.416557,43.906193,75.460640,10.525569,107.199821,74.501015,78.295303,23.613073,159.429993,35.937302,73.195984
2012-04-20,17.137619,25.396370,42.411926,29.180777,48.427898,44.526150,75.720718,10.649757,107.378860,74.514435,78.308723,23.706074,159.539993,36.374931,73.179970
2012-04-23,17.099331,25.161367,42.185593,29.269569,48.649296,43.958950,75.137299,10.629618,106.475929,74.588631,78.877258,23.663797,159.070007,35.999813,73.195984
2012-04-24,16.757767,25.004700,42.451874,29.563299,49.001308,44.189800,76.191605,10.723596,106.880676,74.480751,78.322029,23.663797,159.300003,36.539745,73.195984
2012-04-25,18.244875,25.224041,42.891247,29.481325,49.307896,44.490437,72.705345,10.809181,108.344055,74.514435,77.920715,23.799070,159.619995,36.960327,73.179970
2012-04-26,18.176085,25.153536,43.104267,29.918493,48.865063,44.477135,73.373077,10.812538,109.099098,74.629089,78.388969,23.849796,161.029999,37.051270,73.195984
2012-04-27,18.035503,25.051704,43.164173,29.604279,48.870720,42.860867,73.492592,10.830999,109.278137,74.622368,78.455841,23.925884,161.380005,37.307037,73.179970
2012-04-30,17.466623,25.083035,43.337246,29.358370,49.018349,42.328762,72.234421,10.799116,108.873360,74.595451,78.475952,24.018881,161.880005,37.210407,73.195984
2012-05-01,17.411293,25.075197,43.417137,29.911665,49.415756,42.282204,71.770554,10.705138,109.550583,74.568352,78.068924,24.018881,161.320007,37.613949,73.195984
2012-05-02,17.526442,24.910702,43.490372,29.508640,48.938862,42.554913,72.136047,10.705138,109.223625,74.642723,78.618729,23.706074,160.589996,37.557102,73.195984
2012-05-03,17.402023,24.879358,43.497009,29.378874,48.626595,42.907433,70.758377,10.673248,108.390739,74.723824,78.598648,23.443983,158.970001,37.426407,73.179970
2012-05-04,16.906416,24.268345,43.097599,28.518198,48.013451,42.754456,69.190994,10.668213,106.639374,74.798149,79.215500,23.029720,159.470001,37.096733,73.179970
2012-05-07,17.032940,24.009834,43.137550,28.538700,47.962345,42.734493,68.312386,10.763870,106.717201,74.825211,79.228928,22.978994,159.080002,37.358189,73.195984
2012-05-08,16.994053,23.892340,43.257366,28.265467,47.701176,42.674625,67.820366,10.773941,106.289108,74.879272,79.651405,22.894447,156.000000,37.289989,73.195984
2012-05-09,17.023964,24.096003,42.791393,27.759987,47.298100,42.348705,67.468933,10.765548,105.658623,74.899544,79.704987,22.716908,154.470001,37.170628,73.195984
2012-05-10,17.064047,24.080338,42.984436,27.828302,47.355263,42.661324,67.082375,10.923301,105.876564,74.825211,79.470284,22.725363,154.770004,37.199039,73.195984
2012-05-11,16.950089,24.409349,42.831314,25.246288,47.503883,42.355362,67.124496,10.936725,105.557411,74.879272,80.127419,22.556274,153.559998,37.278606,73.195984
2012-05-14,16.696142,24.033340,42.558380,24.447098,46.943668,42.288876,65.789070,11.025668,104.389824,75.048218,81.247185,22.260374,151.330002,36.806877,73.195984
2012-05-15,16.545115,23.820444,42.345348,24.754486,46.755035,42.381977,65.142410,11.015596,103.790482,75.007683,81.575760,22.302643,149.740005,36.613636,73.195984
2012-05-16,16.333048,23.576014,42.411926,24.221684,46.972263,42.761089,64.566071,11.002173,103.393494,74.994156,81.810402,22.277279,149.460007,36.210102,73.195984
2012-05-17,15.855697,23.434076,42.305420,23.176584,46.823624,42.541611,61.712391,10.916587,101.860039,75.041496,83.258736,22.226557,152.800003,35.152962,73.195984
2012-05-18,15.863469,23.079256,42.172276,22.876034,46.572109,42.248962,62.330906,10.908196,100.988243,75.021202,83.278854,22.209646,154.550003,34.726681,73.195984
2012-05-21,16.787680,23.457735,42.252163,22.206625,46.897942,42.162483,64.650421,10.941757,102.724083,75.007683,83.104500,22.505552,154.649994,35.482597,73.195984
2012-05-22,16.658770,23.465624,42.285442,23.231234,46.846504,42.002861,64.306007,11.010567,102.903122,74.825211,82.179192,22.184280,152.080002,35.550800,73.164024
2012-05-23,17.065248,22.953100,42.119011,23.401995,46.897942,41.497353,64.994812,10.898126,102.957603,74.913010,82.749161,21.939106,151.619995,35.601948,73.164024
2012-05-24,16.908512,22.921555,42.414787,23.203913,47.223789,41.617062,64.256821,10.913227,103.159988,74.852264,82.434021,21.947559,151.410004,35.761089,73.195984
2012-05-25,16.817879,22.913673,42.018185,22.882868,46.920818,41.563873,63.216572,10.963573,102.825256,74.967110,82.742447,22.023649,152.679993,35.619011,73.195984
2012-05-29,17.116385,23.307915,42.071960,22.971666,46.835064,41.869827,65.029999,11.015596,104.070732,74.926575,82.487633,21.930653,151.020004,36.124828,73.195984
2012-05-30,17.322756,23.134453,41.816532,22.514004,45.611740,41.450802,63.385239,10.936725,102.560623,75.176674,84.579704,21.524843,151.910004,35.266624,73.195984
2012-05-31,17.279694,23.016176,41.964428,22.643793,44.948635,41.430840,61.585911,11.067143,102.334869,75.399704,85.558640,21.338846,151.619995,35.533756,73.195984
2012-06-01,16.779003,22.432692,41.527504,21.810446,44.542755,40.938644,60.109825,10.940111,99.758400,75.587982,87.589828,20.899216,157.500000,34.664173,73.195984
2012-06-04,16.877705,22.511538,41.903912,21.175188,44.491318,40.838879,58.521339,10.963825,99.711693,75.411873,86.897789,21.017578,157.320007,34.425446,73.195984
2012-06-05,16.834036,22.479994,41.816532,21.851427,44.359829,40.685894,58.795475,11.034964,100.466774,75.256050,85.735352,20.941490,157.139999,35.135895,73.195984
2012-06-06,17.092159,23.142340,42.213108,22.589149,45.834675,41.104923,60.911121,11.121345,102.724083,75.032585,84.021996,21.330391,157.210007,35.914543,73.179970
2012-06-07,17.099937,23.047718,42.213108,22.411549,46.126213,41.743446,61.248505,11.221278,102.786377,75.147713,84.149666,21.186665,154.500000,35.658783,73.179970
2012-06-08,17.357153,23.378887,42.334106,23.005817,46.211964,41.736801,61.571831,11.338154,103.603683,75.113800,84.129486,21.254301,154.729996,36.164623,73.179970
2012-06-11,17.083487,22.787512,41.756031,22.418377,45.886131,41.597115,59.877903,11.294111,102.288185,75.181602,84.512497,20.865400,155.360001,35.351891,73.179970
2012-06-12,17.232733,23.095030,42.401333,23.067297,46.452057,41.743446,61.185230,11.331374,103.463570,75.120621,83.739792,20.966854,156.460007,35.687214,73.195984
2012-06-13,17.113098,22.968868,43.322216,23.429327,46.091919,41.617062,59.948174,11.348314,102.801926,75.317024,84.566231,20.806217,157.119995,35.505329,73.195984
2012-06-14,17.094255,23.134453,43.994411,23.668406,46.949390,42.022808,60.369923,11.434695,103.891670,75.262856,84.458748,21.051397,157.750000,36.022537,73.195984
2012-06-15,17.172018,23.670628,44.370831,23.927956,47.572498,41.823273,61.100918,11.478728,104.954193,75.438957,84.929070,21.017578,157.839996,36.244198,73.179970
2012-06-18,17.520456,23.528700,44.565758,23.647902,47.509609,41.430840,60.967354,11.551561,105.157631,75.418594,85.385971,21.034489,157.929993,36.545429,73.195984
2012-06-19,17.569216,24.206806,44.848076,24.167049,48.292763,41.377640,62.443382,11.490583,106.174759,75.330627,84.270592,21.212027,157.160004,36.693203,73.164024
2012-06-20,17.519268,24.388157,45.036301,24.897926,48.572884,40.167107,61.269600,11.382189,106.002640,75.215416,84.687195,20.865400,155.970001,36.676147,73.164024
2012-06-21,17.277895,23.765253,44.626266,24.255842,46.937969,39.741417,59.730316,11.282256,103.624062,75.317024,85.137367,20.417318,152.020004,36.079388,73.195984
2012-06-22,17.410395,24.206806,44.787590,24.583714,46.937969,39.794628,59.716213,11.283949,104.422134,75.208679,84.001862,20.620224,152.639999,36.085056,73.179970
2012-06-25,17.071520,23.552351,44.700203,24.126062,46.440624,39.448772,58.261288,11.333071,102.747787,75.445786,85.224731,20.831581,153.759995,35.901119,73.195984
2012-06-26,17.109209,23.670628,44.646416,24.392466,47.103745,39.422146,58.148838,11.351703,103.264160,75.364449,84.888733,20.975306,152.619995,36.021458,73.195984
2012-06-27,17.183083,23.788904,44.928730,25.123344,47.561047,39.894386,57.811447,11.477038,104.195259,75.398308,85.023125,21.093668,152.830002,36.164726,73.179970
2012-06-28,17.020079,23.583904,44.995972,24.508575,47.503883,40.100578,58.078529,11.505832,103.897881,75.486397,85.231384,20.865400,151.050003,36.560120,73.195984
2012-06-29,17.467224,24.120070,45.412712,24.406107,48.915855,40.739132,59.681084,11.654886,106.487740,75.384789,84.122742,21.770018,155.190002,37.494183,73.164024
2012-07-02,17.722061,24.096418,45.708469,24.781809,48.784370,40.699196,58.816551,11.659967,106.808540,75.529335,84.990746,21.727747,155.089996,37.906754,73.164024
2012-07-03,17.928137,24.254116,45.735367,24.712929,49.321751,40.812271,60.770561,11.614236,107.512726,75.475037,84.337608,22.336460,157.460007,38.130249,73.164024
2012-07-05,18.243080,24.206806,45.560600,23.679775,48.915855,40.805626,61.002480,11.587139,107.027626,75.671837,84.768524,22.421005,155.679993,37.895313,73.164024
2012-07-06,18.121649,23.804676,45.466503,23.349169,48.475689,40.759052,59.470222,11.568501,106.010437,75.726196,85.556320,21.905289,153.710007,37.986980,73.164024
2012-07-09,18.361225,23.654861,45.560600,23.390491,47.818287,40.938644,58.437016,11.493976,105.877457,75.875458,86.310486,22.294191,154.039993,38.027103,73.164024
2012-07-10,18.191339,23.449846,45.627808,23.590237,47.509609,41.058376,56.419746,11.607459,104.954193,75.909416,86.485573,22.006741,152.149994,37.620239,73.164024
2012-07-11,18.078276,23.102913,45.641266,23.824419,48.235580,40.838879,56.047222,11.580360,104.969833,75.902603,86.593292,22.251919,152.990005,37.660358,73.164024
2012-07-12,17.912872,22.574615,45.513546,23.445602,48.086975,42.368671,55.976952,11.588827,104.461266,76.038315,87.206055,22.302643,152.589996,37.774963,73.164024
2012-07-13,18.094421,23.173878,46.118511,24.843781,48.858696,43.293198,57.684914,11.742964,106.213921,76.065491,86.977112,22.573185,154.139999,38.239132,73.179970
2012-07-16,18.152456,23.213303,46.010960,24.168798,48.618595,43.106964,57.038292,11.776838,105.963524,76.126579,87.381096,22.852180,154.210007,38.313629,73.164024
2012-07-17,18.153353,23.386768,46.380657,24.099924,49.007332,43.466133,57.572475,11.764979,106.691132,76.099464,86.694328,22.877542,153.470001,38.680367,73.164024
2012-07-18,18.133009,24.009684,46.629368,24.079260,49.281719,43.487606,58.371792,11.941136,107.481392,76.248749,86.741470,23.080444,153.050003,38.451149,73.164024
2012-07-19,18.374083,24.183153,46.736916,23.734882,49.281719,43.554695,58.449593,11.907263,107.763039,76.187675,86.519325,23.359440,153.380005,38.050014,73.179970
2012-07-20,18.074392,23.749479,46.131939,23.349169,49.133087,43.427231,57.261215,11.939442,106.777245,76.296242,87.576385,23.359440,153.669998,37.849464,73.164024
2012-07-23,18.060329,23.087143,45.782429,23.721100,48.710072,43.199112,57.706875,11.847978,105.697487,76.364090,88.067970,22.869087,153.029999,37.574406,73.164024
2012-07-24,17.973295,22.984634,45.271549,23.920847,48.349937,42.950893,57.600754,11.729411,104.789909,76.459129,88.761543,22.733818,153.520004,37.448318,73.179970
2012-07-25,17.197147,22.732319,45.392570,24.223896,48.727196,42.950893,58.428364,11.656580,104.813347,76.486259,88.990479,22.902906,155.669998,37.431137,73.195984
2012-07-26,17.194448,22.992525,46.205883,24.664709,49.458916,43.313175,58.923512,11.978396,106.542488,76.438766,88.175690,22.945175,156.770004,37.763500,73.179970
2012-07-27,17.501921,23.465624,46.730190,25.408577,49.990562,43.668743,60.946606,12.041068,108.506393,76.208023,86.512527,23.181898,157.539993,38.124516,73.195984
2012-07-30,17.797131,23.370996,46.683151,24.892004,50.053444,43.675446,60.614143,12.096959,108.506393,76.336975,87.158974,23.317169,157.429993,38.302170,73.195984
2012-07-31,18.267609,23.236967,46.528538,24.795570,49.647568,43.299747,59.567223,12.008883,107.747467,76.411537,87.333984,23.038174,156.490005,38.244858,73.164024
2012-08-01,18.149467,23.189646,46.636086,24.795570,49.681862,42.944164,58.463749,11.954682,107.653534,76.323212,86.897423,23.071993,155.139999,38.061497,73.179970
2012-08-02,18.178776,23.016176,46.010960,24.223896,49.093079,42.608727,58.796223,11.890323,106.910255,76.336853,87.389999,22.877542,154.130005,38.170368,73.179970
2012-08-03,18.415359,23.457735,46.461330,24.857573,50.047718,43.943806,60.140205,12.003807,109.030640,76.153221,85.979736,23.266443,155.550003,38.468346,73.179970
2012-08-06,18.620239,23.615433,46.273106,25.002203,49.990562,44.151794,61.081009,11.922503,109.241890,76.268829,86.013451,23.401712,156.300003,38.428246,73.195984
2012-08-07,18.571188,23.859863,45.903408,25.491232,50.259228,44.426861,61.696411,11.831041,109.789551,76.064850,84.906853,23.579258,156.279999,37.975525,73.179970
2012-08-08,18.539780,23.915062,45.943741,25.594547,50.465019,44.762310,61.696411,11.822571,109.922554,75.969574,84.454750,23.646891,156.479996,37.717655,73.164024
2012-08-09,18.645519,24.049112,45.923576,25.429243,50.746956,44.769024,62.531101,11.729411,110.016441,75.949226,84.393997,23.841341,156.990005,37.597332,73.164024
2012-08-10,18.674656,23.986025,46.138676,25.463686,50.885044,44.795849,62.913086,11.822571,110.196396,76.071655,84.819145,23.714525,157.179993,37.648888,73.164024
2012-08-13,18.923969,23.962366,46.017670,25.477459,50.712418,44.601292,62.679661,11.736183,110.141624,76.064850,84.677414,23.528528,155.990005,37.620239,73.164024
2012-08-14,18.974733,23.914753,46.138676,25.553217,50.746956,44.769024,62.156181,11.787003,110.157272,75.888031,83.530281,23.553892,155.130005,37.540012,73.164024
2012-08-15,18.948906,23.970316,45.943741,25.532555,50.631878,44.708637,61.972275,11.726026,110.282501,75.643250,82.356209,23.756796,155.630005,37.711937,73.164024
2012-08-16,19.114405,24.430674,45.842903,25.553217,51.017365,44.950161,62.665501,11.785308,111.096199,75.547981,81.654434,23.849796,156.559998,37.998459,73.164024
2012-08-17,19.467964,24.525913,45.574024,25.470573,50.862022,44.950161,63.669937,11.788694,111.244827,75.636421,82.052574,23.883610,156.720001,38.009914,73.164024
2012-08-20,19.979807,24.398916,45.506817,25.739193,50.603100,44.782429,63.974121,11.692152,111.252670,75.609215,82.221268,23.993521,157.259995,37.901043,73.164024
2012-08-21,19.706766,24.446543,45.560600,26.200661,50.321175,44.795849,63.868019,11.612543,110.916252,75.711212,82.585632,24.213335,158.830002,37.981255,73.164024
2012-08-22,20.091551,24.240175,45.540440,26.056021,50.476540,44.849514,62.757435,11.553260,110.963196,76.037636,83.948685,24.340149,160.539993,37.958336,73.164024
2012-08-23,19.904108,24.017929,45.533710,25.642759,50.234879,44.735477,61.986408,11.417760,110.055595,76.092026,84.299553,24.221786,161.889999,37.843731,73.164024
2012-08-24,19.921833,24.256050,45.852509,25.601425,50.660652,44.963577,61.873238,11.490583,110.720627,76.037636,84.218582,24.111881,161.970001,37.969803,73.164024
2012-08-27,20.296106,24.359232,45.777897,25.642759,50.482292,45.023964,61.279049,11.568501,110.744095,76.139610,84.711159,24.001972,161.360001,38.084400,73.164024
2012-08-28,20.269676,24.311609,45.791462,25.573885,50.689411,44.943443,60.840496,11.583748,110.634583,76.200783,84.913582,24.018881,161.639999,38.216217,73.164024
2012-08-29,20.229717,24.327478,45.696510,25.690971,50.574337,44.862949,60.897091,11.576914,110.720627,76.126030,84.542458,24.061153,160.589996,38.204746,73.164024
2012-08-30,19.941355,24.065557,45.587959,25.415472,50.171600,44.869659,59.751144,11.513685,109.922554,76.173599,84.981087,24.086517,160.520004,38.118790,73.164024
2012-08-31,19.982513,24.462414,45.737183,25.580774,50.229118,45.077625,60.359467,11.501727,110.446838,76.411621,86.182175,24.340149,164.220001,38.239132,73.164024
2012-09-04,20.274780,24.121111,45.621887,25.491232,50.125568,45.218529,58.470806,11.481220,110.345078,76.397308,86.095627,24.348602,164.479996,38.508461,73.164024
2012-09-05,20.132404,24.121111,45.628681,25.560118,50.246376,45.144722,58.534470,11.474387,110.251244,76.397308,85.689865,24.230244,164.309998,38.439697,73.179970
2012-09-06,20.313837,24.883089,46.015293,26.648363,51.201500,45.782059,59.977520,11.518818,112.488922,76.220161,84.263046,24.221786,164.889999,38.783527,73.179970
2012-09-07,20.439089,24.565601,46.042416,27.068510,51.736565,45.969929,62.318871,11.559828,112.927055,76.233795,83.870865,24.492327,168.440002,38.817902,73.164024
2012-09-10,19.907415,24.383041,46.245914,26.696573,51.483429,45.963223,61.611507,11.609383,112.285484,76.247467,84.073715,24.526144,167.289993,38.514175,73.164024
2012-09-11,19.842829,24.438608,46.259483,27.275135,51.563961,45.795502,62.672596,11.575201,112.598419,76.158806,83.546257,24.576872,167.899994,38.628796,73.164024
2012-09-12,20.119190,24.430674,46.225567,27.495537,51.523708,45.688145,63.040401,11.467553,112.974014,76.015785,82.504936,24.703686,167.919998,38.709023,73.164024
2012-09-13,20.515387,24.557665,46.795315,28.514915,52.490292,46.231571,64.143890,11.739244,114.695381,76.192970,82.180351,24.872774,171.309998,39.184650,73.164024
2012-09-14,20.764706,24.771969,46.442593,28.632013,53.105961,46.399296,65.905243,11.583746,115.203957,75.879494,79.996147,25.134861,171.800003,39.402401,73.164024
2012-09-17,21.020027,24.771969,46.293415,28.370275,52.881557,46.459671,65.070534,11.542736,114.812744,76.002113,80.956390,24.441601,170.399994,39.287792,73.164024
2012-09-18,21.084013,24.748156,46.496883,28.418493,52.731941,46.439556,65.834496,11.518818,114.718842,76.049835,81.362106,24.264061,171.720001,38.915318,73.164024
2012-09-19,21.089714,24.644968,46.530800,28.473587,52.110554,46.466385,66.449913,11.535902,114.781364,76.199776,81.896332,23.908976,171.740005,38.697571,73.164024
2012-09-20,20.987585,24.962463,46.734295,28.411600,52.657150,46.667648,65.459587,11.628178,114.789276,76.152031,82.099136,24.044249,171.470001,38.124516,73.164024
2012-09-21,21.029337,24.756092,46.842812,28.156757,52.887314,46.573715,64.879555,11.727283,114.741241,76.274643,82.193848,24.204878,171.960007,38.130249,73.164024
2012-09-24,20.749977,24.430674,46.802109,28.397829,52.864288,46.801846,64.278297,11.874238,114.568184,76.356407,82.836258,23.951246,171.050003,37.988750,73.164024
2012-09-25,20.231823,24.121111,47.019176,27.929468,52.783745,46.687782,61.547863,11.891327,113.348953,76.479134,83.654480,23.976610,170.770004,37.428474,73.164024
2012-09-26,19.980711,23.946499,46.802109,27.715939,52.490292,46.493229,61.505390,11.952842,112.711838,76.554016,84.553802,23.807522,169.809998,37.422699,73.164024
2012-09-27,20.465521,23.938566,46.808891,28.019003,52.818253,46.493229,61.484200,11.985308,113.773735,76.506325,83.951965,24.103426,172.339996,37.584412,73.179970
2012-09-28,20.038385,23.621077,46.741085,27.881252,52.616879,46.533478,60.861721,12.017776,113.246719,76.615334,83.999374,24.247150,171.889999,37.526653,73.164024
2012-10-01,19.806786,23.406771,46.890297,28.218740,52.818253,46.593864,60.458504,11.987016,113.545586,76.585991,84.311081,24.280968,172.289993,37.249401,73.164024
2012-10-02,19.864464,23.541698,46.774979,28.184299,52.772224,46.151066,60.458504,12.058785,113.663666,76.647415,84.195869,24.154150,172.100006,37.532444,73.179970
2012-10-03,20.169043,23.700445,46.802109,28.350838,52.760712,46.406017,60.324120,12.084418,114.127701,76.620087,84.222969,23.739887,172.410004,37.607533,73.164024
2012-10-04,20.029369,23.835382,46.985241,29.016918,53.059895,46.546902,60.805134,12.145934,114.945770,76.510925,83.172653,24.255606,173.610001,37.595978,73.164024
2012-10-05,19.602535,23.692513,47.243000,28.940605,53.249775,46.714630,60.430222,12.103215,114.953659,76.353897,82.095161,24.128790,172.619995,37.642189,73.164024
2012-10-08,19.169382,23.636946,47.100559,28.905924,53.324585,46.359051,60.437305,12.077582,114.560295,76.469933,82.786385,24.061153,172.050003,37.561321,73.164024
2012-10-09,19.099695,23.240089,46.401924,28.711641,53.008118,46.090679,59.949207,12.014360,113.427620,76.388100,82.637299,24.238695,170.990005,37.422699,73.164024
2012-10-10,19.251682,23.001972,46.273045,28.982243,52.375225,45.714981,58.824501,11.942591,112.703957,76.510925,83.220062,24.196424,170.839996,37.572865,73.179970
2012-10-11,18.866899,22.978163,46.103470,29.211199,52.455780,45.621059,58.605228,11.935756,112.766937,76.606522,83.796066,24.475420,171.320007,37.543991,73.179970
2012-10-12,18.915264,23.176592,46.103470,28.878157,52.375225,45.580803,58.584015,11.853735,112.397202,76.667870,84.006142,24.137245,170.059998,37.411144,73.164024
2012-10-15,19.066948,23.422642,46.530800,29.405497,52.651402,46.097397,58.576916,11.903284,113.333267,76.708862,83.816391,24.018881,168.350006,37.659515,73.179970
2012-10-16,19.518423,23.406771,47.175171,29.717720,53.151966,46.291950,60.097767,12.045114,114.481667,76.585991,82.657616,24.035789,169.419998,37.890545,73.164024
2012-10-17,19.362825,23.486141,48.158699,30.057714,53.733089,46.990013,61.279049,12.265543,115.000809,76.347084,81.891922,24.044249,169.539993,37.786587,73.179970
2012-10-18,19.003269,23.414703,49.189705,29.842604,53.784863,46.990013,61.641991,12.311682,114.701958,76.319786,81.390495,24.035789,168.789993,38.173580,73.164024
2012-10-19,18.318401,22.732111,48.742023,29.363859,53.019650,46.381245,59.677898,12.255295,112.790497,76.415306,82.495026,23.672253,166.970001,37.855892,73.164024
2012-10-22,19.045025,22.224129,48.687763,29.204264,53.042637,46.333893,60.546085,12.245041,112.806252,76.312973,81.966438,23.562346,167.580002,37.665283,73.164024
2012-10-23,18.424133,22.263807,48.084087,28.676937,51.886158,45.616890,59.478638,12.091253,111.240898,76.483566,83.138763,23.274897,165.429993,37.284069,73.179970
2012-10-24,18.528368,22.144758,47.982334,28.940605,51.713562,46.049816,58.873707,11.881071,110.926239,76.429001,82.318802,23.207262,164.860001,37.255188,73.179970
2012-10-25,18.309393,22.128876,48.253658,28.912848,52.030006,47.395855,59.443027,11.916958,111.248764,76.265175,81.898712,23.266443,166.020004,37.151222,73.164024
2012-10-26,18.142986,22.390810,48.090874,28.558989,52.139320,46.969719,59.955429,11.879362,111.185829,76.469933,83.104881,23.317169,165.929993,36.827770,73.164024
2012-10-31,17.882254,22.652735,48.036598,28.919792,52.455780,46.834446,60.353924,11.971640,111.185829,76.579132,83.592728,23.300261,166.830002,37.185883,73.179970
2012-11-01,17.918896,23.430580,48.497852,29.724657,52.703178,46.841187,62.375008,11.939175,112.349998,76.478638,82.908340,23.342535,166.070007,37.364944,73.179970
2012-11-02,17.325943,23.414703,48.090874,29.433247,51.937958,46.800621,61.051342,11.915249,111.351044,76.526482,82.847382,22.945175,162.600006,37.613304,73.179970
2012-11-05,17.560854,23.517895,48.016254,29.329170,52.145088,46.448872,61.748711,11.894743,111.579140,76.656464,83.314949,23.139627,163.229996,37.364944,73.164024
2012-11-06,17.507669,23.700445,48.165497,29.752405,52.708939,46.624744,62.680984,11.816137,112.452278,76.437561,82.528870,23.553892,166.300003,37.526653,73.164024
2012-11-07,16.837786,23.081339,47.711021,28.087170,51.053093,46.036259,60.503380,11.628178,109.903664,76.615425,84.026459,23.114264,166.490005,37.359158,73.179970
2012-11-08,16.226736,22.867044,47.243000,28.031658,50.410446,45.258408,59.535519,11.552989,108.582176,76.711197,85.273216,23.148083,167.990005,36.914410,73.179970
2012-11-09,16.507668,22.882914,47.392231,28.184299,50.491505,45.326054,60.453556,11.513685,108.676567,76.670189,85.368156,23.334080,167.820007,36.816208,73.179970
2012-11-12,16.380022,22.398748,47.263351,28.156553,50.555180,45.373402,60.617252,11.412872,108.763100,76.649582,85.510445,23.224169,167.449997,36.729580,73.179970
2012-11-13,16.382137,21.678530,47.148056,27.781858,50.063068,45.217812,59.250900,11.465842,108.385529,76.786423,85.795097,23.181898,167.100006,36.700676,73.179970
2012-11-14,16.200489,21.478472,46.985241,27.261482,49.831486,45.001366,57.713745,11.395784,106.922462,76.806946,85.876465,23.249535,167.139999,36.013340,73.179970
2012-11-15,15.860720,21.334423,46.849590,27.330864,49.872013,44.859322,57.856098,11.361609,106.741539,76.731644,85.707008,23.156536,166.089996,35.845840,73.179970
2012-11-16,15.922876,21.222397,46.930988,27.428003,50.051468,45.197529,58.304417,11.508558,107.268532,76.759094,85.632462,23.257986,165.880005,36.065334,73.179970
2012-11-19,17.071049,21.390450,46.971676,28.163488,50.757824,45.941570,59.507088,11.570077,109.439613,76.813774,85.151352,23.697617,167.869995,36.510086,73.179970
2012-11-20,16.925592,21.374443,47.256565,28.239819,50.659393,46.198627,59.300705,11.570077,109.486794,76.670189,84.297470,23.536982,167.389999,36.781551,73.164024
2012-11-21,16.949438,21.566496,47.202301,28.260624,50.954674,46.313602,59.101460,11.491472,109.691292,76.540215,84.250069,23.638432,167.559998,36.718029,73.164024
2012-11-23,17.245153,22.166676,47.599201,28.510406,51.579945,47.071175,59.891392,11.482930,111.185829,76.588051,84.168762,23.722979,169.610001,36.989487,73.164024
2012-11-26,17.789211,21.918606,47.277565,28.364710,51.307861,46.996777,60.240078,11.612796,110.949875,76.615425,84.568558,23.689159,169.429993,37.064579,73.164024
2012-11-27,17.645887,21.670530,47.085957,28.274515,50.572563,46.665340,59.784618,11.588872,110.383499,76.717995,84.900604,23.655344,168.710007,36.856644,73.164024
2012-11-28,17.590364,21.894596,47.414452,28.330021,51.006767,46.969719,60.446465,11.621632,111.272339,76.731644,84.778633,23.579258,166.550003,36.810448,73.164024
2012-11-29,17.784084,21.566496,47.366531,28.600624,51.018368,47.010292,61.378674,11.742307,111.791542,76.827461,84.792183,23.739887,167.179993,37.012592,73.164024
2012-11-30,17.660971,21.302420,47.715519,28.503481,51.029922,47.233524,60.659931,11.845751,111.815086,76.786423,84.561798,23.756796,166.050003,37.087677,73.164024
2012-12-03,17.688421,21.150370,47.660770,28.316149,50.723057,47.064415,60.126232,11.773347,111.264503,76.797409,84.639854,23.815977,166.130005,37.237854,73.164024
2012-12-04,17.376411,21.102346,47.804474,28.149618,50.479935,46.881790,59.891392,11.707832,111.107155,76.845566,85.128723,23.604616,164.419998,37.295612,73.164024
2012-12-05,16.258116,21.342428,47.879749,28.586742,50.792564,46.949425,61.236385,11.926782,111.303802,76.914444,85.087967,23.579258,164.119995,37.180107,73.164024
2012-12-06,16.513098,21.390450,47.934498,28.774080,50.948891,47.314678,61.165188,11.923333,111.681389,76.907555,85.271317,23.367897,164.500000,37.526653,73.164024
2012-12-07,16.090946,21.174376,48.208214,29.530384,51.296246,47.544655,61.905285,11.959538,112.019646,76.838715,84.483711,23.342535,165.160004,37.665283,73.164024
2012-12-10,15.987447,21.558495,48.310860,29.356928,51.186249,47.497314,62.076092,11.919885,112.066856,76.852493,84.857132,23.291805,165.800003,37.647945,73.164024
2012-12-11,16.336576,21.862576,48.653000,29.585899,51.522064,47.794933,62.147255,11.949194,112.829834,76.824997,84.212097,23.249535,165.649994,37.740368,73.164024
2012-12-12,16.264454,21.798567,48.557217,29.676088,51.788380,47.862583,62.588478,11.935404,112.884880,76.611641,83.234421,23.359440,165.770004,37.636406,73.164024
2012-12-13,15.983522,21.694532,48.413513,29.683033,51.284691,47.436436,62.880241,12.076769,112.192688,76.487762,83.295509,23.148083,164.369995,37.347610,73.164024
2012-12-14,15.383042,21.454466,48.372440,29.703854,50.995216,47.301167,63.335674,11.976777,111.775780,76.625374,83.920181,23.291805,164.130005,37.341824,73.164024
2012-12-17,15.655825,21.686541,48.543510,30.168728,51.452591,47.301167,63.791153,12.157798,113.089401,76.439613,82.664101,23.274897,164.440002,37.538212,73.164024
2012-12-18,16.110561,22.054646,48.550354,30.439325,51.852070,47.328213,64.595284,12.221591,114.347954,76.260696,81.822098,23.334080,162.080002,37.925209,73.179970
2012-12-19,15.881532,21.854584,48.331383,30.203415,51.203629,46.902054,64.609535,12.166420,113.498482,76.391441,82.093765,23.418621,161.690002,37.873215,73.164024
2012-12-20,15.743330,22.150667,48.413513,30.897270,51.464153,47.226757,64.058403,12.169870,114.151268,76.398293,82.107292,23.308714,159.729996,38.369953,73.164024
2012-12-21,15.670918,21.966614,48.085030,30.529520,50.503078,46.482685,62.913250,12.061255,113.115143,76.467079,83.003593,23.266443,160.330002,38.306419,73.164024
2012-12-24,15.696259,21.654524,47.913971,30.474014,50.323597,46.347408,62.612614,12.054360,112.766632,76.474007,82.854187,23.190353,160.619995,38.357273,73.164024
2012-12-26,15.479905,21.494476,48.016613,30.501778,50.410446,45.995682,62.748611,11.914715,112.291267,76.577461,83.152267,23.427076,160.779999,38.176044,73.164024
2012-12-27,15.542060,21.574497,47.961872,30.272800,50.288860,45.975384,62.741447,11.931951,112.140770,76.618828,83.431206,23.427076,161.160004,38.316353,73.164024
2012-12-28,15.377004,21.246393,47.544464,30.002209,49.269878,45.420742,62.133076,11.766448,110.928726,76.736053,83.907524,23.359440,160.539993,38.064964,73.179970
2012-12-31,16.058361,21.374443,47.968716,30.508717,50.109390,45.921272,64.137138,11.928508,112.814117,76.598145,82.458183,23.486258,162.020004,38.468365,73.164024
2013-01-02,16.567112,22.102657,48.475094,31.200350,51.359936,46.935902,66.921326,12.157798,115.705605,76.508530,81.355774,23.570799,163.169998,38.947754,73.164024
2013-01-03,16.357996,21.806562,48.406651,31.137466,51.267319,46.638287,67.565491,12.159524,115.444153,76.315392,80.253494,23.376350,161.199997,38.941902,73.164024
2013-01-04,15.902351,21.398441,48.960945,31.689386,51.504677,46.732979,67.937668,12.219868,115.951141,76.398186,80.566490,23.274897,160.440002,39.123146,73.179970
2013-01-07,15.808810,21.358429,48.858295,31.724316,50.908333,46.415066,68.145264,12.162971,115.634300,76.356766,80.600502,23.317169,159.429993,39.210835,73.148026
2013-01-08,15.851357,21.246393,48.865147,31.787191,51.226776,46.340656,67.279205,12.292275,115.301559,76.425713,81.131233,23.376350,160.559998,39.134834,73.148026
2013-01-09,15.603618,21.366440,49.084126,31.766228,51.029922,46.590927,67.594154,12.206073,115.594604,76.370613,81.056435,23.342535,160.490005,39.245907,73.148026
2013-01-10,15.797038,21.174376,49.398888,32.241283,51.585747,46.854721,68.052193,12.325028,116.513542,76.363678,80.831886,23.427076,161.979996,39.286835,73.148026
2013-01-11,15.700174,21.470467,49.508366,32.234303,51.881012,46.820900,68.130943,12.375026,116.505653,76.439529,81.553169,23.325621,161.059998,39.263462,73.148026
2013-01-14,15.140430,21.518480,49.652050,32.052666,51.863647,47.098244,67.730118,12.359511,116.426460,76.508530,81.328568,23.477802,161.539993,39.374527,73.148026
2013-01-15,14.662752,21.774557,49.522053,32.381012,51.834702,47.267323,68.474495,12.392267,116.505653,76.529182,81.702866,23.376350,162.559998,39.561600,73.148026
2013-01-16,15.271387,21.638512,49.665737,32.709366,51.799953,47.282333,68.130943,12.293998,116.489830,76.570526,81.872971,23.401712,162.649994,39.514835,73.148026
2013-01-17,15.168495,21.806562,49.884712,32.443886,52.222603,47.507351,68.495956,12.254347,117.242409,76.405052,81.056435,23.503164,163.350006,39.637623,73.164024
2013-01-18,15.087617,21.806562,50.110538,32.457859,52.570011,47.691467,69.870193,12.335375,117.503838,76.494690,81.682404,23.655344,163.089996,39.807152,73.148026
2013-01-22,15.231552,21.726545,49.741020,32.513767,52.639462,47.698284,69.941772,12.409508,118.137558,76.453331,81.838943,23.722979,163.669998,40.011776,73.148026
2013-01-23,15.510375,22.094656,49.850502,32.297184,52.512074,48.202885,69.319077,12.376749,118.327721,76.536049,81.716469,23.748343,163.210007,40.000076,73.148026
2013-01-24,13.593947,22.110653,50.021587,32.394985,52.888412,48.018780,69.140167,12.430196,118.359398,76.432625,81.430649,23.731434,161.419998,40.081921,73.164024
2013-01-25,13.273485,22.310715,50.582699,32.946899,53.108425,49.948540,68.410103,12.499156,119.024803,76.246460,80.314713,23.680708,160.649994,40.309921,73.148026
2013-01-28,13.573730,22.334726,50.377422,32.583603,52.749462,50.303123,69.748505,12.481913,118.882202,76.136154,80.022186,23.672253,160.289993,40.415157,73.148026
2013-01-29,13.828408,22.414747,50.917992,32.918941,53.125793,51.141842,70.571609,12.518122,119.349571,76.087799,79.579803,23.807522,160.990005,40.532097,73.148026
2013-01-30,13.784956,22.286713,50.699032,32.925945,52.494705,51.196392,70.607407,12.412955,118.882202,76.053360,79.443703,24.078064,162.190002,40.146229,73.148026
2013-01-31,13.744522,21.966614,50.582699,32.870041,52.089439,51.250946,70.421310,12.421576,118.589081,76.122337,79.831581,24.069609,161.199997,39.906540,73.164024
2013-02-01,13.688089,22.350729,50.760616,33.428947,52.129974,51.769165,71.208618,12.461226,119.809105,75.957207,78.795006,24.162607,161.449997,40.140385,73.148026
2013-02-04,13.347115,21.958614,50.712715,33.310177,51.614700,51.312317,70.328239,12.411229,118.462379,76.171379,79.804321,24.078064,162.000000,40.046852,73.148026
2013-02-05,13.815430,22.006634,51.089069,34.085644,51.956287,51.619152,70.457085,12.440543,119.658524,76.012466,79.095047,24.171061,161.960007,39.953308,73.164024
2013-02-06,13.800646,21.878590,51.588593,33.959896,51.985218,51.926006,69.927414,12.414684,119.745667,76.143738,79.742943,24.137245,162.389999,40.093609,73.164024
2013-02-07,14.210998,21.830576,51.362782,33.694412,51.420048,51.926006,68.789459,12.456054,119.587280,76.171379,79.565590,24.044249,161.839996,39.924076,73.164024
2013-02-08,14.416171,22.046642,51.650196,33.973866,51.629803,51.653252,69.319077,12.430196,120.252693,76.192131,79.872513,24.137245,161.570007,40.292400,73.164024
2013-02-11,14.566406,22.294716,51.602299,33.994823,51.437527,51.694183,69.140167,12.443988,120.228920,76.116089,79.811119,24.052698,159.699997,40.350868,73.164024
2013-02-12,14.201285,22.310715,51.869152,34.330162,51.542416,51.810104,69.583893,12.497435,120.426956,76.102287,79.613350,24.094973,159.889999,40.654861,73.164024
2013-02-13,14.174270,22.430754,51.773380,34.008808,51.664757,52.205570,68.982697,12.507777,120.529922,76.026268,78.965462,24.103426,159.050003,40.631470,73.148026
2013-02-14,14.161522,22.438753,51.876007,34.386059,51.577362,52.355598,68.760811,12.447430,120.640846,76.164482,79.681572,24.069609,158.350006,40.461929,73.164024
2013-02-15,13.966362,22.414747,52.115520,34.148521,51.484138,52.191948,68.431541,12.499156,120.498238,76.171379,79.449631,23.968155,155.759995,40.479481,73.148026
2013-02-19,13.961205,22.632607,52.662952,34.546741,52.043488,52.764744,68.424400,12.568118,121.401314,76.081589,79.054131,23.875156,155.330002,40.801006,73.148026
2013-02-20,13.623095,22.487370,52.450821,33.959896,51.839565,52.560184,66.720932,12.575017,119.888298,76.129913,79.292824,23.604616,151.440002,40.537926,73.164024
2013-02-21,13.538416,22.180756,52.601341,33.708405,51.618141,52.532921,65.511353,12.504329,119.159477,76.171379,79.756554,23.334080,152.619995,40.233925,73.148026
2013-02-22,13.682582,22.398615,52.594463,34.169483,51.973583,52.498814,65.518501,12.542256,120.323975,76.212852,79.811119,23.334080,152.970001,40.637337,73.164024
2013-02-25,13.439470,22.083935,52.125412,33.324154,51.099571,51.769165,63.815063,12.445714,118.034584,76.502991,81.379684,23.224169,154.339996,39.865604,73.148026
2013-02-26,13.626737,22.083935,52.249569,33.254276,51.571541,51.878284,64.380493,12.459505,118.842621,76.482292,80.909103,23.181898,156.220001,40.140385,73.148026
2013-02-27,13.493194,22.438957,52.642735,34.427959,52.165874,52.335133,66.026703,12.516919,120.339798,76.502991,80.670456,23.038174,154.570007,40.432697,73.164024
2013-02-28,13.396981,22.430885,52.497887,34.176460,52.177502,51.946461,66.112564,12.504742,120.102158,76.572083,80.820450,22.936722,153.000000,40.391781,73.164024
2013-03-01,13.065241,22.551922,52.904846,34.169483,52.107597,52.157860,65.389687,12.589998,120.498238,76.599075,81.260574,22.776089,152.440002,40.526241,73.164024
2013-03-04,12.748982,22.713285,53.249714,34.302227,51.827885,52.287399,64.237350,12.804008,121.139893,76.543671,80.830002,22.691545,152.300003,40.830250,73.148026
2013-03-05,13.085576,22.874664,53.567024,34.574677,52.212467,52.539715,64.566597,12.854465,122.225235,76.481384,80.597595,22.902906,152.380005,41.151783,73.164024
2013-03-06,12.919252,22.664877,53.380791,34.951946,52.183327,52.642002,64.158615,12.904924,122.391586,76.398354,79.866325,22.776089,153.229996,41.029022,73.148026
2013-03-07,13.068578,22.705223,53.629105,35.371105,51.688053,52.437416,64.165779,12.864903,122.613396,76.239174,79.251251,22.928268,152.690002,40.836082,73.164024
2013-03-08,13.103176,22.592260,53.932598,35.070705,51.839565,52.628376,64.781281,12.903181,123.136215,76.017685,78.424355,22.995905,152.710007,40.906254,73.148026
2013-03-11,13.289838,22.487370,54.105034,35.266315,51.950264,52.744274,65.260834,12.906663,123.603592,76.059174,78.499512,23.012812,152.990005,40.941322,73.164024
2013-03-12,13.003325,22.519648,54.187805,35.126583,51.950264,52.621529,64.230179,12.718750,123.326324,76.197632,79.066757,23.063540,154.190002,40.789314,73.148026
2013-03-13,13.000896,22.527712,54.180935,35.042763,52.008549,52.369247,63.900951,12.831844,123.500610,76.135345,78.984711,22.945175,153.660004,40.830250,73.164024
2013-03-14,13.126853,22.705223,54.560295,35.629597,52.340652,52.771564,63.485832,12.877084,124.158081,76.218361,78.745552,23.114264,153.679993,41.087486,73.164024
2013-03-15,13.465569,22.624540,54.622360,34.944942,52.072632,52.055565,63.578850,12.957116,123.994186,76.287643,79.114601,23.164989,154.000000,41.181023,73.164024
2013-03-18,13.831609,22.672951,54.360237,34.588646,51.723019,51.932846,63.958210,12.896224,123.309860,76.356819,79.715996,23.029720,155.380005,40.953041,73.148026
2013-03-19,13.794276,22.737503,54.394726,34.372066,51.612320,52.580639,63.178047,13.070211,123.023438,76.467552,80.255928,22.860632,156.080002,40.754246,73.148026
2013-03-20,13.721128,22.850462,54.801708,34.316185,51.641445,52.901112,62.226097,13.171124,123.882790,76.384514,79.360626,23.021267,155.369995,40.882874,73.148026
2013-03-21,13.740859,22.681015,54.498207,33.778244,51.373444,52.648808,62.147385,13.151986,122.824532,76.398354,80.126053,22.919815,156.250000,40.760094,73.148026
2013-03-22,14.019477,22.793983,55.001747,34.078663,52.026028,52.689728,62.612614,13.252901,123.811234,76.426071,80.187576,22.962084,155.550003,40.974552,73.164024
2013-03-25,14.070167,22.721363,54.960358,33.897015,51.868694,52.287399,62.011417,13.254647,123.293922,76.398354,80.112396,22.978994,155.240005,40.980427,73.148026
2013-03-26,13.996108,22.721363,55.767372,33.980843,52.515465,52.778393,62.269058,13.426894,124.280663,76.488350,80.208031,23.190353,154.720001,41.333916,73.164024
2013-03-27,13.721128,22.890808,56.057056,33.373062,52.777641,52.546532,62.197491,13.376435,124.280663,76.647530,80.891541,23.308714,155.360001,41.410503,73.148026
2013-03-28,13.435223,23.084454,56.236408,33.156487,52.503811,52.546532,62.247608,13.515631,124.662598,76.647530,80.481491,23.088903,154.449997,41.551895,73.164024
2013-04-01,13.017892,23.084454,56.512321,33.414967,52.888359,52.982948,61.295666,13.480831,124.169235,76.716980,81.087555,23.088903,154.669998,41.675610,73.148026
2013-04-02,13.044601,23.237755,57.036545,33.729347,52.777641,53.842129,60.751709,13.599146,124.781914,76.633675,80.758850,22.978994,152.429993,41.805214,73.164024
2013-04-03,13.111370,23.044107,56.608887,32.934982,52.398918,53.269371,60.207756,13.626987,123.516716,76.716980,81.484848,22.590094,150.729996,41.657948,73.148026
2013-04-04,12.981777,23.076376,56.843384,33.384876,52.305695,53.555729,60.572788,13.785316,124.018044,76.931992,82.457458,22.564730,150.289993,42.335453,73.148026
2013-04-05,12.844590,23.157063,56.588196,33.680153,51.862873,53.344357,60.551289,13.839254,123.461060,77.154060,84.121841,22.547819,152.809998,42.565216,73.164024
2013-04-08,12.935943,23.068316,55.946693,34.151142,51.623966,53.726200,60.257847,13.908852,124.296570,77.022224,83.477959,22.615456,152.160004,42.906918,73.164024
2013-04-09,12.959315,23.891319,56.229519,34.221436,51.723019,53.364830,61.481747,13.778358,124.726250,77.049973,83.272461,22.759180,153.339996,42.912807,73.164024
2013-04-10,13.223673,24.431921,56.574394,34.622135,51.670586,54.033062,61.961315,13.894930,126.254044,76.890404,82.128708,22.708454,150.750000,43.177906,73.164024
2013-04-11,13.182396,23.350716,56.781315,34.664326,51.985222,54.326267,61.338600,13.891451,126.667763,76.904266,82.286247,22.615456,151.050003,43.431248,73.148026
2013-04-12,13.044906,23.229694,57.071018,34.453423,51.851204,54.605843,60.873375,13.830552,126.357430,77.154060,83.512238,22.336460,143.949997,43.537292,73.164024
2013-04-15,12.742914,23.148998,56.360558,33.694202,50.394562,54.312656,58.883617,13.736601,123.429245,77.188751,84.238220,21.668566,131.309998,42.635918,73.164024
2013-04-16,12.936857,23.374922,57.553837,34.087879,50.464478,54.619484,59.126980,13.868834,125.251396,77.188751,83.546532,21.896835,132.800003,43.342854,73.164024
2013-04-17,12.225422,23.261957,57.871147,32.892780,50.155666,53.910320,58.311031,13.748779,123.421341,77.188751,84.101242,21.575567,132.869995,42.883343,73.164024
2013-04-18,11.899156,23.229694,57.374516,32.787338,50.470299,54.462658,57.958073,13.719200,122.649452,77.174858,84.306732,21.803837,134.300003,42.818546,73.148026
2013-04-19,11.853020,24.020418,58.278072,33.202118,50.953907,55.526398,57.936459,13.933213,123.715714,77.181778,84.128670,21.753109,135.470001,43.478363,73.164024
2013-04-22,12.100080,24.875696,58.512630,33.286461,51.326824,55.505951,59.578819,13.903627,124.264740,77.278938,84.190315,21.820742,137.899994,43.419456,73.164024
2013-04-23,12.326497,24.690104,58.940281,33.862915,52.031845,56.283306,60.580105,13.938429,125.545807,77.244225,83.895767,21.685474,136.880005,43.660999,73.164024
2013-04-24,12.306158,25.626081,58.209145,34.249538,52.107597,52.973801,60.349571,14.016725,125.625435,77.230362,84.108116,21.922197,138.369995,43.755268,73.164024
2013-04-25,12.394787,25.771318,58.781609,34.446396,51.315174,52.602890,60.875443,13.995846,126.134636,77.195686,83.745094,22.209646,141.630005,43.607971,73.148026
2013-04-26,12.662479,25.650291,58.712673,34.362038,51.274384,52.960060,60.997875,14.013247,125.911819,77.355270,84.512207,22.082830,140.910004,43.466583,73.148026
2013-04-29,13.054618,26.311918,59.029942,34.390156,51.396725,53.358471,61.084305,14.138525,126.755272,77.403809,84.204002,22.378731,142.300003,43.837757,73.148026
2013-04-30,13.438863,26.707275,58.788548,34.453423,51.851204,52.733395,60.990673,14.272495,127.057640,77.389969,84.251953,22.209646,142.770004,44.350296,73.148026
2013-05-01,13.332937,26.400673,58.098766,33.750435,50.988861,52.884521,59.845367,14.150702,125.943672,77.426094,85.117477,21.812290,141.110001,43.996803,73.148026
2013-05-02,13.522026,26.755690,58.740253,33.799644,51.641445,53.413429,60.695362,14.220294,127.113373,77.433037,85.007645,22.091284,141.919998,44.285500,73.164024
2013-05-03,13.657392,27.021963,59.147213,33.441124,52.451366,53.708797,62.654682,14.223780,128.402405,77.148041,83.003395,22.336460,142.089996,44.462219,73.148026
2013-05-06,13.983057,27.231741,58.409153,33.869942,52.777641,53.406563,63.094093,14.023687,128.728592,77.022942,82.797554,22.361826,142.149994,44.692005,73.148026
2013-05-07,13.920844,26.876730,58.995472,34.544823,53.109764,53.537064,64.678802,14.218552,129.381119,76.981277,82.474892,22.285734,140.380005,44.939445,73.148026
2013-05-08,14.078061,26.618521,58.947166,34.980659,53.430233,53.880512,65.053352,14.082838,129.969925,77.050743,82.605286,22.387188,142.460007,44.963005,73.164024
2013-05-09,13.955239,26.352259,58.733345,34.474514,53.406773,53.722519,64.794052,13.891451,129.603928,76.946465,82.392578,22.378731,140.809998,44.668430,73.164024
2013-05-10,13.839143,26.376463,59.154118,34.418274,52.884617,54.100315,63.835991,13.919293,130.025543,76.793556,81.507118,22.277279,139.600006,44.833397,73.148026
2013-05-13,13.893219,26.650793,59.216171,34.917404,52.861149,53.983547,63.439812,13.853179,130.129074,76.724045,80.882515,22.175831,138.429993,45.045483,73.164024
2013-05-14,13.560815,27.243942,59.988728,35.311073,53.453678,54.588032,63.065254,13.952348,131.473755,76.543373,80.003929,22.099737,137.809998,45.210442,73.148026
2013-05-15,13.102227,27.503950,60.450867,35.915630,53.529961,55.419178,62.669060,14.121117,132.181946,76.654526,80.539368,22.049013,134.630005,45.658180,73.148026
2013-05-16,13.277290,27.690830,60.319817,35.831295,53.213165,55.089485,62.510574,13.994104,131.561325,76.863045,81.376740,22.023649,134.089996,45.422520,73.148026
2013-05-17,13.236962,28.332727,60.761238,36.766254,53.835052,54.965816,63.151684,14.110677,132.834442,76.675438,80.347145,22.133554,131.070007,45.675869,73.164024
2013-05-20,13.532401,28.503359,60.706078,36.759220,54.280930,54.327003,63.627106,13.961047,132.826492,76.598946,80.251099,22.277279,135.119995,45.781906,73.148026
2013-05-21,13.432494,28.316469,61.106136,37.272419,54.445217,54.127808,63.461422,14.004545,133.017487,76.661476,80.882515,22.150465,132.880005,46.041130,73.164024
2013-05-22,13.484127,28.121468,61.016464,37.701233,54.087337,54.141544,63.173283,13.773137,132.030746,76.404335,79.681366,22.049013,131.940002,44.921768,73.164024
2013-05-23,13.508260,27.747709,60.606449,37.504391,53.852657,54.059097,62.633064,13.609578,131.648773,76.376495,80.058876,22.150465,134.610001,44.079285,73.164024
2013-05-24,13.600226,27.845213,60.335403,37.722321,53.700111,56.243458,62.100006,13.449512,131.537430,76.376495,80.168686,22.065920,133.759995,43.967361,73.164024
2013-05-28,13.486876,28.454603,60.884422,38.383125,54.198807,55.542828,62.085583,13.400793,132.325226,75.903885,78.136993,22.268827,133.490005,43.590309,73.148026
2013-05-29,13.594112,28.340853,59.522331,38.432331,54.022804,54.196487,62.301701,13.174606,131.465866,76.008110,79.015579,22.125103,134.830002,42.665363,73.164024
2013-05-30,13.796673,28.462727,59.758602,39.100170,54.028664,54.327003,62.244064,13.288691,131.951202,75.987251,78.823433,22.125103,136.699997,42.264748,73.148026
2013-05-31,13.740152,28.357103,58.500759,38.376095,53.078217,52.726532,61.804668,13.272901,130.057449,75.841324,78.555702,21.863018,133.919998,41.699177,73.164024
2013-06-03,13.770400,28.917747,58.869072,38.305798,53.659035,53.344738,62.042377,13.388742,130.773529,75.879585,78.971977,22.133554,136.509995,41.934830,73.164024
2013-06-04,13.727321,28.430233,58.445164,37.989456,53.265949,53.145538,61.891068,13.425600,130.144928,75.712517,78.242668,22.218102,135.229996,41.351585,73.164024
2013-06-05,13.599006,28.259607,58.153294,37.279430,52.597137,52.657841,60.810600,13.337844,128.322800,75.670692,79.322853,22.116648,135.520004,41.009880,73.164024
2013-06-06,13.395830,28.405857,58.695320,37.609829,52.937408,52.767738,60.508053,13.583572,129.484512,75.865631,79.274750,22.201191,136.529999,41.669712,73.148026
2013-06-07,13.498186,28.982742,59.008045,38.151154,53.653172,53.406563,60.976284,13.831058,131.131638,75.628922,77.857368,22.251919,133.279999,41.675610,73.164024
2013-06-10,13.408965,28.820229,59.167912,38.214420,53.459564,53.626366,60.363979,13.809993,131.131638,75.475731,77.485825,22.167374,133.940002,41.316235,73.148026
2013-06-11,13.369555,28.308352,58.855179,37.602814,53.072346,53.660744,60.162292,13.843341,129.778992,75.482666,78.407791,21.972923,133.250000,40.703533,73.164024
2013-06-12,13.204273,28.438353,58.194981,37.384884,52.649921,53.303524,59.938995,13.646763,128.704712,75.357330,77.286301,21.998285,134.250000,40.149757,73.148026
2013-06-13,13.319453,28.210840,59.008045,38.080837,53.582783,53.873661,61.329266,13.888981,130.662186,75.726379,78.497215,22.142012,133.740005,41.192524,73.164024
2013-06-14,13.138889,27.950832,59.008045,37.349739,53.142769,53.598885,60.414410,13.994290,129.842636,75.747269,78.311478,22.235008,134.429993,41.345703,73.148026
2013-06-17,13.198465,28.438353,59.508419,37.855881,53.688385,54.237698,60.450439,14.157525,130.845215,75.691521,77.898605,22.285734,133.770004,41.463516,73.148026
2013-06-18,13.191441,28.422106,60.015739,38.038662,53.934792,54.292656,60.904266,14.320759,131.879593,75.663673,77.939949,22.328007,132.130005,41.675610,73.148026
2013-06-19,12.923497,28.105217,58.973316,37.644974,53.389164,53.310390,60.688145,14.075030,130.057449,75.155403,77.134964,22.361826,130.589996,40.397182,73.148026
2013-06-20,12.735296,27.211452,57.416649,36.892803,52.245106,51.689308,59.931797,13.573039,126.834862,74.654045,75.868965,21.634747,123.599998,38.718132,73.148026
2013-06-21,12.633252,27.032686,57.819698,36.527237,52.497387,53.186749,59.874149,13.748567,127.242027,74.236229,74.582359,21.499479,125.050003,39.242474,73.164024
2013-06-24,12.298406,27.398321,58.799595,35.796146,51.910698,52.602890,58.721626,13.757336,125.634171,73.936813,74.891930,21.406479,123.930000,39.064625,73.164024
2013-06-25,12.301153,27.357695,59.313828,36.611603,52.280315,52.678429,59.305084,13.866166,126.842010,74.020416,74.224556,21.423388,123.470001,39.718884,73.164024
2013-06-26,12.161838,27.910219,60.453552,36.906853,52.685120,53.166153,59.139416,14.013594,128.097916,74.333778,74.706192,21.364208,118.279999,40.319595,73.164024
2013-06-27,12.030768,28.129612,60.258965,37.363792,52.825951,53.351604,59.758930,14.115396,128.849930,74.647110,75.469879,21.355751,115.940002,41.128490,73.148026
2013-06-28,12.114788,28.064587,59.668266,37.110718,53.007820,52.884521,59.420364,14.301449,128.321915,74.654045,75.985886,21.245848,119.110001,40.872742,73.148026
2013-07-01,12.502490,27.918337,60.203377,36.899822,52.978481,53.592030,59.586052,14.082056,129.073761,74.757324,76.139046,21.381119,121.129997,40.783508,73.164024
2013-07-02,12.785711,27.577072,60.161678,37.388428,53.177952,53.880512,59.413147,14.101355,128.953842,74.757324,76.090729,21.465662,120.050003,41.408043,73.148026
2013-07-03,12.856282,27.633959,60.307625,37.367176,53.207317,53.969822,58.959339,14.062749,129.009888,74.652626,75.863197,21.660112,120.739998,41.134449,73.164024
2013-07-05,12.753019,27.796453,61.065121,38.231083,53.723579,53.811829,59.168255,14.029396,130.401688,73.836403,73.277191,21.609385,118.089996,40.938179,73.164024
2013-07-08,12.680608,27.893970,61.565479,38.733837,54.122532,54.100315,59.931797,14.157525,131.145584,74.220123,73.987450,21.719290,119.510002,40.979813,73.132141
2013-07-09,12.903639,27.910219,61.767014,38.868370,54.762016,54.656723,61.466103,14.278628,132.089432,74.296875,74.063271,21.854563,120.620003,41.562675,73.132141
2013-07-10,12.854147,28.194593,62.017185,38.825897,54.456944,54.814701,61.199589,14.327779,132.137512,74.101517,73.484055,21.922197,120.949997,41.580521,73.132141
2013-07-11,13.054567,28.998991,62.316029,39.045410,54.720951,55.481003,62.452938,14.608618,133.937256,74.596848,74.346069,22.032104,124.239998,42.585697,73.132141
2013-07-12,13.030735,28.982742,62.538418,38.925022,54.797226,56.016792,62.791531,14.745522,133.993225,74.513130,74.283943,22.116648,124.129997,42.323994,73.132141
2013-07-15,13.059150,29.389009,62.823318,38.868370,54.709236,55.989315,62.957211,14.996520,134.505203,74.673584,74.677048,22.057467,124.180000,42.502422,73.132141
2013-07-16,13.143473,29.470257,62.823318,38.953346,54.738567,55.618378,63.511860,14.912266,134.001266,74.792160,74.932159,22.082830,124.889999,42.532158,73.132141
2013-07-17,13.146828,29.039612,62.635689,39.137459,54.832424,55.425983,62.431335,14.885941,134.345215,74.952621,75.070107,22.065920,123.320000,42.686798,73.132141
2013-07-18,13.191131,28.795860,62.663502,39.916378,55.372189,55.571327,62.177517,14.994763,135.081131,74.813034,74.132286,22.158918,124.010002,43.049599,73.148026
2013-07-19,12.983072,25.513268,64.095070,39.767681,55.835674,56.311798,62.126698,14.912266,135.321136,75.008446,75.304604,22.175831,125.110001,43.019871,73.148026
2013-07-22,13.024622,26.008911,64.129822,40.050926,55.636192,56.208015,62.380600,14.898221,135.585098,75.106125,75.414948,22.158918,128.839996,43.150723,73.148026
2013-07-23,12.800987,25.854525,64.227135,40.128815,55.853298,56.021122,62.032383,14.884187,135.297104,75.064232,75.097717,22.192736,129.710007,43.103130,73.148026
2013-07-24,13.458461,25.968277,64.185448,40.100498,55.730072,55.550564,60.523689,14.701639,134.801208,74.820061,74.146057,22.015196,127.480003,42.264515,73.164024
2013-07-25,13.397056,25.505144,64.331383,40.008453,55.718353,55.647442,59.580723,14.757809,135.129089,74.847946,74.118477,21.989832,128.669998,42.329941,73.132141
2013-07-26,13.473130,25.692022,64.512032,39.689789,55.612740,55.633598,59.522663,14.734986,135.273087,74.827065,74.573662,21.854563,128.779999,42.365620,73.132141
2013-07-29,13.680882,25.627026,64.776108,39.434883,55.166840,55.425983,60.219013,14.882421,134.857162,74.827065,74.028816,21.846107,128.470001,42.050385,73.148026
2013-07-30,13.849835,25.878902,64.748344,39.179955,55.037766,55.668209,60.342342,15.179058,134.857162,74.799149,74.001221,21.770018,128.119995,41.925480,73.132141
2013-07-31,13.825696,25.870785,64.977684,39.463188,55.002579,55.571327,60.139217,15.201882,134.953171,74.854935,74.270187,21.922197,127.959999,41.241512,73.148026
2013-08-01,13.952487,25.732647,65.165283,40.036770,54.404140,56.498680,61.249020,15.496754,136.513000,74.432053,72.839157,21.972923,126.610001,41.080917,73.132141
2013-08-02,14.131523,25.911406,65.596169,40.001354,53.946526,56.256466,61.147434,15.435318,136.744965,74.683716,73.641037,21.888380,126.360001,40.878689,73.148026
2013-08-05,14.342635,25.757032,65.186150,39.725201,53.735294,56.332577,60.610703,15.284376,136.544968,74.718674,73.074196,21.778473,125.699997,40.848949,73.148026
2013-08-06,14.214319,25.659523,65.193085,39.293247,53.664906,56.567848,59.863575,15.238732,135.769089,74.641792,73.288490,21.600929,123.970001,40.706211,73.148026
2013-08-07,14.206070,26.049532,65.088867,39.158714,53.588634,56.720112,59.791046,15.228204,135.329147,74.739578,73.834694,21.457205,124.150002,40.599136,73.132141
2013-08-08,14.177778,26.723925,64.866447,38.825897,53.846760,56.865448,60.900860,15.205380,135.825027,74.844444,74.035110,21.567112,126.860001,40.616982,73.132141
2013-08-09,13.976031,26.569548,64.185448,38.606377,53.592773,56.498680,61.299812,15.140453,135.433090,74.893372,74.152649,21.719290,126.860001,40.973866,73.148026
2013-08-12,14.373061,26.707676,63.935238,38.301895,53.102451,56.484829,62.612682,15.022843,135.273087,74.844444,73.647972,21.981379,129.130005,40.682419,73.148026
2013-08-13,15.056106,26.372198,64.637154,38.443527,52.812962,56.512501,62.794025,14.936841,135.673080,74.543907,72.583321,21.972923,127.739998,40.123322,73.148026
2013-08-14,15.330732,26.470388,63.031822,38.344383,52.547134,56.228764,62.250008,14.817492,134.977173,74.446068,72.693939,22.150465,129.000000,39.968681,73.148026
2013-08-15,15.312591,26.012169,62.232632,37.735401,52.080441,55.695881,62.279041,14.568243,133.089371,74.180420,71.712227,22.361826,131.690002,39.237129,73.148026
2013-08-16,15.448520,26.020355,62.107548,37.735401,51.932762,55.294487,61.771278,14.419060,132.649399,73.970749,71.463356,22.370277,132.580002,38.273594,73.148026
2013-08-19,15.614896,25.684870,62.858074,36.701538,51.347919,55.079960,61.074924,14.311979,131.801514,73.740089,70.841171,22.344915,132.009995,37.768036,73.132141
2013-08-20,15.409770,25.873062,62.357716,36.906898,51.294750,55.038422,60.828320,14.426069,132.449463,73.956810,71.387314,22.302643,132.449997,38.624512,73.148026
2013-08-21,15.449444,25.864882,61.711407,36.559929,51.052540,54.934639,60.160992,14.178590,131.633514,73.684219,70.606110,22.277279,132.070007,38.535290,73.148026
2013-08-22,15.467897,26.503115,61.336147,36.970634,51.383381,55.204544,61.053165,14.211934,132.833420,73.775101,71.325066,22.285734,132.809998,38.767254,73.132141
2013-08-23,15.408232,28.434175,61.903290,37.048531,51.702366,55.370636,60.850063,14.289172,133.281326,74.019691,72.099442,22.463276,134.899994,39.171692,73.148026
2013-08-26,15.468203,27.943239,61.287151,36.680309,51.448353,54.353306,60.610703,14.139973,132.785416,74.152473,72.458862,22.590094,135.449997,39.058689,73.132141
2013-08-27,15.025961,27.214993,60.334877,35.830582,51.288822,53.958839,59.986897,14.233000,130.649673,74.348198,73.371490,22.809906,136.750000,38.868359,73.132141
2013-08-28,15.097011,27.018616,60.586941,35.816410,52.482143,53.183762,59.805576,14.348023,131.113556,74.208382,72.776886,22.843723,136.710007,38.630440,73.132141
2013-08-29,15.121606,27.452276,60.614948,35.901382,51.554672,53.502098,59.863575,14.256005,131.321533,74.355186,73.357605,22.607002,135.869995,38.689930,73.148026
2013-08-30,14.983837,27.329550,60.502926,35.781002,51.489697,53.903469,59.870857,14.220614,130.905594,74.236351,73.274658,22.539370,134.619995,38.362801,73.148026
2013-09-03,15.025660,26.085806,60.509922,36.205872,51.483780,53.806606,59.849110,14.116204,131.497543,74.052910,72.241165,22.657728,136.419998,38.029728,73.148026
2013-09-04,15.336577,25.529400,60.846020,36.729877,51.844147,53.626667,60.596222,14.174604,132.585419,73.947838,72.081726,22.463276,134.660004,38.356861,73.148026
2013-09-05,15.231395,25.553947,60.944023,36.899830,51.601940,53.384457,60.168255,14.149825,132.753418,73.450668,71.076645,22.412552,132.199997,37.952419,73.148026
2013-09-06,15.322125,25.488489,61.028053,37.218479,51.542858,53.391354,60.487415,14.158681,132.817337,73.723763,71.430168,22.539370,134.149994,38.541225,73.148026
2013-09-09,15.566622,25.905798,61.308117,37.430912,52.009548,54.090332,62.083183,14.197615,134.089279,73.870842,71.464836,22.395643,133.910004,39.344185,73.116081
2013-09-10,15.212021,26.503115,61.987297,38.004486,51.879597,53.945023,62.823055,14.264853,135.081131,73.737755,70.965736,22.192736,131.740005,39.314442,73.132141
2013-09-11,14.383830,26.789511,62.477448,37.714149,52.482143,54.166477,63.200203,14.087894,135.505051,73.989891,71.596535,22.226557,131.699997,39.629665,73.132141
2013-09-12,14.536983,26.748579,62.323380,36.991886,51.974113,54.159569,62.989880,14.027726,135.145142,73.905807,71.499466,22.336460,127.669998,39.373909,73.132141
2013-09-13,14.297413,27.026798,62.015305,37.239719,52.222221,54.706253,63.113205,14.018878,135.449127,74.010902,71.776764,22.268827,127.820000,39.486916,73.148026
2013-09-16,13.842870,26.838589,62.337414,37.629185,52.381744,55.474426,63.236507,14.010030,136.233002,74.164963,71.298447,21.989832,126.449997,39.879475,73.132141
2013-09-17,14.002789,26.944975,62.358418,37.593765,52.541225,55.246052,63.156708,13.979946,136.840988,74.234970,71.887688,21.761564,126.500000,39.855686,73.132141
2013-09-18,14.290647,27.264086,62.953556,37.820374,52.919308,55.571327,63.715256,14.608156,138.424774,74.858185,72.774857,22.235008,132.009995,41.205814,73.148026
2013-09-19,14.524989,27.525932,63.065605,37.353016,52.742096,55.446747,63.649944,14.634698,138.192810,74.767174,72.345139,22.150465,131.750000,41.170139,73.148026
2013-09-20,14.374600,26.830410,62.792526,37.388428,52.375832,54.941551,61.473873,14.279011,137.226685,74.767174,72.726372,21.947559,127.959999,40.498039,73.132141
2013-09-23,15.089013,26.789511,62.379417,36.439545,51.838234,54.865433,61.676971,14.372798,136.591599,74.823212,73.260124,21.786926,127.550003,40.220741,73.132141
2013-09-24,15.041649,26.552212,61.770252,35.632305,51.607845,54.408665,61.735012,14.372798,136.270111,74.998268,74.050323,21.778473,127.660004,39.914631,73.132141
2013-09-25,14.808845,26.601303,60.972046,36.609489,51.477886,53.785835,61.292545,14.215303,135.876236,75.103333,74.202858,21.812290,128.789993,40.046673,73.132141
2013-09-26,14.953077,26.814049,60.965031,36.744038,51.436512,54.014233,61.074924,14.234775,136.398727,75.089287,73.682953,21.981379,127.790001,40.292763,73.132141
2013-09-27,14.846368,27.223167,60.726990,36.991886,51.336090,53.432884,60.784782,14.169298,135.771744,75.131310,73.863136,21.871471,128.970001,40.124706,73.132141
2013-09-30,14.661842,27.231359,60.698971,36.602425,50.828060,52.311760,60.494652,14.185222,135.048340,75.068283,73.752251,21.778473,128.179993,39.698551,73.132141
2013-10-01,15.006590,27.476839,61.245110,36.793602,50.804424,52.706261,60.755787,14.169298,136.117371,75.012886,73.528473,21.634747,124.589996,40.274750,73.148026
2013-10-02,15.055794,27.755043,61.119087,37.157406,50.851681,52.547096,60.980648,14.229462,135.988770,75.111069,73.639671,21.846107,127.059998,40.334766,73.148026
2013-10-03,14.866661,27.705946,60.621956,37.050400,50.509048,52.484791,60.908115,14.059576,134.734818,75.167175,73.521530,21.812290,127.180000,39.632515,73.148026
2013-10-04,14.854974,27.722313,61.133091,37.571129,50.993462,52.609344,61.074924,14.094968,135.755630,75.104095,73.465919,21.879925,126.529999,39.554497,73.148026
2013-10-07,15.000134,27.247728,60.628956,36.971928,50.745369,52.353302,60.588943,14.041884,134.582031,75.090027,73.764732,22.032104,127.639999,39.734550,73.148026
2013-10-08,14.790698,27.010431,59.942780,36.287136,50.514973,52.823898,60.095699,14.102051,133.014694,75.054962,73.785599,22.108194,127.400002,39.302395,73.148026
2013-10-09,14.964463,27.059526,60.187832,36.201542,50.308205,53.252964,60.581692,14.156909,133.111099,74.998817,73.194931,21.947559,126.110001,39.308395,73.132141
2013-10-10,15.058259,27.624111,61.462162,37.464138,50.828060,53.903469,61.459358,14.404653,135.980743,75.083015,73.313019,22.226557,124.269997,40.310776,73.116081
2013-10-11,15.155744,27.926865,62.631489,37.457008,51.365646,54.311783,62.097698,14.466592,136.856903,75.111069,73.292168,22.108194,122.599998,40.712921,73.100143
2013-10-14,15.255081,28.188713,62.876545,37.599674,51.749638,54.491722,62.554665,14.344490,137.403458,74.970787,72.701469,22.099737,122.830002,40.736935,73.100143
2013-10-15,15.336274,28.221445,62.967571,37.314342,51.271111,53.702797,62.199230,14.194073,136.406754,74.935677,72.652794,22.023649,123.730003,40.586872,73.100143
2013-10-16,15.411009,28.344185,63.793777,38.519855,51.578316,54.638790,62.576416,14.424117,138.311737,75.258369,73.563232,22.192736,123.540001,41.349136,73.116081
2013-10-17,15.515258,28.573282,64.395950,38.669662,51.678738,55.392017,62.707916,14.687788,139.236176,75.468857,74.230400,22.074377,127.419998,41.973392,73.116081
2013-10-18,15.650267,28.606016,64.157875,38.733868,51.720097,55.385056,63.796246,14.783344,140.176559,75.595123,74.390221,22.201191,126.849998,41.931355,73.132141
2013-10-21,16.033766,28.630569,63.856796,38.712467,51.531044,55.078178,64.059196,14.827596,140.184647,75.524956,74.153961,22.150465,126.980003,41.679276,73.132141
2013-10-22,15.987947,28.295080,64.669037,38.248810,51.974113,56.061607,65.132957,15.043482,140.996536,75.791588,74.980934,22.125103,129.339996,42.063412,73.132141
2013-10-23,16.144478,27.624111,64.486977,37.628208,51.755527,56.431255,61.181293,15.057637,140.321259,75.770500,75.272842,21.786926,128.690002,42.141453,73.132141
2013-10-24,16.358210,27.591387,64.662010,37.435612,52.234047,56.222019,61.743725,15.071798,140.787521,75.742462,74.980934,21.795382,129.899994,42.129429,73.116081
2013-10-25,16.175228,29.236074,64.479950,37.642467,51.968197,55.796562,61.919025,15.209823,141.430527,75.770500,75.258949,21.863018,130.460007,42.645634,73.132141
2013-10-28,16.295784,29.105158,64.690033,37.578270,52.121811,56.703247,61.561134,15.070025,141.655640,75.735443,75.001877,21.947559,130.559998,42.339512,73.132141
2013-10-29,15.889832,29.064234,65.215149,37.613926,52.535320,57.512302,61.407734,15.215133,142.411240,75.826607,75.099083,21.888380,129.770004,42.093426,73.116081
2013-10-30,16.142637,29.080608,64.970108,37.521198,52.464436,56.856697,60.984081,15.144351,141.703857,75.686287,74.647423,21.956015,129.600006,41.739281,73.116081
2013-10-31,16.074974,28.974232,64.844055,36.765076,52.942924,56.319668,60.889126,14.997472,141.301941,75.693329,74.807213,21.770018,127.739998,41.493191,73.116081
2013-11-01,15.992863,29.072432,65.376221,37.457008,53.061089,56.598633,61.057137,15.597372,141.639542,75.510590,73.997513,21.499479,126.949997,41.709278,73.116081
2013-11-04,16.199530,29.407907,65.138123,37.121731,54.407990,56.724163,61.276234,15.588525,142.137924,75.587898,74.067207,21.406479,126.809998,41.787304,73.116081
2013-11-05,16.159552,29.980688,64.984085,37.057537,54.343006,56.793938,61.393120,15.441646,141.687775,75.363029,73.182167,21.347301,126.559998,41.103065,73.116081
2013-11-06,16.113773,31.240784,65.145126,37.164539,55.069637,57.756420,61.517284,15.634534,142.411240,75.482513,73.217102,21.364208,127.199997,41.043037,73.132141
2013-11-07,15.852994,30.684378,64.900070,36.843536,54.694939,57.414665,61.100952,15.395638,140.610687,75.538689,73.837204,21.212027,126.160004,40.532845,73.116081
2013-11-08,16.102633,30.913477,65.852333,38.491337,55.152885,57.547207,61.531910,15.416873,142.507675,75.067856,72.060249,21.330391,124.279999,39.986660,73.116081
2013-11-11,16.055922,30.758011,66.020363,38.591198,55.289684,57.372818,61.466160,15.316008,142.531769,75.025742,71.788521,21.423388,123.870003,40.028667,73.132141
2013-11-12,16.085621,30.569818,65.509216,38.498466,55.117229,57.749435,61.247047,15.156738,142.242447,74.997643,72.123009,21.279667,122.449997,39.848602,73.132141
2013-11-13,16.104797,31.224409,65.355171,38.619740,55.069633,58.237656,61.502670,15.236362,143.383820,75.194366,72.387817,21.372663,122.849998,40.106697,73.132141
2013-11-14,16.337725,31.109865,65.761314,38.805202,55.444340,58.809578,61.181293,15.484118,144.099213,75.426270,72.833748,21.465662,124.269997,40.388794,73.116081
2013-11-15,16.239668,30.962578,66.090370,39.140461,56.663616,59.172245,61.166691,15.673470,144.726181,75.447395,72.980110,21.431845,124.320000,40.538849,73.116081
2013-11-18,16.042927,30.438911,66.027390,39.761070,56.770695,58.983944,61.385822,15.760177,144.219833,75.594963,73.419128,21.288118,122.900002,40.286762,73.116081
2013-11-19,16.071388,30.290491,66.419472,40.053520,56.752838,58.823524,61.115547,15.448721,143.906311,75.391136,72.861649,21.254301,122.949997,40.004662,73.116081
2013-11-20,15.930641,30.570812,66.622528,40.017849,56.312725,59.067627,60.392429,15.259377,143.456161,75.180359,71.621284,21.271210,120.120003,39.518463,73.116081
2013-11-21,16.120571,30.834633,66.657562,40.816792,56.318638,59.053658,59.983387,15.323082,144.613647,75.257622,71.739731,21.541750,119.940002,39.824589,73.132141
2013-11-22,16.079121,30.974800,67.158112,40.987984,56.509007,59.248959,60.538486,15.323082,145.337067,75.363029,72.408730,21.609385,119.919998,39.668526,73.116081
2013-11-25,16.200996,31.032515,67.426102,41.123520,56.556568,59.569817,61.648796,15.236362,145.192429,75.419228,72.617729,21.584021,120.459999,39.482468,73.116081
2013-11-26,16.499817,30.793411,67.024178,40.781128,56.068851,59.032749,61.619572,15.181089,145.232559,75.440331,72.889511,21.575567,119.820000,39.344418,73.116081
2013-11-27,16.888340,30.999529,66.967773,41.002266,55.789322,58.781673,61.845974,15.147206,145.586227,75.475449,72.764084,21.575567,119.459999,39.680550,73.132141
2013-11-29,17.201082,31.436489,66.742142,40.816792,55.598999,58.739811,61.794849,15.084791,145.489777,75.503571,72.784950,21.567112,120.699997,39.314407,73.100143
2013-12-02,17.051355,31.700323,66.474213,40.645599,55.622765,58.126068,61.539207,14.967092,145.111969,75.217041,72.218880,21.541750,117.580002,39.086315,73.116081
2013-12-03,17.518141,31.584890,66.255669,40.560001,56.140209,58.467827,61.261635,14.988497,144.485016,75.308563,72.484474,21.668566,117.959999,39.008289,73.132141
2013-12-04,17.477306,32.104298,66.015923,40.795399,56.306755,58.133041,61.334686,15.017030,144.468979,75.111404,71.792526,21.710838,119.959999,39.152332,73.132141
2013-12-05,17.567013,31.329304,65.550575,39.818127,55.985565,57.672703,61.656082,14.906461,143.833984,74.949471,71.589813,21.685474,118.300003,39.290390,73.132141
2013-12-06,17.323261,31.626123,66.587036,39.989326,56.889626,58.949062,62.452259,15.091932,145.441620,75.076187,71.932297,21.761564,118.550003,39.572498,73.132141
2013-12-09,17.521544,31.914675,66.587036,40.310314,57.002651,59.130394,62.883205,14.999195,145.811295,75.167793,72.100037,21.685474,119.720001,39.764557,73.132141
2013-12-10,17.494322,31.420002,66.375504,40.445854,56.925323,58.342285,63.124256,14.772720,145.288818,75.287453,72.617264,21.753109,121.820000,39.662533,73.116081
2013-12-11,17.364710,31.007778,65.649323,39.996460,56.062878,58.600334,62.291538,14.694254,143.657135,75.167793,72.058159,21.753109,120.860001,38.750191,73.132141
2013-12-12,17.339342,30.686245,64.274391,40.167656,56.717129,57.400730,62.503376,14.758454,143.182922,75.055054,71.785538,21.550203,118.290001,38.534115,73.132141
2013-12-13,17.150341,30.249268,64.408356,40.067795,56.687408,57.449524,62.853977,14.749535,143.166809,75.090279,72.134979,21.465662,119.379997,38.630154,73.132141
2013-12-16,17.245304,30.414167,64.422470,40.246132,57.823414,56.975277,63.825470,14.776285,144.059067,75.146614,71.869408,21.533295,119.690002,38.762203,73.116081
2013-12-17,17.167665,30.109125,63.921871,39.746792,57.543869,56.431255,63.489468,14.735270,143.600861,75.273369,72.190910,21.431845,118.650002,38.942265,73.116081
2013-12-18,17.037134,30.158588,65.317886,40.831066,59.203278,57.456501,64.402519,14.922514,146.052490,75.238159,71.827469,21.474117,117.610001,39.632515,73.132141
2013-12-19,16.841946,29.886511,64.852554,40.823921,59.137844,57.121731,63.942345,14.931437,145.883652,75.111404,71.757622,21.524843,114.820000,39.086315,73.132141
2013-12-20,16.982994,30.339960,64.930115,41.159203,58.691769,57.079880,64.957657,15.125805,146.732269,75.238159,72.861870,21.693930,115.940002,39.326401,73.116081
2013-12-23,17.634758,30.191566,64.887810,41.544392,58.590649,56.710236,65.709991,15.104410,147.516190,75.202965,72.449554,21.693930,115.570000,39.404434,73.116081
2013-12-24,17.559900,30.570812,64.908943,41.551514,59.012947,56.710236,66.403908,15.109757,147.839493,75.097321,71.869408,21.761564,116.099998,39.439793,73.116081
2013-12-26,17.443285,30.867615,65.247414,41.515858,60.012169,57.024071,66.579201,15.084791,148.591064,75.054993,71.592438,21.795382,116.739998,39.470280,73.116081
2013-12-27,17.325424,30.743942,65.113426,41.473061,60.374977,57.198456,66.374687,15.104410,148.582993,75.083229,71.389137,21.854563,117.120003,39.555622,73.132141
2013-12-30,17.153130,30.743942,65.078194,41.337532,59.661243,57.191475,66.374687,15.166833,148.558746,75.153816,71.879959,21.727747,115.389999,39.567806,73.132141
2013-12-31,17.354193,30.842882,64.577576,41.715584,60.190582,56.779991,66.330872,15.268473,149.261856,75.083229,71.424187,21.693930,116.120003,39.354450,73.100143
2014-01-02,17.110132,30.636772,64.182747,41.794556,59.328178,56.173183,65.644249,15.024158,147.831421,75.132607,71.641487,21.381119,118.000000,39.360554,73.100143
2014-01-03,16.734282,30.430658,64.760895,42.117664,59.185429,56.110420,65.607735,15.043775,147.807129,75.160843,71.641487,21.245848,119.290001,39.579998,73.116081
2014-01-06,16.825550,29.787584,65.099335,42.361782,59.274647,56.242928,64.745804,15.050912,147.378815,75.259537,71.943024,21.271210,119.500000,39.781158,73.100143
2014-01-07,16.705210,30.018425,66.481277,41.873550,60.113293,56.786964,64.957657,15.161475,148.283951,75.294868,72.125351,21.254301,118.820000,39.957935,73.116081
2014-01-08,16.810997,29.482533,66.389626,42.268448,59.916996,55.963966,65.111038,15.209625,148.316299,75.069115,71.929054,21.051397,118.120003,39.762867,73.116081
2014-01-09,16.596327,29.292912,66.791496,42.189453,59.334145,56.089470,65.527390,15.339800,148.413239,75.174934,72.349785,20.882309,118.459999,39.762867,73.100143
2014-01-10,16.485588,29.713375,66.798546,41.995602,59.786148,56.005810,66.111717,15.559144,148.817429,75.555885,73.212204,21.017578,120.260002,40.305397,73.116081
2014-01-13,16.571888,28.839458,66.629341,41.428402,58.614456,55.803539,65.658875,15.457499,146.837326,75.626389,73.576820,21.009125,121.019997,40.037186,73.116081
2014-01-14,16.901644,29.499018,66.784454,41.457108,58.953499,56.403351,66.148232,15.464633,148.437500,75.513588,73.240242,21.009125,119.889999,40.329773,73.116081
2014-01-15,17.240978,30.306986,66.840874,42.713600,58.751244,56.347553,67.499557,15.478898,149.237595,75.450066,73.163139,21.068306,119.660004,40.634567,73.116081
2014-01-16,17.144779,30.414167,66.728035,42.354610,58.846451,56.187134,67.646614,15.612644,149.043686,75.626389,73.653992,21.034489,119.790001,40.707706,73.116081
2014-01-17,16.724707,29.993692,67.024178,41.722763,58.977276,55.712875,67.227562,15.632265,148.413239,75.661743,73.962494,21.059853,120.930000,40.469986,73.100143
2014-01-21,16.984547,29.820559,66.297943,41.765846,58.584705,55.922092,66.609947,15.880135,148.849716,75.696991,74.018593,21.110577,119.699997,40.835724,73.116081
2014-01-22,17.060019,29.622679,66.502411,41.349403,58.215946,55.677559,65.904167,15.846255,148.946686,75.534729,73.836311,21.212027,119.190002,41.012508,73.116081
2014-01-23,17.204472,29.729862,65.388420,40.545254,57.674728,54.981834,65.051308,15.835555,147.726318,75.732201,74.881027,21.195122,121.790001,40.914986,73.116081
2014-01-24,16.891741,30.348207,63.886600,39.554424,56.413818,55.642406,63.352970,15.525259,144.574432,75.894531,75.364891,21.203573,122.290001,40.402908,73.100143
2014-01-27,17.028774,29.705143,63.414234,39.554424,56.455433,55.143471,67.117264,15.494949,143.863251,75.732201,74.838989,21.059853,120.959999,40.092045,73.100143
2014-01-28,15.667712,29.902990,63.527012,40.021126,56.889626,55.593220,67.984795,15.831990,144.719833,75.859222,75.021255,21.161303,120.949997,40.427315,73.100143
2014-01-29,15.489841,30.224537,62.680916,39.870338,56.568459,54.560219,66.624657,15.830207,143.329880,76.084999,75.638374,21.144394,122.470001,40.207851,73.116081
2014-01-30,15.459840,30.389441,63.103981,40.207794,55.902309,54.019089,68.521500,16.220743,144.849167,76.099083,75.421005,21.059853,119.769997,40.817440,73.116081
2014-01-31,15.485205,31.197407,62.377766,39.748280,54.813889,53.843414,69.043510,16.393719,144.000671,76.240204,75.925797,21.034489,120.089996,41.036888,73.100143
2014-02-03,15.513968,30.076124,61.186199,38.994381,53.558914,53.196899,67.948036,16.267113,140.759827,76.498909,76.850990,21.034489,121.320000,40.384651,73.100143
2014-02-04,15.738544,29.968952,61.073364,39.453896,53.541058,53.470959,68.006859,16.074512,141.745819,76.315125,76.035515,21.195122,120.989998,40.872307,73.116081
2014-02-05,15.856095,29.531996,61.538704,39.640591,53.279381,53.723953,67.609856,15.935412,141.568039,76.124268,75.332535,21.237392,121.290001,40.786972,73.100143
2014-02-06,15.948514,29.828800,62.575157,40.552441,53.788502,54.040173,68.984703,16.010317,143.434845,76.088928,75.009140,21.321936,121.239998,41.085651,73.100143
2014-02-07,16.171631,30.142094,63.484718,40.652950,54.255730,54.328304,69.749290,16.158327,145.212906,76.209068,75.072441,21.567112,122.169998,41.396545,73.116081
2014-02-10,16.461351,30.339960,64.210960,40.739113,53.620808,54.834263,69.477280,16.288507,145.479599,76.286880,75.283325,21.448753,122.919998,41.786667,73.100143
2014-02-11,16.678244,30.645018,65.550575,41.234547,54.411457,55.403481,69.815468,16.402639,147.071716,76.138420,74.847488,21.558661,124.360001,41.951256,73.100143
2014-02-12,16.676996,30.892357,65.162788,41.299141,54.555214,54.454792,70.705070,16.441874,147.144424,76.011177,74.460815,21.600929,124.430000,41.975628,73.116081
2014-02-13,16.941818,31.007778,65.261482,41.665321,54.764847,54.672634,70.660965,16.557781,147.904175,76.173767,74.882668,21.719290,125.489998,42.134136,73.116081
2014-02-14,16.928125,31.016024,65.402504,41.751492,56.370125,55.797009,70.984436,16.632679,148.720367,76.173767,74.924774,21.795382,127.150002,42.298714,73.116081
2014-02-18,16.990360,31.082464,64.986534,41.995602,56.346180,54.792107,70.991829,16.646948,148.898178,76.223221,75.093567,22.108194,127.400002,42.505985,73.100143
2014-02-19,16.722118,31.157227,64.612846,41.112480,56.274288,54.911560,70.734459,16.484669,147.912201,76.166641,74.777176,22.167374,126.269997,42.481590,73.116081
2014-02-20,16.528564,31.356586,65.134583,41.342228,57.124832,54.756981,71.256462,16.486462,148.785049,76.124268,74.594391,22.209646,127.599998,42.390141,73.116081
2014-02-21,16.344967,31.547628,64.992561,41.363770,56.921188,54.792107,71.682907,16.506071,148.615326,76.194977,74.988052,22.150465,127.580002,42.493790,73.100143
2014-02-24,16.416534,31.306738,64.701378,41.665321,57.765759,54.714813,71.550568,16.366972,149.439651,76.124268,74.798279,22.243464,128.990005,42.597404,73.116081
2014-02-25,16.245697,31.182142,64.701378,40.947330,57.687889,54.897549,70.881531,16.342009,149.383087,76.329239,75.466103,22.142012,129.210007,42.737617,73.116081
2014-02-26,16.099134,31.124002,64.701378,40.746296,57.376404,54.714813,71.462334,16.260223,149.391190,76.491829,75.866821,22.082830,128.110001,42.835144,73.116081
2014-02-27,16.420265,31.447943,64.878937,40.703209,57.406380,54.946712,71.094719,16.281788,150.175125,76.569611,76.281609,22.015196,128.199997,42.719318,73.100143
2014-02-28,16.375780,31.821737,65.418663,40.796547,57.663906,55.277004,71.293243,16.427387,150.554932,76.527176,76.323738,22.091284,127.620003,43.115570,73.116081
2014-03-03,16.423075,31.381495,65.020935,40.358574,57.202721,54.447765,70.808006,16.227863,149.496124,76.725479,76.833244,22.395643,130.289993,43.139935,73.116081
2014-03-04,16.531355,31.904793,66.285004,41.112480,57.813671,55.129402,71.330009,16.475920,151.597443,76.442146,75.677597,22.311098,128.679993,43.761703,73.100143
2014-03-05,16.566217,31.655619,65.752411,41.758659,56.184456,54.686695,70.852119,16.294373,151.734879,76.484680,75.839622,22.125103,128.889999,43.706844,73.116081
2014-03-06,16.516113,31.688841,65.965439,42.289982,56.160477,54.855354,71.756424,16.310543,152.082382,76.314743,75.092644,22.328007,130.169998,43.341110,73.116081
2014-03-07,16.506470,31.481171,66.270844,42.648987,56.897224,55.080212,71.352058,16.501089,152.147049,76.102264,74.620499,22.226557,129.089996,42.871723,73.100143
2014-03-10,16.521406,31.414719,66.363152,42.505367,57.202721,55.185627,71.131485,16.389643,152.066223,76.102264,74.726158,22.040558,129.130005,42.646187,73.100143
2014-03-11,16.682289,31.580839,66.391548,41.780212,56.310223,55.480801,71.197678,16.350096,151.314590,76.095200,74.923523,22.049013,129.860001,42.914387,73.100143
2014-03-12,16.698465,31.788525,66.469650,41.586357,56.430023,55.684582,71.182945,16.571188,151.355057,76.265144,75.444992,21.989832,131.759995,43.042400,73.100143
2014-03-13,16.513004,31.472879,66.043579,41.227348,56.088600,55.649426,70.293350,16.856993,149.657898,76.463387,76.459770,21.888380,132.210007,42.841248,73.100143
2014-03-14,16.327538,31.315058,65.908646,40.782185,55.986763,55.501854,70.131630,16.943274,149.237595,76.428055,76.473816,22.006741,133.100006,42.950962,73.100143
2014-03-17,16.391335,31.605770,66.704002,41.342228,56.495907,56.106209,70.337448,17.042133,150.587265,76.385521,75.903053,21.761564,131.639999,43.042400,73.100143
2014-03-18,16.536348,32.851723,66.711090,41.686863,56.729500,56.057037,70.881531,16.981024,151.662125,76.477570,76.177895,21.871471,130.619995,43.170418,73.100143
2014-03-19,16.531990,32.619133,66.462563,41.859192,56.142502,55.361324,70.609489,16.770716,150.853943,76.137695,75.585930,21.863018,128.089996,42.353600,73.116081
2014-03-20,16.452324,33.499615,66.838951,43.158756,56.651661,55.038055,70.734459,16.813856,151.734879,76.081017,75.451996,21.761564,127.860001,42.426739,73.100143
2014-03-21,16.582087,33.358406,68.124313,43.201843,56.489914,54.728863,71.602051,16.998989,151.146317,76.187256,76.269447,21.778473,128.470001,42.816860,73.116081
2014-03-24,16.778757,33.640827,67.605896,43.848022,56.687584,55.726746,71.205017,16.910912,150.521286,76.300552,76.812111,21.770018,126.180000,42.536446,73.116081
2014-03-25,16.959240,33.507923,69.153999,43.747505,56.849323,56.085136,72.484299,16.998989,151.235611,76.222656,76.523155,21.913740,126.410004,42.924850,73.116081
2014-03-26,16.797121,33.051086,68.919685,43.007980,56.723507,55.867294,71.903473,16.874968,150.147873,76.463387,77.122185,21.896835,125.410004,42.440128,73.100143
2014-03-27,16.724928,32.693905,69.082993,43.022327,57.645950,55.972717,72.381332,17.006187,149.831299,76.520058,77.509811,22.091284,124.589996,42.710098,73.100143
2014-03-28,16.706249,33.474701,69.196625,43.108501,58.520470,56.050011,73.072464,17.025957,150.570007,76.406731,77.072884,22.099737,124.559998,42.967789,73.100143
2014-03-31,16.702511,34.047848,69.757629,43.589554,58.508503,56.640301,73.057770,17.187738,151.803848,76.413849,76.882599,22.082830,123.610001,43.329784,73.100143
2014-04-01,16.855309,34.405014,69.551689,43.560844,58.538422,56.457577,73.381226,17.051125,152.810379,76.296814,76.225510,21.812290,123.389999,43.526127,73.100143
2014-04-02,16.883310,34.346882,69.757629,43.698105,58.670208,56.310009,75.454536,16.903728,153.321838,76.169128,75.787537,21.761564,124.320000,43.562950,73.100143
2014-04-03,16.766308,34.064468,69.778931,43.828167,58.658260,56.288925,75.395729,17.004389,153.118896,76.225853,76.119530,21.939106,123.919998,43.470913,73.116081
2014-04-04,16.549410,33.117538,69.892578,43.214031,58.316814,56.057037,75.116302,17.078083,151.308670,76.467041,76.628227,22.040558,125.570000,43.618172,73.100143
2014-04-07,16.289576,33.059383,69.516205,42.628780,57.969402,56.562981,74.337013,16.878567,149.636536,76.580559,77.087425,21.989832,124.910004,43.759296,73.100143
2014-04-08,16.288643,33.075996,69.636917,42.520409,58.370747,57.167374,75.278091,17.345909,150.253433,76.672829,77.271179,22.243464,126.089996,44.029251,73.100143
2014-04-09,16.502731,33.615913,70.268944,42.823853,58.298836,57.265724,75.719223,17.333332,151.868805,76.679886,76.889641,22.302643,126.320000,43.918812,73.100143
2014-04-10,16.289885,32.693905,68.557495,41.472736,57.969402,56.984619,75.182503,17.214693,148.678635,76.857307,77.603188,22.311098,127.010002,43.501595,73.100143
2014-04-11,16.169455,32.569309,68.791840,39.955460,57.933483,56.752731,74.586975,17.103254,147.339233,76.928230,78.231979,22.209646,126.930000,43.237755,73.100143
2014-04-14,16.233868,32.544395,68.983604,39.709797,58.616299,56.787880,75.564796,17.275806,148.500031,76.956604,78.027107,22.412552,127.849998,43.495449,73.100143
2014-04-15,16.118103,33.017860,70.446472,39.594189,59.107460,56.808945,75.358963,17.478922,149.522903,76.963722,78.514633,22.429459,125.489998,44.010849,73.100143
2014-04-16,16.150784,33.557766,70.126923,39.926563,59.862167,57.378147,76.120689,17.599361,151.089523,77.006279,78.613503,22.471729,125.540001,44.293087,73.100143
2014-04-17,16.335316,33.233814,70.276031,39.897659,60.149708,57.455456,76.046730,17.362085,151.300583,76.757935,77.751572,22.522457,124.750000,44.035378,73.116081
2014-04-21,16.529184,33.175678,71.014587,39.760365,60.455166,57.314922,75.906212,17.378267,151.828293,76.750870,77.687988,22.446369,124.239998,44.286938,73.100143
2014-04-22,16.545685,33.217213,71.142403,40.323944,60.119728,57.097069,76.682739,17.318947,152.518158,76.736710,77.949394,22.437914,123.779999,44.385124,73.084167
2014-04-23,16.329407,32.968002,71.170815,40.497341,60.197628,56.922829,76.453476,17.340515,152.161026,76.814735,78.394508,22.421005,123.760002,44.207180,73.100143
2014-04-24,17.668121,33.109219,70.986183,40.598503,59.904110,57.482430,77.858574,17.380074,152.469482,76.885681,78.542862,22.556274,124.559998,44.391262,73.100143
2014-04-25,17.797886,33.150764,70.865471,40.244469,60.143711,57.666584,77.422264,17.556225,151.219376,76.899849,78.655945,22.463276,125.430000,44.219463,73.100143
2014-04-28,18.487160,33.948170,71.966194,40.092739,60.598911,58.750347,77.104279,17.484320,151.698318,76.850197,78.274399,22.387188,124.879997,44.563049,73.100143
2014-04-29,18.432394,33.649136,71.746056,40.533463,60.766621,58.396191,77.873383,17.610144,152.404572,76.885681,78.168434,22.446369,124.860001,44.593727,73.100143
2014-04-30,18.362688,33.557766,71.930695,40.446762,61.341690,58.474094,77.947327,17.948078,152.859146,77.041740,78.493446,22.328007,124.220001,44.753258,73.100143
2014-05-01,18.405937,33.225525,71.390991,40.258915,60.742687,58.325356,77.703300,17.969646,152.875366,77.154045,79.335526,22.158918,123.800003,44.943462,73.084167
2014-05-02,18.440170,32.968002,70.524597,40.157757,61.102093,58.027832,77.658920,17.613737,152.656235,77.246445,79.824196,22.218102,125.059998,44.931190,73.100143
2014-05-05,18.700937,32.752056,71.014587,39.175121,61.641163,57.871994,77.296539,17.606544,152.948380,77.218040,79.342567,22.167374,126.220001,45.023228,73.100143
2014-05-06,18.497118,32.444725,70.666641,38.539307,61.497417,57.468250,76.815849,17.590376,151.617157,77.274864,79.661263,22.184280,125.980003,44.863705,73.084167
2014-05-07,18.432394,32.743736,71.660820,39.052292,61.760963,58.148262,77.370483,17.842016,152.510056,77.274864,79.378006,22.243464,124.169998,45.403637,73.084167
2014-05-08,18.399538,32.926498,71.369659,39.276287,61.287762,58.197849,77.607147,17.703617,152.347702,77.324638,79.038010,22.175831,124.169998,45.507942,73.084167
2014-05-09,18.322868,32.843403,71.660820,39.023396,61.480740,58.360771,77.695892,17.421415,152.575012,77.253571,78.783043,22.065920,124.099998,45.538616,73.100143
2014-05-12,18.550985,33.200592,71.383888,39.485809,61.649582,57.893265,78.538986,17.221884,154.060516,77.189560,78.464394,22.116648,124.940002,45.679737,73.084167
2014-05-13,18.580091,33.811237,71.738922,39.464149,61.727993,57.808262,79.241516,17.270412,154.198486,77.317543,79.144295,22.218102,124.599998,45.385212,73.100143
2014-05-14,18.583530,33.660667,71.632408,39.276287,61.685799,57.496555,78.783028,17.365683,153.467941,77.537849,80.001251,22.319555,125.809998,45.403637,73.100143
2014-05-15,18.425508,33.125305,71.504616,38.662132,60.775188,57.043243,77.644096,17.304575,152.120422,77.701355,80.638641,22.184280,124.769997,45.379097,73.100143
2014-05-16,18.697430,33.317699,71.426483,38.517639,60.751034,56.901566,78.413261,17.363880,152.648056,77.616035,80.412003,22.209646,124.500000,45.796318,73.100143
2014-05-19,18.918987,33.250778,71.469078,38.893345,60.829437,56.618252,77.939941,17.022362,153.208145,77.587639,79.817139,22.192736,124.580002,45.612244,73.100143
2014-05-20,18.922735,33.192226,71.192131,38.813869,60.708828,56.830723,75.107513,17.315355,152.242218,77.623184,79.994164,22.235008,124.690002,45.471127,73.100143
2014-05-21,18.972807,33.752686,71.824158,39.102879,61.528969,57.014893,76.083694,17.306368,153.524765,77.594742,79.505478,22.277279,124.389999,45.170483,73.084167
2014-05-22,19.002846,33.543549,72.195999,39.413551,61.209389,57.128231,76.231613,17.371082,153.898193,77.559174,79.392143,22.294191,124.669998,45.090714,73.084167
2014-05-23,19.217514,33.560284,72.210312,39.399117,61.100800,57.036152,76.934151,17.338726,154.515091,77.637375,79.817139,22.344915,124.510002,45.489525,73.100143
2014-05-27,19.577368,33.618839,72.088737,39.839848,61.124943,56.724480,76.675301,17.351303,155.464844,77.708450,80.284523,22.158918,121.849998,45.814720,73.084167
2014-05-28,19.526684,33.468273,71.724060,40.063835,60.944019,56.738640,76.105873,17.500496,155.351166,77.921692,81.276009,22.167374,121.199997,45.526356,73.100143
2014-05-29,19.882473,33.744324,72.052979,40.258915,61.070671,56.951145,76.616188,17.485109,156.154770,77.879028,80.844055,22.175831,120.940002,45.618374,73.084167
2014-05-30,19.807997,34.246212,72.553574,40.150532,60.624416,57.227394,75.602997,17.631796,156.406464,77.950142,80.808601,22.006741,120.430000,45.827000,73.100143
2014-06-02,19.671875,34.120743,73.061279,39.991573,60.268600,56.922829,76.734497,17.599199,156.585022,77.713013,80.207924,21.981379,119.699997,45.968113,73.084167
2014-06-03,19.950060,33.702484,73.268654,40.172215,60.539986,56.618252,77.274330,17.595575,156.503860,77.506454,79.220901,21.964466,120.010002,45.943569,73.084167
2014-06-04,20.177872,33.727585,73.425957,40.230015,60.328918,56.568657,77.141243,17.624552,156.820450,77.477989,79.199631,21.905289,119.760002,46.035580,73.084167
2014-06-05,20.257034,34.472069,73.812126,40.916416,60.636463,56.745739,79.101013,17.706049,157.843216,77.577644,79.235107,21.930653,120.660004,46.882317,73.084167
2014-06-06,20.201338,34.697929,73.783539,41.162056,61.269684,56.689091,80.003235,17.646280,158.598145,77.534943,79.235107,22.023649,120.610001,46.685986,73.084167
2014-06-09,20.524590,34.522259,73.812126,41.487198,61.221420,56.731544,80.424767,17.454319,158.760437,77.463715,79.121521,22.116648,120.650002,46.121506,73.100143
2014-06-10,20.645065,34.388420,74.441383,41.834011,61.185246,56.774075,80.838921,17.345655,158.776749,77.349792,78.830429,22.057467,121.389999,45.777908,73.100143
2014-06-11,20.559645,34.179287,73.883614,41.378822,61.480740,56.710304,80.380409,17.186293,158.224731,77.406761,78.972443,21.998285,121.410004,45.655186,73.084167
2014-06-12,20.215742,33.945072,73.318733,41.212643,61.305847,56.497803,78.871765,17.316681,157.104492,77.556328,79.675331,22.311098,122.639999,45.538616,73.100143
2014-06-13,19.994501,34.488808,73.318733,41.212643,61.902878,56.412815,78.960495,17.526762,157.583481,77.534943,79.632790,22.311098,122.959999,45.655186,73.084167
2014-06-16,20.196020,34.714668,73.261482,41.089809,62.065704,56.448235,78.990089,17.595575,157.713348,77.492226,79.831596,22.378731,122.419998,45.422039,73.100143
2014-06-17,20.169733,34.865231,72.889641,41.487198,61.764156,56.370296,78.886551,17.702425,158.151672,77.349792,79.199631,22.404095,122.279999,45.538616,73.084167
2014-06-18,20.191635,34.840137,73.518936,41.747299,61.951122,56.519058,79.485588,18.053743,159.312515,77.556328,79.810272,22.497093,122.669998,45.857670,73.100143
2014-06-19,20.121542,34.723011,74.234016,41.400486,61.890816,56.837841,79.315483,18.138876,159.491013,77.442368,78.787788,22.716908,126.940002,46.238087,73.100143
2014-06-20,19.913454,34.865231,75.278084,41.581135,62.614464,56.618252,80.890701,18.108089,159.814865,77.577644,79.384262,22.759180,126.500000,46.397602,73.100143
2014-06-23,19.895935,35.124523,74.906242,42.043549,62.946152,56.327805,80.446991,18.042891,159.765945,77.506454,79.135674,22.674637,126.849998,46.207375,73.100143
2014-06-24,19.775454,34.923794,74.791801,41.487198,61.951122,55.966560,79.729630,18.242104,158.803467,77.641754,79.938110,22.708454,126.980003,46.241455,73.100143
2014-06-25,19.792974,35.158005,75.628441,41.566681,61.595314,56.186142,80.195541,18.426815,159.521194,77.748619,80.144005,22.742271,126.989998,46.148575,73.084167
2014-06-26,19.911253,34.898685,75.549797,41.465530,61.528969,55.690304,80.254700,18.363440,159.407074,77.898087,80.527412,22.649273,126.730003,46.105221,73.084167
2014-06-27,20.147837,35.342018,75.077858,41.566681,61.034489,55.973640,80.446991,18.399658,159.717010,77.898087,80.406731,22.607002,126.660004,46.458210,73.100143
2014-06-30,20.355928,34.881947,74.813278,41.631702,60.714878,55.669018,80.365601,18.559017,159.635422,77.905228,80.605515,22.471729,128.039993,46.346718,73.084167
2014-07-01,20.485165,35.024162,75.707153,41.886356,61.124943,56.157810,80.735382,18.372498,160.703903,77.809662,79.930687,22.404095,127.699997,46.594437,73.100143
2014-07-02,20.476404,35.049263,75.699966,41.449802,61.251579,56.356148,81.023811,18.055569,160.866974,77.538567,79.076424,22.361826,127.699997,46.482975,73.100143
2014-07-03,20.596876,34.965607,75.385353,41.508018,61.866669,56.653645,82.147926,17.787546,161.658203,77.488625,78.791626,22.319555,127.160004,46.216698,73.084167
2014-07-07,21.021824,35.124523,76.136200,41.231533,61.902878,56.802391,81.467537,17.834629,161.095383,77.510002,79.368279,22.142012,127.019997,46.352943,73.100143
2014-07-08,20.886019,34.948879,75.599861,40.569447,62.011410,57.064484,80.949860,17.910690,160.059586,77.666977,80.258125,22.082830,127.070000,46.489178,73.100143
2014-07-09,20.894775,34.856857,75.828697,40.758625,62.445614,57.850739,81.452759,17.898010,160.777298,77.731216,80.322212,21.930653,127.839996,46.563496,73.084167
2014-07-10,20.818111,34.873581,75.657089,40.423927,61.854622,57.808262,80.875900,17.999426,160.141113,77.766838,80.343544,21.964466,128.539993,46.774052,73.084167
2014-07-11,20.857542,35.208187,75.156494,40.598568,61.354092,57.489479,81.319633,17.923363,160.361343,77.873886,80.856110,21.770018,128.779999,46.780224,73.084167
2014-07-14,21.126965,35.250011,75.356728,40.955063,61.920975,57.602840,81.415756,17.642662,161.168823,77.809662,80.507317,21.854563,125.720001,47.009373,73.084167
2014-07-15,20.879456,35.509327,73.855019,42.395660,61.746078,57.560333,81.238258,17.805649,160.866974,77.709785,80.343544,21.651657,124.529999,47.040325,73.084167
2014-07-16,20.761162,36.872810,73.097015,42.715786,62.578297,57.791676,82.384560,17.878090,161.462463,77.773941,80.770714,21.685474,124.970001,47.188957,73.084167
2014-07-17,20.390970,37.249233,71.774109,42.097351,61.697849,57.406097,81.171455,17.671637,159.627274,78.002312,81.788704,21.736200,127.089996,46.947453,73.084167
2014-07-18,20.684488,37.383076,72.796684,42.366562,61.951122,57.513214,81.990128,17.888948,161.258530,77.916641,81.525291,21.592478,126.129997,47.411903,73.068207
2014-07-21,20.577158,37.508560,72.417679,42.373829,62.162159,57.320427,82.034782,17.870842,160.956772,77.945190,81.931038,21.693930,126.339996,47.238499,73.084167
2014-07-22,20.748020,37.500191,73.275810,42.686676,62.439587,57.191898,81.908257,17.811083,161.658203,78.073624,82.101974,21.600929,125.739998,47.387112,73.068207
2014-07-23,21.289057,37.533653,73.075554,42.926785,62.867752,57.113361,80.657959,17.836441,162.017059,78.087860,81.995140,21.660112,125.620003,47.473824,73.084167
2014-07-24,21.254011,37.140511,73.082703,43.050472,62.885849,57.306137,78.172318,17.878090,162.025223,77.845261,81.382935,21.634747,124.349998,47.411903,73.084167
2014-07-25,21.394201,37.224148,73.018394,42.934059,62.222477,56.806343,78.030922,17.829189,161.266617,77.995125,82.344002,21.719290,125.790001,47.083668,73.084167
2014-07-28,21.689911,36.780800,73.018394,43.065010,62.940125,56.592140,77.509964,18.033838,161.331970,78.009399,82.230072,21.677019,125.580002,47.411903,73.084167
2014-07-29,21.549725,36.713890,72.911095,42.664856,62.445614,56.156590,77.911827,17.820139,160.638626,78.087860,82.529045,21.609385,125.199997,47.182758,73.084167
2014-07-30,21.499350,36.454571,73.154274,42.861298,62.264690,55.806728,76.936913,17.447077,160.663177,77.809662,81.382935,21.516388,124.830002,47.083668,73.084167
2014-07-31,20.940779,36.103245,71.573875,41.959099,59.665585,55.206974,74.979614,17.003382,157.490341,77.709785,81.140900,21.406479,123.389999,46.383896,73.068207
2014-08-01,21.056873,35.852291,71.438011,41.093296,59.581146,56.870598,74.808441,16.990707,157.009094,78.002808,81.769035,21.237392,124.379997,46.272430,73.084167
2014-08-04,20.938583,36.278915,71.623924,41.216991,60.383175,56.563587,75.768501,17.032360,158.142776,77.988480,81.554810,21.398027,123.989998,46.594437,73.084167
2014-08-05,20.835636,36.036316,71.380775,40.787724,59.219303,56.699230,75.537773,16.767952,156.609390,77.988480,81.818993,21.296572,123.870003,46.117603,73.068207
2014-08-06,20.800587,35.751911,72.017220,40.911404,59.689701,57.898766,75.530327,16.724489,156.658371,77.995636,81.868881,21.431845,125.669998,46.099041,73.068207
2014-08-07,20.798389,36.161797,71.459457,40.678585,59.261517,57.220470,75.865234,17.017868,155.810059,78.145752,82.632660,21.474117,126.180000,46.123795,73.084167
2014-08-08,20.855618,36.136700,72.281807,40.991440,60.148006,57.798813,76.862495,17.285896,157.612656,78.174332,82.454208,21.372663,126.190002,46.396278,73.068207
2014-08-11,21.130787,36.136700,72.339027,40.976883,59.953682,58.177227,77.770432,17.184479,158.069397,78.181473,82.447083,21.406479,125.959999,46.687340,73.068207
2014-08-12,21.126389,36.404385,71.960007,40.998707,59.807949,58.134396,77.643898,17.186293,157.849213,78.145752,81.911697,21.271210,125.989998,46.613037,73.068207
2014-08-13,21.405960,36.872810,72.753769,41.267921,60.172287,58.177227,78.261612,17.340229,158.917709,78.302963,82.447083,21.254301,126.199997,47.288048,73.084167
2014-08-14,21.463196,37.031754,72.954025,41.457092,60.172287,58.512817,78.633728,17.419910,159.668060,78.345856,83.110901,21.000671,126.309998,47.257065,73.068207
2014-08-15,21.568863,37.466721,72.346176,41.289749,60.135841,58.391418,78.693245,17.454319,159.635422,78.538826,84.017334,21.085215,125.480003,47.207542,73.084167
2014-08-18,21.828623,37.734413,73.440262,41.638977,60.433414,58.862682,79.616081,17.410851,160.973083,78.374474,83.182243,20.907673,124.959999,47.671997,73.068207
2014-08-19,22.130201,38.155281,73.626190,41.879086,60.415188,59.041161,79.854240,17.624552,161.813126,78.267250,82.925339,20.949944,124.680000,47.771084,73.084167
2014-08-20,22.139017,37.835426,73.804962,41.937286,60.542736,59.126877,80.151886,17.700619,162.245453,78.181473,82.789642,21.009125,124.220001,47.987823,73.068207
2014-08-21,22.141211,38.062672,74.505798,42.562996,60.287682,59.462429,80.352875,17.749510,162.718552,78.317245,83.253632,21.059853,122.879997,47.913517,73.084167
2014-08-22,22.304113,38.003765,74.224998,42.555710,59.814003,59.540977,79.861664,17.682501,162.465652,78.302963,83.717560,21.026031,123.190002,47.529556,73.084167
2014-08-25,22.352539,38.020592,74.318588,43.174168,59.965824,59.648060,80.352875,17.778484,163.289413,78.367317,84.031631,21.059853,122.739998,47.424301,73.084167
2014-08-26,22.209446,37.885921,74.469765,43.465187,60.506279,59.533844,80.419838,17.515890,163.395523,78.374474,83.760452,21.068306,123.349998,47.517162,73.084167
2014-08-27,22.482422,37.768082,74.311394,43.356052,60.439480,59.483860,80.784500,17.679197,163.330170,78.474503,84.474152,21.102123,123.320000,47.548145,73.068207
2014-08-28,22.508842,37.776489,74.117012,43.043194,60.463776,59.283955,80.858917,17.795984,163.240494,78.631737,84.916710,21.119030,124.000000,47.541946,73.084167
2014-08-29,22.563871,38.239445,74.678566,43.254189,60.396969,59.341053,81.171455,17.963844,163.705429,78.603127,84.973808,21.161303,123.860001,47.795853,73.084167
2014-09-02,22.739983,37.953255,74.412178,43.414246,59.807949,59.248253,81.059845,17.741236,163.623825,78.363312,83.507965,20.856945,121.650002,47.802044,73.068207
2014-09-03,21.780184,37.843842,74.700142,43.436089,60.184448,59.191105,80.717545,17.808750,163.534119,78.449234,83.972969,20.941490,122.150002,47.925884,73.084167
2014-09-04,21.599676,38.096352,74.757744,43.443352,59.729008,59.762325,80.985428,17.741236,163.297607,78.349014,82.949936,20.856945,121.480003,47.746307,73.068207
2014-09-05,21.786793,38.643475,75.175285,43.588882,60.275528,59.812302,80.777061,17.867144,164.031647,78.306007,82.792549,20.823126,122.059998,48.254120,73.084167
2014-09-08,21.652510,39.114830,74.908936,43.574322,59.370724,59.490990,80.308197,17.743063,163.607513,78.227264,82.828362,20.721678,120.730003,48.204575,73.068207
2014-09-09,21.571068,39.358929,74.728951,42.970451,59.139961,59.255390,79.928604,17.462063,162.571716,78.119865,82.763947,20.552588,120.870003,47.907307,73.068207
2014-09-10,22.233667,39.426281,75.585678,43.086849,58.787769,59.719479,78.834648,17.447464,163.183395,78.012505,82.241722,20.408865,120.260002,47.151787,73.084167
2014-09-11,22.328320,39.560947,75.268898,43.479752,58.921368,59.612373,78.581627,17.544172,163.370987,77.933723,81.969841,20.307413,119.470001,47.188957,73.068207
2014-09-12,22.378956,39.308437,75.290504,43.676174,58.162285,59.448185,78.157410,17.170124,162.416733,77.776215,81.111366,20.146778,118.379997,45.739841,73.068207
2014-09-15,22.372353,38.921242,75.391304,43.610706,58.472000,59.883705,78.038338,17.184719,162.294388,77.761879,81.232994,20.172142,118.639999,45.516907,73.068207
2014-09-16,22.202854,39.358929,76.226402,43.647079,59.164276,60.033634,78.038338,17.358057,163.517853,77.761879,80.903915,20.358141,118.830002,45.962784,73.068207
2014-09-17,22.361349,39.156910,76.449608,43.879913,58.951729,60.090767,77.390884,17.387255,163.738037,77.675995,80.696442,20.273594,117.540001,45.950409,73.068207
2014-09-18,22.407579,39.291595,77.284729,44.614750,58.666306,60.112186,77.651360,17.257698,164.610764,77.683136,80.954018,20.079144,117.779999,45.547882,73.084167
2014-09-19,22.224861,39.998642,77.745453,44.461967,58.976017,60.312119,76.289452,17.359886,164.462387,77.812027,81.984200,20.019964,117.089996,45.603615,73.084167
2014-09-22,22.246878,39.611450,77.666267,44.316437,58.623802,60.554855,75.091255,17.264997,163.192337,77.919357,82.084320,19.850874,116.849998,45.244411,73.084167
2014-09-23,22.594683,39.190590,77.363899,44.338272,58.314121,60.290676,74.414017,17.252226,162.258179,77.991020,82.592247,19.850874,117.599998,44.916210,73.084167
2014-09-24,22.398775,39.628281,78.213432,44.840298,58.186600,60.861904,75.314522,17.184719,163.528290,77.940933,82.134415,19.935419,117.050003,44.796185,73.084167
2014-09-25,21.544653,38.752899,77.104729,43.763489,57.233204,60.212147,74.056816,16.994947,160.889679,78.091232,83.107315,19.893150,117.389999,44.596203,73.084167
2014-09-26,22.178638,39.064339,77.104729,44.061794,57.949764,60.390667,74.704277,17.049686,162.167999,78.084076,82.985725,19.859329,117.059998,45.196224,73.084167
2014-09-29,22.037748,39.089588,76.701561,43.894459,57.342518,60.290676,74.294952,17.078886,161.873062,78.169991,83.651031,19.977690,117.029999,45.133717,73.068207
2014-09-30,22.178638,39.022251,76.737556,43.828979,57.111755,59.790863,73.699570,17.129976,161.446854,78.119865,83.178894,19.631062,116.209999,44.908699,73.084167
2014-10-01,21.833017,38.635052,75.088913,43.487030,56.389122,59.362488,72.642792,17.204781,159.258987,78.556625,84.791809,19.563427,116.769997,44.946201,73.084167
2014-10-02,21.991518,38.517212,74.764923,43.098801,56.656311,59.298241,72.493935,17.109901,159.283539,78.427559,84.053123,19.487335,116.739998,44.871189,73.084167
2014-10-03,21.929874,38.794987,75.686462,44.168221,57.032822,59.826561,72.479080,17.193836,161.037140,78.391685,84.411720,19.301338,114.610001,45.152473,73.052231
2014-10-06,21.929874,38.794987,75.492081,44.080315,57.397148,59.669510,72.933014,17.089834,160.848709,78.463432,84.461914,19.546518,116.029999,45.271221,73.052231
2014-10-07,21.738365,38.323624,73.713852,43.413765,56.698826,59.376759,70.477119,16.973053,158.365784,78.764648,85.602203,19.470428,116.360001,44.914963,73.068207
2014-10-08,22.189640,39.375774,75.528061,44.241463,57.451809,60.105045,71.928352,17.392729,161.135498,78.986977,85.623703,19.394337,117.470001,45.890007,73.068207
2014-10-09,22.238073,38.592968,73.490669,43.274605,55.757587,59.733761,69.584045,17.077061,157.939667,78.829178,85.250786,19.166073,117.639999,45.890007,73.068207
2014-10-10,22.174231,37.061031,72.878746,42.864407,55.623993,60.469208,69.308693,17.084358,156.136902,78.886581,86.097046,19.098438,117.589996,45.933762,73.068207
2014-10-13,21.971703,36.741184,71.359673,42.600716,55.162479,59.526711,68.229584,16.931086,153.572052,79.116051,86.620636,19.098438,118.519997,45.977520,73.068207
2014-10-14,21.738365,36.808510,69.840614,42.476200,54.986385,59.655220,69.063118,17.031446,153.809647,79.295380,87.187210,18.810986,118.589996,46.721310,73.052231
2014-10-15,21.472004,36.379234,70.704536,40.674324,54.786026,59.226837,68.906860,16.754099,152.768982,79.438835,87.875702,18.574263,118.989998,46.540062,73.052231
2014-10-16,21.190229,35.975216,69.675018,40.344700,55.016739,58.719875,69.919182,17.036921,152.637894,79.374298,87.316299,18.760260,119.220001,46.615047,73.068207
2014-10-17,21.500620,36.724346,71.057289,41.165066,55.387165,59.455296,71.276474,17.197487,154.440613,79.266701,86.828606,18.827894,118.989998,46.671307,73.068207
2014-10-20,21.960699,37.103115,71.417259,41.480042,55.727226,60.105045,70.511566,17.358057,155.940216,79.359970,87.144112,18.692623,119.800003,47.383858,73.068207
2014-10-21,22.557264,37.776489,72.252357,42.432251,56.868839,60.412067,71.906349,17.429220,159.029572,79.288216,86.448471,18.844803,120.019997,47.815117,73.052231
2014-10-22,22.671734,37.355637,72.871513,42.080666,56.553101,60.601994,70.916512,17.613510,157.898712,79.245201,86.541740,18.633448,119.339996,47.827625,73.068207
2014-10-23,23.076792,37.894329,73.886604,42.527481,57.148174,59.882542,74.440979,17.845242,159.734238,79.058731,85.774292,18.853260,118.519997,48.196384,73.052231
2014-10-24,23.162636,38.828640,74.246582,43.025551,57.378956,61.271149,74.568451,17.947428,160.963348,79.087402,85.860405,18.734898,118.349998,48.158890,73.052231
2014-10-27,23.138424,38.643475,74.923317,42.952309,56.905308,61.839527,73.893562,17.898153,160.742218,79.116051,86.018196,18.684172,118.059998,48.515160,73.052231
2014-10-28,23.497246,39.131668,75.441681,43.677464,57.749367,62.213661,75.858261,18.087927,162.585922,78.994194,85.480263,18.836349,118.099998,48.727680,73.052231
2014-10-29,23.629326,39.241096,75.996025,43.428421,57.439659,62.264034,75.130859,17.991215,162.340057,78.822014,85.673973,19.056164,116.410004,48.452660,73.068207
2014-10-30,23.550083,38.761307,77.061531,43.501644,57.354645,62.551815,75.108353,18.230247,163.380753,78.951141,85.745644,18.895531,115.190002,48.758923,73.052231
2014-10-31,23.774624,39.518875,77.594284,44.300060,58.727028,62.789227,76.045746,18.286816,165.249130,78.951141,85.523315,18.870167,112.660004,49.371456,73.068207
2014-11-03,24.082813,39.931309,77.363899,44.593052,57.846527,62.868385,75.153381,18.394466,165.339294,78.801651,85.523315,18.701080,112.150002,49.802719,73.052231
2014-11-04,23.906702,40.040745,78.199020,44.131599,57.397148,63.774925,73.946030,18.421839,164.765640,78.808853,85.789299,18.430538,112.220001,49.883980,73.068207
2014-11-05,23.963934,40.284832,78.343025,44.790825,57.731148,64.033951,74.545967,19.137104,165.806351,78.837624,85.667068,18.481266,109.790001,49.777725,73.052231
2014-11-06,24.032465,40.991879,78.479805,44.849407,58.453766,63.962017,75.670776,18.967417,166.470093,78.701088,85.113525,18.498173,109.879997,49.396458,73.068207
2014-11-07,24.101011,40.975037,77.896622,45.025211,59.077656,64.127502,76.308167,19.109739,166.625778,78.966911,86.091301,18.582720,112.970001,49.333931,73.052231
2014-11-10,24.061213,41.151802,78.343025,45.362156,58.888039,64.357704,76.645615,19.270306,167.150223,78.780113,85.300468,18.405176,110.459999,49.740219,73.068207
2014-11-11,24.253561,41.134964,78.407806,44.951962,58.967552,64.515991,76.885590,19.122515,167.314087,78.816071,85.357986,18.498173,112.040001,49.546467,73.068207
2014-11-12,24.596245,41.059219,78.292610,44.358654,58.337574,64.379311,77.230537,18.810490,167.133835,78.823250,85.286095,18.438995,111.500000,49.171444,73.068207
2014-11-13,24.943361,41.757851,78.522987,44.116936,57.897205,63.746143,75.820770,18.660866,167.322357,78.859123,85.487389,18.100819,111.669998,49.440205,73.052231
2014-11-14,25.244040,41.732582,77.867859,44.153561,58.160202,63.393608,75.993240,18.584236,167.363266,78.931007,85.904327,18.295271,114.470001,49.033924,73.052231
2014-11-17,25.202034,41.631588,77.968620,44.226810,58.172436,63.199341,76.263176,18.832397,167.469788,78.837624,85.688675,18.219179,114.050003,49.252712,73.068207
2014-11-18,25.529245,41.284313,78.350204,44.336685,58.025642,63.278488,76.518158,18.856106,168.436722,78.909439,85.925926,18.126181,115.050003,49.465206,73.052231
2014-11-19,25.352375,40.843838,78.299812,44.387962,58.478260,63.839691,75.963257,18.923622,168.166336,78.722641,85.379532,18.033182,113.680000,49.021431,73.052231
2014-11-20,25.714966,41.250423,77.882240,44.036369,58.606697,63.652622,76.555611,18.805019,168.461365,78.866364,85.825256,18.185364,114.860001,49.183937,73.052231
2014-11-21,25.750340,40.640564,78.157600,44.278095,59.212208,63.746143,79.825111,18.929098,169.362747,78.959747,86.342941,18.379812,115.389999,49.490215,73.052231
2014-11-24,26.227898,40.310223,77.447487,44.651657,58.545540,63.393608,79.457687,18.834217,169.838013,78.988480,86.414780,18.219179,115.110001,49.665218,73.068207
2014-11-25,26.000174,40.208576,77.317047,44.168221,57.970604,63.890076,79.667679,18.899450,169.715088,79.160896,87.133720,18.134636,115.379997,49.752693,73.068207
2014-11-26,26.309694,40.445740,77.686584,44.197514,57.787094,63.947605,79.330200,18.963762,170.149429,79.225624,87.370956,18.092365,115.160004,50.234001,73.052231
2014-11-28,26.294216,40.496563,78.440216,44.065666,55.377262,65.062805,75.438332,19.182430,169.788803,79.469887,88.061142,17.263838,112.110001,50.359009,73.068207
2014-12-01,25.440805,41.182663,78.280792,43.948486,56.484333,64.810997,74.238510,19.259607,168.608841,79.291245,87.547386,17.618921,116.580002,50.234001,73.052231
2014-12-02,25.343531,41.047138,78.628616,44.739544,57.609749,65.523285,74.620949,19.314739,169.698700,79.132759,86.697098,17.246925,115.139999,50.546520,73.052231
2014-12-03,25.630945,40.725262,78.056152,45.076485,58.074562,64.753433,75.123375,19.182430,170.354309,79.060715,87.035789,17.145473,116.330002,50.496517,73.052231
2014-12-04,25.533667,41.368999,77.940231,44.959305,57.719822,65.170738,74.740913,19.017050,170.165771,79.298454,87.763504,17.094748,115.879997,50.627773,73.052231
2014-12-05,25.425335,41.013245,78.628616,45.926159,57.383415,65.026840,74.073517,18.914146,170.444366,78.959892,87.251945,17.052475,114.430000,50.371521,73.068207
2014-12-08,24.850500,40.403378,78.635864,45.904175,56.086761,65.300240,71.426437,19.050125,169.305359,79.154358,88.318359,16.756573,115.779999,50.690266,73.068207
2014-12-09,25.230776,40.310223,78.295288,45.743046,55.891037,65.264267,71.576431,19.219183,169.190704,79.276802,88.772316,16.874931,118.190002,50.921528,73.052231
2014-12-10,24.751009,39.725780,76.983742,44.446552,54.233517,64.753433,69.754189,18.640348,166.478226,79.413696,89.420822,16.612848,117.959999,50.871529,73.052231
2014-12-11,24.678053,39.954460,77.331520,44.783512,54.557686,65.048424,69.506752,18.831459,167.322357,79.384827,89.788315,16.460669,117.690002,50.965290,73.052231
2014-12-12,24.260197,39.768120,75.672165,43.977779,52.967430,64.429657,67.864517,18.524582,164.618179,79.636963,91.006027,16.325397,117.410004,50.521515,73.068207
2014-12-15,23.928555,39.530945,75.331589,43.333195,53.150928,64.177826,67.302071,18.497017,163.487320,79.420853,90.818733,16.063316,114.389999,49.865234,73.036247
2014-12-16,23.601337,38.251923,74.462051,42.798481,52.851227,64.292961,66.994629,18.574192,162.176178,79.615349,91.942749,15.970317,114.949997,49.796467,73.036247
2014-12-17,24.189444,38.743217,75.411308,43.780014,54.447571,65.257072,67.302071,18.949060,165.355652,79.514580,91.114120,16.063316,114.269997,50.940277,73.036247
2014-12-18,24.905775,40.250916,77.396759,45.032551,55.756485,66.192406,68.756866,19.377214,169.444672,79.305664,89.492874,16.012590,115.150002,51.296570,73.052231
2014-12-19,24.713430,40.369518,76.483727,45.362156,57.273331,66.228371,68.771835,19.454397,170.165649,79.435295,90.696175,16.249310,114.769997,51.271542,73.036247
2014-12-22,24.969891,40.640564,77.346039,45.369469,57.083744,66.624092,69.229271,19.467260,170.948425,79.557762,90.818733,15.953407,112.550003,52.128754,73.036247
2014-12-23,24.881451,41.038666,75.563484,45.765022,57.854362,67.120529,70.114143,19.537081,171.179169,79.190361,89.017303,16.114042,112.739998,51.983055,73.036247
2014-12-24,24.764278,40.776093,75.788109,45.765022,57.358948,67.012611,70.279144,19.842125,171.195633,79.276367,89.501823,15.902681,112.769997,51.767658,73.052231
2014-12-26,25.202034,40.555851,76.128670,45.816284,57.010319,67.242828,70.661560,20.082842,171.747742,79.312569,89.833977,15.885774,114.830002,51.951355,73.036247
2014-12-29,25.184355,40.191620,76.324303,46.116600,56.924702,66.652878,70.271599,20.305191,171.978439,79.478737,90.505478,15.733594,113.669998,52.236446,73.036247
2014-12-30,24.877031,39.827412,76.346062,46.255779,56.894123,66.480194,69.431755,19.814558,171.055557,79.565460,90.751038,15.716686,115.199997,52.198437,73.036247
2014-12-31,24.403902,39.344597,75.773621,45.838257,56.545467,65.537651,68.636864,19.531569,169.358109,79.587166,90.924332,15.598325,113.580002,51.317818,73.052231
2015-01-02,24.171764,39.607162,75.737358,46.066795,56.777901,65.069984,68.899330,19.605076,169.267548,79.811211,91.935211,15.412329,114.080002,52.090744,73.036247
2015-01-05,23.490805,39.242966,75.208405,44.636639,55.224354,64.760620,65.262390,19.397430,166.210602,79.984657,93.379417,15.192514,115.800003,52.375835,73.052231
2015-01-06,23.493017,38.666985,74.838837,43.479259,54.930779,64.465591,64.842461,19.472767,164.645081,80.187057,95.061890,15.048789,117.120003,52.895332,73.036247
2015-01-07,23.822433,39.158245,76.490982,43.545601,55.487354,64.803787,65.847290,19.651016,166.696747,80.172592,94.874062,14.955793,116.430000,53.706310,73.036247
2015-01-08,24.737749,40.310223,77.092407,44.518677,56.410927,65.544861,66.522209,19.770456,169.654770,80.049713,93.617691,15.014972,115.940002,53.909039,73.036247
2015-01-09,24.764278,39.971397,76.041733,43.744656,56.331406,64.933296,65.727333,19.595894,168.295303,80.244881,94.643028,14.989608,117.260002,53.934399,73.036247
2015-01-12,24.154068,39.471649,75.780846,43.368687,55.248821,64.695862,65.157410,19.546272,166.976852,80.309914,95.184593,14.659888,118.559998,54.346207,73.036247
2015-01-13,24.368525,39.268372,75.911278,43.376053,55.046978,64.969299,64.767479,19.623453,166.507248,80.331551,95.184593,14.600708,118.160004,54.263840,73.036247
2015-01-14,24.275665,38.929554,75.360565,41.879570,54.887955,64.746246,64.542480,19.744728,165.502045,80.526688,95.906685,14.761340,117.970001,54.732639,73.036247
2015-01-15,23.616821,38.522980,74.266388,40.537884,54.410881,64.652718,63.748650,19.669392,163.985901,80.895332,97.415825,14.558434,120.940002,54.859360,73.036247
2015-01-16,23.433313,39.166737,75.389549,41.230850,55.732018,65.652779,63.400913,19.886229,166.136444,80.584534,96.173859,14.837428,122.519997,55.334534,73.036247
2015-01-20,24.036896,39.293781,73.396843,41.068657,55.713661,65.609619,63.484070,20.016691,166.490768,80.721870,97.451935,14.634523,124.199997,54.897392,73.036247
2015-01-21,24.220396,38.895676,73.838867,41.201355,56.190739,65.742943,64.542503,20.193098,167.331192,80.577316,96.325455,14.727524,124.230003,54.859360,73.052231
2015-01-22,24.850500,39.920582,75.186646,42.454575,56.802376,66.387840,65.638763,20.130629,169.819595,80.533928,95.978882,14.710613,125.230003,55.835049,73.036247
2015-01-23,24.978737,39.962936,74.056252,41.783722,55.591339,65.271950,64.723976,20.117760,168.888504,80.736298,97.314720,14.617618,124.230003,55.676640,73.052231
2015-01-26,25.005257,39.818947,74.099709,41.850082,56.123455,64.909660,65.041504,20.167374,169.283981,80.700142,97.018692,14.566889,122.989998,56.145481,73.052231
2015-01-27,24.129744,36.134357,73.976540,41.429874,55.628017,62.670631,60.369179,20.437494,167.051041,80.656822,97.170319,14.642979,124.400002,56.164513,73.052231
2015-01-28,25.493874,34.889221,73.534531,40.360958,53.793137,61.699684,60.490162,20.198614,164.908768,80.996513,98.758835,14.431621,123.419998,55.790672,73.036247
2015-01-29,26.287588,35.583778,74.186684,41.039177,53.566826,62.076485,60.482609,20.518349,166.433105,80.931480,98.109024,14.363984,120.760002,55.987099,73.036247
2015-01-30,25.902895,34.220058,72.563522,40.088207,53.468956,61.076534,60.459919,20.073660,164.340164,81.220566,99.849228,14.710613,123.449997,54.834015,73.036247
2015-02-02,26.227898,34.965450,73.063530,40.891735,54.790092,61.677937,61.117672,20.226177,166.375366,81.217613,99.472290,14.913518,122.419998,54.688305,73.036247
2015-02-03,26.232311,35.236492,74.244652,41.813225,56.423149,62.279358,63.446262,20.257412,168.781403,80.906395,97.366783,15.327782,121.050003,55.163471,73.052231
2015-02-04,26.433500,35.439796,73.447556,41.562565,55.939960,62.163410,61.956856,20.110405,168.138672,81.029472,97.533241,14.989608,121.580002,54.935390,73.036247
2015-02-05,26.622171,35.956482,74.244652,41.850082,56.490429,62.822800,63.181648,20.160021,169.836060,80.862946,96.462349,15.192514,121.790001,55.594269,73.036247
2015-02-06,26.397991,35.922588,73.259163,42.675735,56.385674,62.032974,62.909489,19.441532,169.366364,80.392448,94.754761,15.234786,118.639999,53.978718,73.036247
2015-02-09,26.573345,35.880234,72.302666,42.624126,56.422653,61.627232,64.013290,19.206326,168.608337,80.377983,94.602814,15.386967,119.169998,53.598602,73.020287
2015-02-10,27.083857,36.083527,72.715698,43.095932,56.083729,61.873569,63.431141,19.814558,170.404572,80.291130,93.850395,15.192514,118.470001,53.769653,73.036247
2015-02-11,27.718664,35.897194,72.737442,43.029575,55.831051,62.054726,63.060677,19.305553,170.503448,80.254906,94.023987,15.074153,117.070000,53.611275,73.020287
2015-02-12,28.069380,36.498581,71.331673,43.914196,56.921810,62.337315,63.151409,19.357000,172.143127,80.269371,93.712875,15.302422,117.339996,54.251152,73.020287
2015-02-13,28.206991,37.159264,72.186737,43.987911,57.538040,62.243107,64.361061,19.040937,172.851730,80.175270,92.750595,15.471507,117.980003,53.890022,73.036247
2015-02-17,28.373453,37.176323,72.780922,44.304901,57.340843,61.946030,64.550072,19.004189,173.123672,79.849548,91.354172,15.479961,116.010002,53.756969,73.036247
2015-02-18,28.571007,37.133671,72.433098,43.766769,56.083729,62.503990,64.111565,19.568321,173.140213,80.073906,91.896820,15.293965,116.339996,54.257488,73.036247
2015-02-19,28.511074,37.108078,72.969322,43.663555,55.116234,61.743130,62.977528,19.373537,173.016556,80.008774,91.289040,15.243240,115.940002,53.091751,73.036247
2015-02-20,28.744141,37.415169,73.159035,44.083752,55.412018,61.496788,63.839375,19.404778,174.054779,80.023270,91.556747,15.184057,115.279999,53.604927,73.020287
2015-02-23,29.521000,37.662563,73.100662,43.752014,54.851254,61.873569,63.121170,19.476444,174.030029,80.168037,92.605904,15.082607,115.430000,54.035744,73.036247
2015-02-24,29.336767,37.611389,73.480103,44.835682,55.103897,61.953281,63.884743,19.492987,174.524490,80.522728,93.821434,15.091062,115.260002,52.971375,73.020287
2015-02-25,28.586538,37.526070,73.852234,45.071598,55.214832,61.924297,64.376175,19.209784,174.376083,80.580643,94.226616,15.319329,115.699997,52.984039,73.036247
2015-02-26,28.948334,37.585793,75.012459,45.395950,54.629387,61.714180,63.355560,19.154251,174.170074,80.291130,92.938698,15.192514,116.070000,52.407524,73.020287
2015-02-27,28.513296,37.406662,74.800873,45.174786,54.561607,61.685192,62.675098,19.150553,173.576874,80.493759,93.720093,15.361601,116.160004,52.819309,73.036247
2015-03-02,28.653137,37.432236,75.318924,45.536015,54.253490,61.888077,62.750706,18.795153,174.672775,80.084824,91.974426,15.141788,115.680000,53.123444,73.020287
2015-03-03,28.713057,36.920387,74.676788,45.683453,53.994682,61.706940,62.629738,18.869190,173.955917,79.983315,91.640976,15.234786,115.470001,53.022060,73.036247
2015-03-04,28.531046,36.732731,74.173309,45.801395,53.723541,61.119995,61.790527,18.767391,173.222580,80.026833,91.669960,15.099517,115.110001,52.515213,73.036247
2015-03-05,28.058273,36.775383,74.808128,45.705555,53.452389,61.322899,61.624226,18.904360,173.412079,80.063095,91.553963,15.040336,115.000000,52.667252,73.036247
2015-03-06,28.100439,36.135578,73.049583,44.887283,52.768360,59.895416,60.527985,18.269466,170.973129,79.540970,89.531349,14.854337,111.860001,50.918678,73.020287
2015-03-09,28.220304,36.553589,73.450935,45.336983,52.478745,60.206978,61.094982,18.312038,171.681778,79.744034,90.357819,14.812069,111.970001,51.324139,73.036247
2015-03-10,27.636543,35.854080,72.626389,44.201698,51.924137,59.083855,60.414581,18.138044,168.896713,79.932587,91.546692,14.617618,111.419998,51.286125,73.036247
2015-03-11,27.132689,35.811424,71.743439,44.408112,51.776222,58.975189,60.255806,18.136190,168.501251,80.092072,92.213676,14.693704,110.750000,51.330463,73.036247
2015-03-12,27.623226,34.992496,72.845276,45.241138,51.899475,59.482399,60.626266,18.606346,170.643524,80.157341,92.148392,14.626069,110.720001,52.223793,73.020287
2015-03-13,27.432335,35.299599,72.392845,44.968376,51.683804,59.294018,59.900486,18.623009,169.597092,80.005089,91.865730,14.330168,110.879997,52.192108,73.036247
2015-03-16,27.734209,35.453152,73.742805,45.594986,52.232224,60.547554,60.459919,19.059847,171.863022,80.179062,92.750160,14.313259,110.809998,52.730637,73.036247
2015-03-17,28.198109,35.572571,72.889053,45.418064,51.813190,60.033092,59.310757,19.117228,171.352173,80.164551,93.518631,14.211806,110.209999,52.711617,73.036247
2015-03-18,28.515514,36.255020,74.034683,45.521282,53.039513,60.685249,61.488132,19.787291,173.412079,80.751892,95.323692,14.600708,112.370003,53.814007,73.036247
2015-03-19,28.300209,36.075886,74.202515,45.115826,52.016567,60.417137,60.550652,19.524456,172.621033,80.469147,94.837982,14.355531,112.290001,53.788681,73.036247
2015-03-20,27.945068,36.579166,74.720589,45.521282,52.096664,61.402573,61.382290,19.618851,174.144775,80.715622,95.338211,14.549980,113.570000,55.138138,73.036247
2015-03-23,28.235842,36.562126,75.143791,45.071598,52.645107,61.489571,61.306675,19.572577,173.805420,80.730133,95.222221,14.719069,114.290001,55.068447,73.020287
2015-03-24,28.120422,36.596241,74.399490,44.570297,52.084335,60.808411,60.845501,19.405981,172.828812,80.947670,96.142845,14.600708,114.570000,54.599613,73.036247
2015-03-25,27.385723,35.367825,73.217407,43.943684,52.293865,60.149017,60.376770,19.143147,170.296219,80.795425,95.330925,14.642979,114.730003,53.657635,73.020287
2015-03-26,27.576607,35.154575,73.071457,43.892082,51.961117,59.525879,60.391891,19.013567,169.890671,80.505394,93.844826,14.820522,115.480003,53.377190,73.020287
2015-03-27,27.356867,34.949848,73.217407,43.899460,51.505058,59.641823,60.233124,19.165361,170.279648,80.621422,95.011971,14.524619,115.059998,53.447308,73.020287
2015-03-30,28.049391,34.941315,74.100342,44.938892,52.768360,59.938904,61.518414,19.387480,172.357040,80.657654,94.540817,14.600708,113.750000,54.212112,73.004303
2015-03-31,27.618790,34.685383,73.407120,44.658756,52.380154,59.373734,60.505283,19.259760,170.850784,80.795425,94.743767,14.431621,113.660004,53.734085,73.036247
2015-04-01,27.578833,34.736576,72.349091,44.488075,52.047375,59.649071,60.210445,19.391178,170.246567,81.057648,95.988174,14.693704,115.599998,53.657635,73.004303
2015-04-02,27.816332,34.369759,72.706612,44.911053,51.948772,59.728771,60.664082,19.389324,170.859024,80.948677,94.971138,14.617618,115.279999,54.065529,73.020287
2015-04-06,28.266916,35.444599,72.356400,44.873959,52.460232,60.170765,61.609116,19.535557,172.009491,80.999557,94.440834,14.803613,116.690002,54.626389,73.020287
2015-04-07,27.969492,35.427563,73.042290,45.155949,52.842316,59.699787,60.890888,19.304180,171.554245,81.014076,95.232643,14.879703,116.110001,53.663994,73.036247
2015-04-08,27.878475,35.333714,73.086052,45.304371,51.800869,59.975121,60.815273,19.257898,172.133530,81.021332,95.261742,14.592254,115.470001,53.746838,73.036247
2015-04-09,28.091568,35.384899,73.939827,45.616051,52.164444,60.062069,60.996712,19.252352,172.895035,80.817970,94.026733,14.592254,114.669998,52.631523,73.020287
2015-04-10,28.211420,35.589634,74.472488,45.786720,52.725231,60.395374,62.448273,19.417091,173.838531,80.817970,94.164764,14.744432,115.970001,52.593266,73.020287
2015-04-13,28.155931,35.623756,73.370674,46.061298,52.589657,60.453373,62.100525,19.204222,173.052277,80.905098,94.295502,14.676798,115.139999,52.453045,73.004303
2015-04-14,28.033859,35.529922,73.348740,46.781124,53.384617,60.576538,62.750706,19.317137,173.383286,80.992302,94.963875,14.744432,114.440002,52.637886,73.020287
2015-04-15,28.140400,36.050285,73.407120,47.649361,54.278145,60.511345,64.383736,19.283821,174.161301,81.101234,94.883965,15.040336,115.430000,52.242741,73.004303
2015-04-16,28.005011,35.964981,72.816093,47.352528,54.062454,60.504066,64.292267,19.206076,174.111725,81.057648,94.411758,15.200968,115.029999,52.376556,73.020287
2015-04-17,27.689823,35.504333,72.662849,46.632713,53.569481,59.801220,63.484230,19.093170,172.108780,81.123062,95.494232,15.167152,115.599998,52.134380,73.004303
2015-04-20,28.322409,36.604767,73.122566,46.929554,53.760506,60.047596,64.490471,19.343048,173.681305,81.064964,94.651489,15.099517,114.720001,52.210854,73.004303
2015-04-21,28.169258,36.374447,73.188240,46.239407,53.538651,60.199753,63.972103,19.139442,173.474396,80.977783,94.222900,14.989608,115.379997,52.300091,73.020287
2015-04-22,28.548801,36.673019,73.283073,46.706924,53.896076,60.206978,64.696289,19.119072,174.326874,80.738037,92.784477,15.040336,113.830002,52.408432,73.004303
2015-04-23,28.781870,36.971588,73.304962,46.603027,53.945389,59.128147,64.635292,19.302328,174.765488,80.861496,93.184029,15.226332,114.660004,52.548656,73.004303
2015-04-24,28.917265,40.835949,73.757385,46.454597,53.594116,59.164669,64.490471,19.444862,175.171036,80.999557,93.765205,15.217875,113.050003,52.656982,73.004303
2015-04-27,29.443319,40.972435,73.392555,46.261681,53.618790,58.872505,65.046921,19.217176,174.442734,81.028587,93.765205,15.217875,115.330002,52.586895,73.020287
2015-04-28,28.979418,41.936390,73.509293,46.573330,54.105602,58.741024,65.710136,19.269014,174.997284,80.716225,92.472084,15.243240,116.330002,52.484909,73.020287
2015-04-29,28.553257,41.851078,73.253891,47.196690,54.148762,58.324669,66.701149,19.009872,174.277191,80.534615,91.338806,15.344691,115.510002,51.426937,73.020287
2015-04-30,27.778599,41.492802,72.385559,46.944386,53.840633,58.076355,66.228516,18.682241,172.530838,80.534615,91.498650,15.463053,113.470001,50.592003,73.020287
2015-05-01,28.622053,41.509861,73.064194,47.204132,54.752625,58.646065,66.602043,18.858082,174.401306,80.306099,90.266899,15.446147,113.080002,50.974415,73.004303
2015-05-04,28.566565,41.151592,73.224701,48.027832,54.912903,58.689911,66.548691,19.020979,174.897949,80.153229,89.415184,15.437691,114.099998,51.025402,73.020287
2015-05-05,27.922876,40.605621,72.604477,47.790356,54.604763,58.485378,66.319992,18.537861,172.895035,80.080482,89.291405,15.564506,114.419998,49.916454,73.020287
2015-05-06,27.747532,39.479568,72.363678,47.434155,54.345924,58.726410,66.312347,18.515646,172.183243,79.811165,87.762741,15.564506,114.360001,49.820827,73.020287
2015-05-07,27.919147,39.837860,72.721237,47.864574,53.982361,58.580341,65.885468,18.621162,172.870239,80.007683,88.942009,15.319329,113.419998,50.585663,73.004303
2015-05-08,28.445173,40.733574,74.041954,48.599236,54.838921,59.135460,66.556305,18.734070,175.146225,80.269737,89.182236,15.403872,113.970001,51.293098,73.020287
2015-05-11,28.155413,40.409420,73.720894,48.569546,53.919346,58.631481,67.669243,18.511946,174.310318,79.760223,87.012917,15.336238,113.529999,50.521915,73.004303
2015-05-12,28.055115,40.392357,73.312271,48.502762,54.068474,58.397724,67.204262,18.493437,173.788895,79.752945,87.238594,15.496870,114.500000,50.674870,73.020287
2015-05-13,28.086321,40.631203,73.370674,48.621506,53.782654,58.215118,67.417679,18.547115,173.821991,79.745697,86.539772,15.513780,116.550003,50.190483,73.020287
2015-05-14,28.741610,41.561050,74.304672,49.014812,54.037407,58.850586,67.646355,18.710005,175.634552,79.869461,86.772713,15.606778,117.180000,51.159241,73.004303
2015-05-15,28.701496,41.202747,74.647621,48.888653,54.273506,59.201180,67.410057,18.906219,175.824921,80.204178,88.512527,15.598325,117.529999,51.681873,73.004303
2015-05-18,29.017996,40.955372,75.464882,49.289371,53.962841,58.974751,67.303337,18.935833,176.371155,79.898514,87.027489,15.556052,117.519997,51.548012,73.004303
2015-05-19,28.991253,40.852341,75.858902,49.727219,54.049824,59.040504,66.502937,18.974701,176.313202,79.621948,86.255867,15.226332,115.889999,51.369587,73.004303
2015-05-20,28.989014,40.852341,75.596207,49.333908,54.136810,58.784878,67.028908,18.976557,176.189072,79.745697,86.401489,15.192514,116.080002,51.324959,73.004303
2015-05-21,29.285465,40.714966,75.280144,49.460068,54.186523,58.733727,68.096161,18.909918,176.702179,79.993111,87.609879,15.378511,115.690002,51.082771,73.020287
2015-05-22,29.541790,40.268497,74.493675,49.326481,53.757793,58.397724,67.562538,18.922874,176.280136,79.905838,87.646278,15.209422,115.599998,51.019039,73.020287
2015-05-26,28.890944,40.002327,74.104149,48.777328,53.030819,57.806072,66.960327,18.700756,174.384781,80.102264,89.145821,14.913518,113.910004,50.630276,73.020287
2015-05-27,29.430338,40.878101,74.331970,49.326481,52.881744,57.988693,67.021332,18.807072,176.040131,80.182373,89.349678,14.710613,113.889999,51.127373,73.020287
2015-05-28,29.372387,40.740726,74.346703,49.126118,52.881744,57.944855,65.565315,19.075661,175.841446,80.153229,89.131279,14.786704,114.019997,51.025402,73.004303
2015-05-29,29.038055,40.234158,73.604332,48.814445,52.937645,57.258274,65.039314,19.088718,174.748962,80.182373,89.327835,14.972698,114.099998,50.439053,73.004303
2015-06-01,29.096004,40.551830,73.530853,49.037071,52.894161,57.594261,65.199394,19.310680,175.104828,79.960678,88.367775,14.938884,114.000000,51.057297,73.004303
2015-06-02,28.966728,40.285664,73.486755,48.992542,52.900352,57.367821,65.687271,19.066330,174.931015,79.647194,87.134895,15.116423,114.459999,50.585663,73.020287
2015-06-03,29.002386,40.225552,73.567566,49.497162,52.782310,57.382458,65.733009,18.693285,175.394470,79.333588,85.734200,14.921973,113.639999,49.859066,73.020287
2015-06-04,28.832993,39.804852,72.935463,49.222584,52.328739,57.082966,65.153671,18.721273,173.912994,79.501350,86.850342,14.786704,112.839996,49.763474,73.004303
2015-06-05,28.674747,39.615952,72.465057,50.031452,52.366009,56.557041,65.595802,18.422831,173.615051,79.151321,85.792519,14.854337,112.239998,49.208984,73.004303
2015-06-08,28.485292,39.263920,72.001999,49.638165,52.720173,56.761566,65.672028,18.301598,172.547424,79.267982,85.697731,14.862793,112.570000,49.119762,72.988350
2015-06-09,28.400591,39.195248,72.185738,49.853355,52.552425,57.630772,66.114174,18.314650,172.522629,79.041954,85.019241,15.099517,112.820000,48.762856,72.988350
2015-06-10,28.726017,40.019501,72.678207,50.654823,52.943874,58.098232,67.448189,18.488123,174.591690,78.845055,84.275146,15.158697,113.779999,49.107014,73.004303
2015-06-11,28.661371,39.873543,72.942818,50.847759,52.869297,58.003300,67.211861,18.590700,175.154526,79.267982,86.047897,15.023427,113.260002,49.406563,73.020287
2015-06-12,28.344868,39.469990,72.288643,50.647400,52.204449,57.608871,66.967949,18.510504,173.813675,79.173172,86.047897,14.871246,113.230003,49.361938,73.004303
2015-06-15,28.289145,39.049267,71.656540,50.454453,52.018063,57.061069,66.419067,18.488123,173.068878,79.267982,86.186493,14.803613,113.730003,49.094257,73.020287
2015-06-16,28.440714,39.349792,72.295990,50.736454,52.614548,57.776855,66.007431,18.564587,174.012375,79.399239,86.864983,14.845884,113.320000,49.489429,72.988350
2015-06-17,28.373846,39.469990,72.567970,50.565773,52.645622,58.492699,66.510559,18.782820,174.293762,79.406494,86.193810,14.888156,113.849998,49.910061,73.020287
2015-06-18,28.503120,40.113937,73.766022,51.040703,53.111614,59.033199,66.655380,19.073799,176.106293,79.384644,85.770660,14.888156,115.320000,50.598377,72.988350
2015-06-19,28.217817,39.581612,73.398537,50.521240,52.943874,58.828671,66.716347,18.831316,175.324539,79.632614,86.872269,14.752887,115.120003,50.209618,72.988350
2015-06-22,28.442942,39.693226,73.567566,51.174278,52.918999,58.762970,67.288101,18.794018,176.222763,79.238792,85.099472,14.803613,113.639999,49.693356,73.004303
2015-06-23,28.313667,39.418476,73.339706,51.760532,52.856865,58.280884,67.425301,18.519823,176.347488,79.056511,84.588821,14.981153,112.889999,49.279095,72.988350
2015-06-24,28.554382,39.186646,73.008957,51.218803,52.614548,58.076355,67.211861,18.378067,175.066742,79.180420,85.318344,14.879703,112.589996,49.011425,72.988350
2015-06-25,28.418421,39.195248,72.854622,50.944244,52.148552,57.988693,66.106544,18.277344,174.534500,79.092964,85.019241,14.896612,112.440002,48.514294,73.004303
2015-06-26,28.251261,38.860382,73.236824,51.166851,52.105042,57.952164,66.182770,18.409779,174.501190,78.903381,84.063568,14.964246,112.559998,48.863232,72.988350
2015-06-29,27.756443,38.096230,71.796173,49.868202,51.458866,57.207119,65.024094,18.310919,170.841812,79.370064,86.288628,14.896612,113.070000,48.103554,73.004303
2015-06-30,27.957039,37.907322,71.634483,50.283779,51.694973,57.148697,64.658188,18.284805,171.199402,79.319031,85.690407,15.217875,112.370003,48.084259,73.004303
2015-07-01,28.217817,38.164917,72.376846,50.843979,51.179264,58.229710,63.994976,18.359417,172.571686,79.118835,84.533783,15.031882,111.980003,48.876106,73.004303
2015-07-02,28.182161,38.121983,72.354782,50.433163,51.657681,58.383110,64.322754,18.693285,172.413696,79.228409,84.811600,15.006518,111.760002,48.998428,73.004303
2015-07-06,28.084085,38.113396,72.178391,50.291252,51.278694,58.470764,63.385136,18.738058,171.922989,79.513405,86.383530,14.516164,112.059998,49.307415,73.004303
2015-07-07,28.014994,38.036118,72.707596,49.895363,51.489941,59.690598,64.025467,19.189445,173.004211,79.623009,87.195038,14.431621,110.760002,50.079971,72.988350
2015-07-08,27.319576,37.984608,71.862350,48.872055,50.930721,59.157383,62.714294,19.015976,170.101608,79.812912,87.948151,14.363984,111.089996,49.886848,72.988350
2015-07-09,26.762356,38.224998,72.325394,49.379963,50.700848,58.916336,62.272156,18.872355,170.409348,79.520645,86.215385,14.533073,111.360001,49.648636,72.988350
2015-07-10,27.477825,38.302296,73.155983,50.082104,51.086082,59.128147,62.622837,18.958158,172.555008,79.184586,84.848160,14.600708,111.489998,50.060673,72.988350
2015-07-13,28.008305,39.100800,73.699890,50.858921,51.210346,59.829369,63.758659,19.019701,174.459579,79.067673,84.584923,14.609163,110.989998,50.131477,72.988350
2015-07-14,27.997168,39.169479,73.339706,51.568508,51.639050,59.924305,64.383743,19.023441,175.216400,79.199188,84.862747,14.558434,110.739998,50.234486,73.004303
2015-07-15,28.266859,39.289688,73.810143,51.680550,51.421597,60.004662,64.155052,19.168919,175.158157,79.411072,85.762062,14.389349,110.160004,50.318169,72.988350
2015-07-16,28.643539,40.062431,74.317299,51.956894,51.514790,60.114227,64.439713,19.478548,176.563690,79.476875,86.354271,14.321713,109.760002,50.723747,72.988350
2015-07-17,28.890944,40.028088,73.560219,51.695480,51.328377,60.070408,63.978096,19.333063,176.713440,79.484131,86.800255,14.245624,108.650002,50.543499,73.004303
2015-07-20,29.437033,40.285664,73.773392,51.732834,50.800259,60.033890,63.278027,19.239803,176.804901,79.345345,86.434708,14.017355,105.699997,50.601437,72.988350
2015-07-21,29.142811,40.594749,73.751320,51.613319,50.738113,59.624859,63.254944,19.049551,176.106293,79.476875,86.902634,14.076535,105.370003,50.459812,73.004303
2015-07-22,27.910240,39.100800,73.633720,52.345333,50.818890,59.523960,61.362366,19.174515,175.790222,79.513405,87.443672,13.873630,104.800003,50.678707,72.988350
2015-07-23,27.896864,39.590202,73.648415,52.016670,50.415016,59.428226,59.146667,19.038353,174.800583,79.739861,88.533073,13.755270,104.330002,50.047779,72.988350
2015-07-24,27.749748,39.444221,72.876694,51.471397,49.669434,59.126293,58.546574,19.077528,172.987488,79.725235,88.752411,13.645363,105.349998,50.260227,73.004303
2015-07-27,27.364157,38.937645,72.237206,50.799168,49.246902,58.890625,57.946507,19.305084,171.981171,79.827507,89.227669,13.383276,104.860001,50.350357,72.988350
2015-07-28,27.500114,38.929066,72.781113,50.829029,51.247601,59.082119,59.839073,19.415127,174.093658,79.747139,88.576927,13.493184,105.019997,50.382565,72.988350
2015-07-29,27.413189,39.744740,73.302956,51.493809,51.657681,59.369324,59.492897,19.508394,175.291275,79.681389,88.247955,13.535457,105.169998,50.710880,73.004303
2015-07-30,27.275002,40.251324,73.383812,51.568508,51.576927,56.990715,60.277573,19.564348,175.332809,79.688751,88.927879,13.484730,104.269997,50.459812,73.004303
2015-07-31,27.036503,40.096767,73.655777,51.187572,49.215839,56.482586,60.493031,19.622171,175.066742,80.002861,89.585899,13.298733,104.930000,50.858967,73.004303
2015-08-03,26.399046,40.191212,73.516113,51.187572,48.501308,56.261673,59.439011,20.090338,174.476196,80.085587,90.528938,13.078918,104.099998,51.174393,73.004303
2015-08-04,25.552057,40.818008,73.354424,51.135277,47.948326,55.900822,58.931244,19.872103,174.135178,79.851311,89.810860,13.155009,104.309998,50.801037,72.988350
2015-08-05,25.721457,40.852341,73.883636,51.336967,47.948326,55.797718,59.146667,19.763929,174.709045,79.704964,89.136726,13.104282,103.930000,50.466248,72.988350
2015-08-06,25.777437,40.028088,72.817871,50.978428,48.519951,55.775635,59.592899,19.724764,173.278641,79.800102,89.928101,13.095829,104.389999,50.537060,72.988350
2015-08-07,25.864754,40.131115,72.656166,50.829029,47.737072,55.584179,59.462097,19.957909,172.945999,79.939178,91.107788,13.045102,104.650002,50.723747,72.988350
2015-08-10,26.805126,40.637703,73.347061,51.456470,48.930035,56.246933,61.670120,19.870249,175.124985,79.836708,89.979362,13.324096,105.720001,50.562824,73.004303
2015-08-11,25.410238,39.847778,72.773743,50.963493,48.597660,56.129105,60.039097,19.888901,173.544739,80.100288,91.408203,13.146555,106.260002,50.897579,72.988350
2015-08-12,25.802057,40.131115,72.553261,50.224022,49.412941,56.254295,60.716118,20.219044,173.752640,80.048996,90.909988,13.104282,107.750000,51.058514,72.988350
2015-08-13,25.781908,40.122520,72.384209,50.455574,49.325142,55.805084,59.823689,20.316036,173.536423,79.880608,90.616821,13.045102,106.860001,51.116447,72.988350
2015-08-14,25.963270,40.354359,72.626732,50.709526,49.143269,55.687256,60.385284,20.338423,174.168503,79.844017,90.829369,12.960557,106.849998,51.393291,72.972321
2015-08-17,26.231953,40.629101,73.405884,50.843979,49.400394,55.620983,60.423763,20.429815,175.141541,79.983124,91.239693,12.909832,107.129997,51.831081,72.972321
2015-08-18,26.084179,40.853828,73.038361,50.948551,48.854778,55.326431,60.639175,20.426094,174.634232,79.836708,90.521622,12.842196,107.110001,51.972710,72.988350
2015-08-19,25.750566,40.283401,72.994263,50.492916,47.807442,54.582649,59.554428,20.344011,173.253677,80.085587,91.415550,12.698474,108.550003,51.663677,73.004303
2015-08-20,25.222170,39.462353,72.612068,49.253006,46.766376,54.427998,58.785084,20.191065,169.635880,80.210075,92.338745,12.732291,110.440002,51.283844,72.988350
2015-08-21,23.679502,37.223888,70.775276,47.505165,45.236122,52.903645,57.700298,19.950449,164.529434,80.349182,92.617195,12.520930,111.129997,50.331055,72.988350
2015-08-24,23.088408,36.022572,68.745941,45.002930,43.097572,50.915333,56.023144,19.219286,157.601654,80.319870,92.587906,12.208118,110.529999,47.974800,72.988350
2015-08-25,23.227232,34.976814,67.197983,44.748974,43.091297,50.385105,55.438477,18.747387,155.747009,80.129494,91.100464,12.258844,109.160004,46.655052,72.988350
2015-08-26,24.559425,36.912769,70.441986,46.989780,45.468185,52.211418,56.830967,19.108273,161.726715,79.756195,89.341888,12.182755,107.669998,47.916859,73.004303
2015-08-27,25.282612,37.941231,71.264107,48.162476,46.941998,52.638535,58.208088,19.221050,165.727081,79.865959,89.393211,12.622384,107.730003,48.843906,72.988350
2015-08-28,25.365459,37.967171,70.486412,47.901051,47.079937,52.439701,58.431213,19.138342,165.735321,79.792801,89.656952,12.952104,108.699997,48.773087,73.004303
2015-08-31,25.246798,37.612820,69.605064,47.878635,47.186565,52.042042,58.808163,18.497398,164.396317,79.734192,88.968239,13.264916,108.820000,47.659336,73.004303
2015-09-01,24.118341,36.143566,68.205261,45.899261,45.204784,50.738586,57.623386,17.922224,159.489502,79.970398,89.609283,12.825288,109.199997,46.751614,73.004303
2015-09-02,25.152754,37.474537,69.138489,46.735821,45.926010,51.408718,58.546574,17.863955,162.516830,79.867744,88.838226,12.935194,108.620003,47.234455,72.988350
2015-09-03,24.711678,37.595520,68.612595,46.818001,46.277199,51.497105,57.277164,17.888390,162.633270,79.985092,89.271515,13.019739,107.839996,47.363213,73.004303
2015-09-04,24.465387,36.826340,67.627594,45.936607,45.443096,50.635502,56.238564,17.785011,160.171478,80.153816,90.086548,12.859107,107.489998,46.481228,72.988350
2015-09-08,25.146044,37.932606,69.575462,47.176521,46.095325,51.533924,57.161770,18.249281,164.196762,79.963089,88.757446,12.952104,107.519997,47.182934,72.988350
2015-09-09,24.662415,37.223888,68.301537,46.444523,45.154610,50.429317,56.130875,17.912828,162.001175,79.992432,89.183372,12.783016,106.129997,46.642166,72.988350
2015-09-10,25.204254,37.414040,68.671875,46.803055,45.480717,50.311470,55.715431,17.922224,162.882736,79.904419,88.581207,12.892923,106.379997,46.745167,72.972321
2015-09-11,25.571447,37.578239,68.827408,46.728363,45.587349,50.385105,55.876980,18.016207,163.622894,79.999771,89.139320,12.876015,106.160004,47.640034,72.988350
2015-09-14,25.817736,37.197968,69.116234,46.593922,45.461910,50.120018,55.984692,18.068836,163.015823,80.021790,89.278801,12.715381,106.220001,47.665794,72.988350
2015-09-15,26.034918,38.010380,69.916122,47.490234,45.693958,51.143631,57.377193,18.087633,165.053375,79.662354,87.567841,12.757654,105.900002,48.135742,72.972321
2015-09-16,26.064022,38.286938,70.071663,47.908520,46.597050,51.622288,58.192673,18.328224,166.483841,79.596321,87.237404,12.969013,107.309998,48.650772,72.972321
2015-09-17,25.506516,38.243725,70.242012,46.795582,46.697399,51.725372,56.977123,18.551901,166.109573,80.095131,88.302200,12.884470,108.410004,49.204422,72.972321
2015-09-18,25.401281,37.578239,69.168114,45.518322,45.581078,51.504456,55.284592,18.286871,163.395126,80.161148,89.660683,12.690019,109.209999,49.120731,72.972321
2015-09-21,25.795340,38.122734,68.975502,45.899261,46.026340,52.027313,55.515381,18.429728,164.239502,79.948433,88.199371,12.833744,108.529999,49.539188,72.988350
2015-09-22,25.390087,37.941231,69.056984,45.495911,45.618713,51.688568,55.146114,18.241766,162.107681,80.139145,89.425682,12.757654,107.790001,48.914730,72.988350
2015-09-23,25.596071,37.915318,68.871834,45.294220,45.342766,51.740120,54.007484,18.228611,161.848572,80.073097,89.418373,12.656200,108.220001,49.221630,72.972321
2015-09-24,25.748327,37.949883,68.494125,44.980526,45.612431,52.550167,50.622410,18.330097,161.263351,80.175804,90.027809,12.732291,110.489998,48.759972,72.972321
2015-09-25,25.683397,37.975807,67.397964,45.914204,45.926010,53.514847,49.991550,18.534983,161.221558,80.036430,89.249481,12.808380,109.809998,48.955029,72.972321
2015-09-28,25.175150,37.414040,67.672005,44.801262,45.530895,52.852089,49.076038,18.335745,157.175308,80.227158,90.776833,12.630837,108.419998,48.194279,72.988350
2015-09-29,24.418369,37.543686,68.908859,44.696686,45.762955,53.227638,49.476112,18.192892,157.267288,80.351860,91.033859,12.715381,107.980003,48.707954,72.988350
2015-09-30,24.696003,38.252380,69.138489,45.540733,46.628403,52.977268,50.283901,18.335745,160.201645,80.381241,90.718117,12.808380,106.860001,49.117603,72.972321
2015-10-01,24.534798,38.554874,69.005150,45.876846,46.446533,52.984642,49.537628,18.147783,160.619598,80.443626,91.105156,12.723836,106.730003,49.358166,72.988350
2015-10-02,24.713917,39.384552,69.568047,45.748947,47.587940,53.330750,50.545475,18.521824,163.018936,80.686188,91.657043,12.808380,108.989998,49.715771,72.988350
2015-10-05,24.803471,40.300686,70.182770,46.659271,48.171181,53.919888,53.222763,18.931583,165.919800,80.384842,90.413467,12.977468,108.769997,50.554585,72.972321
2015-10-06,24.922140,40.404392,69.190323,46.681839,48.848515,54.052444,54.484478,18.768059,165.351395,80.583267,90.803497,13.231099,109.860001,50.437531,72.972321
2015-10-07,24.803471,40.447609,70.345711,46.742016,49.670074,54.288094,54.145966,18.783096,166.705627,80.524536,90.501762,13.205735,109.699997,51.016239,72.972321
2015-10-08,24.516880,41.009384,70.419762,46.742016,50.190609,54.788857,55.269211,18.956018,168.210495,80.414322,89.743820,13.264916,109.139999,51.445377,72.972321
2015-10-09,25.103506,40.715530,70.634560,46.591557,49.707695,54.847775,54.853771,18.993608,168.310776,80.348160,89.979301,13.324096,110.870003,51.360855,72.972321
2015-10-12,24.987072,40.620464,71.093742,46.433578,49.732792,54.737297,54.238297,19.068790,168.469559,80.553902,90.663635,13.112739,111.309998,51.724964,72.972321
2015-10-13,25.029612,40.525394,70.693810,46.305676,49.645004,54.575294,53.984402,19.029322,167.407898,80.561287,90.818192,13.028193,111.860001,51.321827,72.972321
2015-10-14,24.675854,40.343903,70.012421,45.132046,50.272144,54.648911,54.399853,18.971062,166.605362,80.862572,91.612892,13.062010,113.809998,50.938217,72.972321
2015-10-15,25.045290,40.629101,71.952896,46.561470,51.099979,54.693104,54.492188,19.397728,169.163498,80.752289,91.163986,13.028193,113.290001,51.633953,72.972321
2015-10-16,24.861687,41.061241,72.760185,46.967731,51.727104,55.157063,53.607433,19.484194,169.932556,80.671455,91.193451,13.036648,112.489998,52.024086,72.972321
2015-10-19,25.016176,41.156311,72.537987,46.809734,50.792667,55.348526,53.292007,19.504869,170.016190,80.752289,90.943230,12.799925,112.019997,52.752304,72.972321
2015-10-20,25.472925,41.285946,72.278763,47.035423,50.692318,54.810944,54.061329,19.536821,169.798843,80.590630,90.384026,12.825288,112.730003,52.732807,72.956398
2015-10-21,25.470688,40.793316,72.308411,46.689358,50.303471,54.679405,53.599731,19.585701,168.745499,80.781761,91.281715,12.715381,111.730003,52.537727,72.972321
2015-10-22,25.860273,41.510658,73.715614,47.539482,51.984230,55.615654,55.140041,19.869520,171.596237,80.796410,91.436295,12.757654,111.690002,52.999405,72.972321
2015-10-23,26.661833,45.693699,74.293304,48.051064,52.040703,57.235435,55.816875,19.653366,173.477203,80.656822,90.656288,12.681563,111.500000,52.485737,72.972321
2015-10-26,25.811014,46.886383,74.019257,48.073639,50.936909,57.577206,55.637928,19.519905,173.050842,80.693550,91.259666,12.647746,111.430000,52.472729,72.956398
2015-10-27,25.647572,46.402393,74.204430,47.878036,50.855392,57.428627,54.758858,19.566904,172.716431,80.811111,91.487793,12.588566,111.680000,52.453228,72.956398
2015-10-28,26.704372,46.653030,74.419220,49.277363,51.601685,56.849064,55.988014,19.350740,174.681030,80.568596,91.119896,12.799925,110.779999,52.498737,72.956398
2015-10-29,26.986486,46.117184,75.078384,49.059185,51.570316,57.228004,55.988014,19.130823,174.580750,80.223175,89.670250,12.723836,109.720001,52.427223,72.956398
2015-10-30,26.755873,45.494911,74.826569,48.336952,51.890167,56.752472,56.781498,19.296232,173.828308,80.436333,90.347267,12.850652,109.300003,51.946030,72.956398
2015-11-02,27.132015,46.013489,75.670883,49.307449,53.483120,56.915920,57.831715,19.215405,175.884857,80.278008,89.932022,12.783016,108.589996,53.051414,72.956398
2015-11-03,27.443237,46.799965,75.515358,49.488022,54.467739,57.250305,58.150654,19.230448,176.394836,80.130730,89.194580,13.011285,106.980003,52.518230,72.972321
2015-11-04,27.315617,47.016018,75.500519,49.540672,53.922138,57.257717,57.995071,19.401489,175.859741,80.130730,89.297813,12.791471,105.970001,52.284161,72.956398
2015-11-05,27.189692,46.998749,75.789391,49.984543,53.188358,56.759892,57.738358,19.190969,175.684219,80.093880,89.061867,12.690019,105.639999,52.492245,72.956398
2015-11-06,27.221174,47.465427,75.485733,51.504242,52.975143,56.150620,57.442772,18.578215,175.592255,79.710991,87.756630,12.613929,104.099998,50.860199,72.956398
2015-11-09,27.110996,46.808582,74.685860,50.699257,51.842747,56.024307,55.925762,18.591373,173.953735,79.659462,87.262482,12.504023,104.400002,49.988880,72.972321
2015-11-10,26.256536,46.246830,75.137619,50.917439,52.095818,56.299217,56.345852,18.608288,174.354996,79.806770,87.520554,12.478660,104.180000,50.561069,72.956398
2015-11-11,26.108133,46.367825,75.441284,50.669170,51.634010,56.440388,55.941330,18.743626,173.669464,79.703644,87.336243,12.351843,103.830002,50.619595,72.972321
2015-11-12,26.020439,46.082619,74.263680,49.653530,50.235924,55.474464,53.413052,18.933470,171.245148,79.777252,87.756630,12.174301,103.849998,50.275002,72.972321
2015-11-13,25.260424,45.667774,73.974823,49.322514,49.407185,54.954327,54.167645,18.877079,169.322296,79.931938,88.258087,12.081304,103.559998,49.702797,72.956398
2015-11-16,25.674164,46.471542,74.967285,50.037205,51.178505,55.949993,54.758858,19.194735,171.897125,79.998131,88.176918,12.140484,103.709999,50.275002,72.972321
2015-11-17,25.563978,46.088699,75.174683,49.751324,50.583851,55.779091,53.980946,18.937225,171.771790,80.057083,88.324425,11.954488,102.339996,50.275002,72.956398
2015-11-18,26.373465,46.854382,76.041199,50.744400,51.077297,56.395821,54.704418,18.739861,174.497131,79.998131,88.508781,12.005215,102.430000,50.717136,72.956398
2015-11-19,26.708506,46.932697,75.907875,50.902382,50.798958,56.633587,54.471039,18.982332,174.346664,80.034996,89.098763,12.005215,103.559998,50.873180,72.972321
2015-11-20,26.825424,47.150204,76.460014,50.812107,50.476307,56.336388,55.342319,18.987974,174.981995,79.983475,88.825859,11.988305,103.089996,51.510410,72.956398
2015-11-23,26.476898,47.150204,76.676361,50.315571,50.786293,56.447826,55.248974,18.888351,174.781387,80.005569,89.098763,12.081304,102.260002,51.620934,72.972321
2015-11-24,26.730978,47.202408,76.131714,50.240326,51.798489,56.804474,55.544586,18.829641,175.015503,80.079155,89.091324,12.275755,102.940002,51.347843,72.956398
2015-11-25,26.539860,46.715160,76.072021,50.300533,51.399914,56.395821,55.614594,18.729244,174.990372,80.116028,89.297813,12.258844,102.459999,51.555908,72.956398
2015-11-27,26.490389,46.923981,76.377937,50.533741,51.387295,56.247196,55.404560,18.822056,175.190979,80.093880,89.209343,12.072848,101.250000,52.004574,72.972321
2015-11-30,26.600567,47.289417,75.534859,50.165108,51.659298,55.608215,56.517006,18.914875,174.463699,80.123360,89.563316,11.996760,101.919998,51.620934,72.972321
2015-12-01,26.384705,48.046413,76.370468,50.864780,51.804798,56.425541,55.669048,19.049351,176.127335,80.404160,90.773094,12.132030,102.279999,52.336182,72.956398
2015-12-02,26.146362,48.037701,76.139183,50.150070,50.324490,56.314087,55.256744,18.560665,174.329895,80.308090,90.802666,11.878398,100.690002,51.269817,72.956398
2015-12-03,25.903513,47.158909,75.199081,49.503067,49.603298,56.276928,54.175423,18.263292,171.888840,79.716980,88.334351,12.013668,101.760002,50.463547,72.972321
2015-12-04,26.764721,48.646755,76.810669,51.075420,49.887978,57.829880,54.439922,18.589075,175.241165,79.975578,89.110298,11.996760,104.019997,51.425873,72.972321
2015-12-07,26.596071,48.559746,77.086739,50.405846,48.584797,58.231083,53.179661,18.670530,174.179474,80.093788,89.974960,11.650130,102.669998,51.282829,72.972321
2015-12-08,26.584835,48.542362,76.415215,49.623425,47.212006,57.770420,51.763809,18.816376,173.009033,80.123367,90.019279,11.590949,102.839996,51.237328,72.956398
2015-12-09,25.997953,47.837582,76.213783,49.247269,47.844639,57.733280,51.273724,18.706520,171.663116,80.123367,89.923203,11.599403,102.639999,50.951214,72.940422
2015-12-10,26.121614,48.089901,76.579376,49.360123,47.882603,57.800156,51.639347,18.486801,172.106171,80.108543,90.041489,11.557132,102.550003,50.587086,72.956398
2015-12-11,25.449306,47.037102,75.863144,48.201534,47.028557,57.792694,50.900311,18.450813,168.770554,80.308090,91.460350,11.438771,103.110001,50.496059,72.972321
2015-12-14,25.291903,47.976780,76.213783,48.351994,48.097679,58.171661,51.437073,18.558777,169.623306,79.931259,90.277962,11.362681,101.790001,50.730141,72.972321
2015-12-15,24.844440,48.029003,77.691048,49.728756,50.248566,59.204464,51.927177,18.698938,171.403931,79.938683,89.745850,11.337318,101.519997,51.282829,72.956398
2015-12-16,25.035563,48.838177,78.526711,50.804577,50.071438,60.177853,52.681770,19.632753,173.911957,79.798256,89.553734,11.286592,102.750000,52.284161,72.972321
2015-12-17,24.504908,48.464050,77.325493,49.864182,49.318630,59.657703,50.487999,19.587290,171.261841,79.909088,90.566177,11.168230,100.500000,52.024086,72.956398
2015-12-18,23.841578,47.097996,76.064583,48.449799,48.888443,58.052773,50.651375,19.341051,168.210831,80.079018,91.068672,11.218957,102.040001,51.419380,72.972321
2015-12-21,24.133896,47.707062,75.788513,49.307449,48.875809,58.662048,50.752502,19.377037,169.598404,80.005157,91.046539,11.168230,103.150002,51.620934,72.956398
2015-12-22,24.111410,48.159496,76.631615,49.412785,49.122524,59.144997,53.218567,19.492590,171.137375,79.946060,90.388832,11.117504,102.610001,51.829002,72.956398
2015-12-23,24.421703,48.568447,77.213562,50.202732,50.729351,59.382786,54.369888,19.695257,173.256607,79.931259,89.708900,11.320410,102.309998,52.361729,72.956398
2015-12-24,24.291288,48.437950,77.385178,50.104919,50.185322,59.286209,53.973145,19.685781,172.970657,79.969765,90.222878,11.320410,103.050003,52.361729,72.972321
2015-12-28,24.019211,48.681561,77.012108,49.939407,49.812057,59.382786,53.350803,19.697151,172.575485,79.969765,90.489433,11.159778,102.269997,52.651833,72.956398
2015-12-29,24.450941,49.203625,77.616470,50.458515,50.077789,59.709702,53.825329,19.822168,174.417145,79.769897,88.986168,11.345773,102.199997,53.212227,72.956398
2015-12-30,24.131641,48.994793,77.429924,50.097404,49.413517,59.494263,53.436382,19.871414,173.180939,79.755051,88.897202,11.235865,101.419998,53.027615,72.972321
2015-12-31,23.668444,48.272644,76.639038,49.676102,49.312302,59.003864,52.868488,19.678213,171.448547,79.969765,89.297157,11.295047,101.459999,52.566109,72.956398
2016-01-04,23.688673,47.680973,74.967804,48.184074,49.002304,58.231083,52.891808,19.617590,169.051804,79.940125,89.941429,11.210503,102.889999,51.933174,72.972321
2016-01-05,23.095057,47.898495,75.281181,48.267384,49.419842,58.416847,52.339481,19.808905,169.337738,79.977142,89.578598,11.100595,103.180000,52.935314,72.972321
2016-01-06,22.643087,47.028397,74.900650,47.570595,49.008652,57.852158,51.514885,19.744505,167.201645,80.280762,90.785660,10.923054,104.669998,52.790276,72.940422
2016-01-07,21.687452,45.392628,74.027740,45.646870,48.224201,57.346897,49.741180,19.831633,163.190201,80.273285,90.948601,10.872328,106.150002,51.761745,72.956398
2016-01-08,21.802122,45.531841,73.236862,44.624413,47.249977,56.447826,49.235531,19.920662,161.398926,80.451035,91.355949,10.821602,105.680000,51.069500,72.956398
2016-01-11,22.155148,45.505733,72.796654,44.556259,46.617386,56.967934,47.819683,19.998318,161.558716,80.221466,90.356163,10.525699,104.739998,51.359577,72.956398
2016-01-12,22.476692,45.923382,73.296555,44.654713,47.572605,56.849064,47.920799,19.960438,162.862244,80.399170,91.659515,10.458064,104.209999,51.016769,72.972321
2016-01-13,21.898806,44.931473,72.386299,43.427765,47.857292,56.358677,47.368481,19.816484,158.800385,80.584305,92.563049,10.398882,104.720001,50.284935,72.956398
2016-01-14,22.377758,46.210514,73.781517,44.079109,50.052456,56.581577,48.442036,20.019156,161.407333,80.554695,91.696587,10.424246,103.019997,50.166256,72.940422
2016-01-15,21.840345,44.365917,72.371399,43.200550,49.078239,55.712234,47.158131,19.937706,157.942566,80.650940,93.125877,10.204432,104.080002,49.823402,72.940422
2016-01-19,21.734665,43.991779,72.744453,43.177834,48.331757,57.012531,46.496471,20.420715,158.152802,80.569496,92.837013,10.119888,103.980003,50.087132,72.956398
2016-01-20,21.763901,44.191898,71.438766,42.041782,46.294739,56.834911,46.323196,19.947176,156.126038,80.636147,93.814613,10.043798,105.370003,48.742161,72.956398
2016-01-21,21.653719,43.922176,71.580528,41.844860,46.876724,57.501965,47.016338,19.896040,157.000702,80.525055,93.177689,10.179070,105.489998,49.012474,72.972321
2016-01-22,22.804979,45.497044,72.184868,43.132381,48.439293,57.981628,48.032440,20.191519,160.221588,80.584305,92.822250,10.483427,105.000000,50.377232,72.940422
2016-01-25,22.359777,45.061989,71.923737,42.155392,46.800838,57.599377,45.614277,20.157425,157.799606,80.539864,93.325798,10.255157,106.080002,50.060768,72.956398
2016-01-26,22.483437,45.392628,75.490082,43.230843,48.521515,59.068409,46.598877,20.183941,159.952515,80.643494,93.370285,10.458064,107.290001,51.109055,72.940422
2016-01-27,21.006132,44.566040,76.221252,43.200550,47.629543,59.060932,45.937222,20.216145,158.211639,80.658356,93.348038,10.584879,107.690002,50.120106,72.956398
2016-01-28,21.156780,45.296917,76.303314,43.382313,48.704990,59.825413,48.111214,20.513519,159.035843,80.724998,93.481346,10.703239,106.540001,49.737724,72.956398
2016-01-29,21.887571,47.933292,77.922371,45.063690,49.249031,61.226997,49.024918,21.159431,162.912674,80.961884,94.273788,10.804692,106.949997,50.759624,72.972321
2016-02-01,21.682945,47.602650,77.870117,44.578972,48.262161,60.799763,49.387253,21.399982,162.853821,80.864014,93.985146,10.601787,108.050003,50.845322,72.940422
2016-02-02,21.244480,46.114799,77.153900,43.192978,47.186707,60.125217,47.788254,21.576147,159.918854,81.108788,95.728745,10.415791,108.089996,50.383816,72.940422
2016-02-03,21.664965,45.383923,77.698517,43.480785,49.647591,60.784760,49.836231,21.735245,160.877548,81.101395,94.934853,10.677876,109.250000,50.720081,72.956398
2016-02-04,21.839039,45.244705,77.519463,44.230595,50.501637,60.484989,51.955074,21.502260,161.129807,81.182983,95.394852,10.660968,110.570000,50.746418,72.972321
2016-02-05,21.255762,43.643749,75.012566,43.738293,50.659767,60.859726,52.081089,21.519318,158.060272,81.108788,95.506142,10.593332,112.320000,49.783859,72.972321
2016-02-08,21.479584,42.991180,76.101883,42.821857,51.343006,61.924042,50.868080,21.625385,155.932663,81.420425,97.561386,10.542607,113.830002,48.359760,72.956398
2016-02-09,21.475054,42.878071,76.079491,42.564365,51.119564,61.939026,50.356083,21.848894,155.941040,81.412979,97.665291,10.272067,113.580002,47.469704,72.972321
2016-02-10,21.312281,43.252197,75.900459,42.049355,50.653576,61.174522,48.946159,21.543941,155.806473,81.613289,98.525970,10.288976,114.459999,47.799362,72.956398
2016-02-11,21.183420,43.234810,75.878052,40.193794,50.813148,59.885399,48.371147,21.195415,153.779739,81.665260,99.215942,10.415791,119.059998,47.120289,72.972321
2016-02-12,21.248976,43.939571,75.967590,43.541378,51.726009,60.702343,49.741703,21.151852,156.950272,81.442665,97.568802,10.567971,118.360001,47.660908,72.956398
2016-02-16,21.848083,44.772095,76.340622,44.192715,51.847286,61.062103,51.364315,21.280655,159.599243,81.242340,96.537521,10.449608,114.769997,48.537785,72.956398
2016-02-17,22.182680,45.937618,76.474907,44.510815,52.345219,61.796604,52.979042,21.106396,162.206299,81.197830,95.943932,10.669423,115.480003,48.953121,72.956398
2016-02-18,21.762175,45.736061,77.773140,43.783741,52.632462,61.444366,52.081089,21.655701,161.541901,81.442665,97.123596,10.610241,118.290001,49.447617,72.972321
2016-02-19,21.712446,45.411827,78.276627,43.791309,52.664387,61.301960,51.529720,21.735245,161.466232,81.457489,97.205276,10.517244,117.580002,49.731106,72.972321
2016-02-22,21.902340,46.139183,78.720016,44.359341,52.594151,61.556770,53.018425,21.915190,163.804153,81.479729,97.153366,10.677876,115.489998,50.205811,72.972321
2016-02-23,21.407234,44.850967,78.216530,42.503765,51.853683,61.316940,51.813301,21.994743,161.735321,81.494576,97.546570,10.534153,117.220001,50.073948,72.956398
2016-02-24,21.726002,45.008713,78.877853,42.518921,52.038799,61.129562,51.892044,22.137877,162.475372,81.524254,97.353630,10.669423,117.610001,50.014610,72.972321
2016-02-25,21.875216,45.657196,79.944977,43.177834,52.351589,61.714176,52.356781,22.107342,164.443253,81.731979,97.702354,10.660968,117.919998,51.036552,72.956398
2016-02-26,21.909126,44.956116,79.494087,43.579235,52.185623,60.784760,52.671848,21.473736,164.064804,81.583603,96.760109,10.644059,117.110001,50.772823,72.956398
2016-02-29,21.859385,44.588058,79.065727,42.640095,51.164246,60.177696,53.325623,21.530991,162.778183,81.680054,97.182968,10.779330,118.639999,50.575005,72.972321
2016-03-01,22.727518,46.077839,80.576263,44.836479,51.885601,60.882217,54.420490,21.489004,166.604507,81.435463,95.471771,10.787784,117.769997,51.999111,72.972321
2016-03-02,22.777266,46.402084,80.440956,45.260609,52.792072,61.871574,54.648911,21.443201,167.352951,81.346298,95.865692,10.846965,118.680000,52.374920,72.956398
2016-03-03,22.946812,45.876278,80.147896,45.412090,52.600567,62.088932,56.515713,21.301977,168.008942,81.442955,96.215118,10.906145,120.730003,52.651833,72.972321
2016-03-04,23.288191,45.595852,80.035179,45.480251,52.530354,62.576096,57.374287,21.811531,168.555588,81.316521,95.598122,11.117504,120.540001,52.658424,72.972321
2016-03-07,23.030462,44.719517,80.215508,45.396938,53.915569,62.283779,58.894482,21.842070,168.690109,81.294235,95.568398,11.320410,121.139999,52.796871,72.972321
2016-03-08,22.840561,45.262836,79.824722,44.518383,52.747379,62.253807,56.499947,22.032911,166.848404,81.494995,96.623962,11.168230,120.580002,52.256237,72.956398
2016-03-09,22.860914,46.305695,80.290657,44.775887,52.600567,62.178871,56.610226,22.187490,167.672577,81.457817,96.036736,11.337318,119.580002,52.546322,72.972321
2016-03-10,22.872208,45.613369,80.516106,44.389622,52.460121,61.669189,56.208511,22.078712,167.807098,81.494995,95.642731,11.320410,121.500000,52.355137,72.972321
2016-03-11,23.118635,46.507244,80.944481,44.942513,52.466515,61.271969,57.342762,22.103519,170.515060,81.346298,94.676323,11.362681,119.410004,53.528694,72.956398
2016-03-14,23.177410,46.594875,80.906914,44.775887,52.606945,60.837234,57.287647,22.107342,170.296402,81.390892,94.973694,11.261229,117.870003,53.535282,72.956398
2016-03-15,23.643129,46.962933,80.982056,44.836479,52.868656,60.942165,57.059204,22.061533,170.018906,81.316521,95.062897,11.168230,117.959999,53.561661,72.956398
2016-03-16,23.957384,47.628960,80.719040,44.624413,52.900600,60.964672,58.555779,22.351622,171.002853,81.665909,95.345375,11.362681,120.589996,54.207745,72.972321
2016-03-17,23.918941,47.900616,80.215508,44.495655,53.685768,62.021450,59.784584,22.582541,172.087662,81.836937,95.739319,11.489497,120.129997,54.972538,72.956398
2016-03-18,23.946075,46.875313,80.786667,45.805908,53.749580,62.321274,59.445866,22.614981,172.763901,81.903854,95.940079,11.481042,119.800003,54.735199,72.956398
2016-03-21,23.943819,47.199554,80.621338,45.790771,53.379368,62.448696,59.776688,22.437494,173.009048,81.725456,95.204109,11.514860,118.959999,54.241203,72.972321
2016-03-22,24.126938,47.383595,80.696465,45.624153,53.698524,62.013973,59.508873,22.336355,172.916061,81.673424,95.181862,11.599403,119.309998,54.241203,72.972321
2016-03-23,23.993555,47.295948,81.538170,45.396938,53.462360,62.073914,58.035927,22.460402,171.774872,81.851822,96.259743,11.354227,116.610001,53.947857,72.956398
2016-03-24,23.889555,47.506268,81.395393,45.048538,53.609169,62.126389,59.304085,22.611166,171.698807,81.859276,96.296890,11.286592,116.330002,53.967861,72.972321
2016-03-28,23.781044,46.919125,81.335266,44.987961,53.762367,61.924042,59.327713,22.439411,171.800262,81.918686,96.423302,11.320410,116.599998,54.454544,72.972321
2016-03-29,24.343973,47.944435,82.019112,44.707729,53.960274,62.058933,59.871189,22.712317,173.389435,82.164070,97.434258,11.295047,118.760002,55.634560,72.972321
2016-03-30,24.768993,48.242401,81.898888,45.222736,53.953861,61.968987,60.265057,22.614981,174.150208,82.134338,96.408401,11.252776,117.099998,55.527908,72.972321
2016-03-31,24.640137,48.400139,81.312706,44.851624,53.360191,61.691700,60.288689,22.584446,173.727600,82.394493,97.092285,11.235865,117.639999,55.867920,72.972321
2016-04-01,24.866211,48.698082,82.056702,45.343925,52.958038,62.606075,60.485588,22.655064,174.911011,82.321526,97.345558,11.041415,116.930000,55.794567,72.972321
2016-04-04,25.121675,48.575401,81.605812,45.168434,53.085712,62.366234,59.642761,22.656963,174.344604,82.403442,97.405182,10.889236,116.150002,55.714554,72.972321
2016-04-05,24.825512,47.812988,81.876328,44.527519,52.479267,62.328754,59.264690,22.204668,172.603256,82.515198,98.470383,10.863873,117.660004,55.347878,72.988350
2016-04-06,25.085508,48.303738,82.229538,44.870884,53.181473,62.815945,59.248966,22.273373,174.488327,82.500305,97.755318,10.982233,116.940002,55.481209,72.988350
2016-04-07,24.538401,47.725357,82.116844,43.734032,52.581402,62.388733,58.421890,22.174133,172.400452,82.679070,98.962021,10.948418,118.610001,55.134541,72.972321
2016-04-08,24.565525,47.690292,81.989075,44.054489,53.117626,62.358738,58.563683,22.292459,172.865341,82.597130,98.336296,11.210503,118.430000,55.441212,72.988350
2016-04-11,24.646915,47.593914,81.891357,44.405460,53.187832,62.006485,58.784206,22.181770,172.459656,82.656731,98.209663,11.295047,120.029999,55.327892,72.972321
2016-04-12,24.967947,47.891865,82.364845,45.229465,53.845333,62.081432,59.942078,22.338261,174.065674,82.522667,97.531815,11.540222,120.050003,55.727901,72.972321
2016-04-13,25.329668,48.505291,82.567734,47.144569,54.151764,61.804108,62.328739,22.229481,175.823914,82.559875,97.874428,11.599403,118.769997,55.481209,72.988350
2016-04-14,25.343233,48.514053,82.545158,47.754921,54.534775,61.970341,62.265739,22.166500,175.832336,82.418320,97.405182,11.506406,117.110001,55.174561,72.988350
2016-04-15,24.834560,48.768188,82.800705,47.205589,54.241135,62.189491,62.360245,22.410776,175.637970,82.649269,98.239494,11.464134,117.919998,55.587879,72.972321
2016-04-18,24.298759,49.478016,83.364334,47.510769,54.758198,62.589981,62.423271,22.475668,176.872116,82.641846,97.814903,11.514860,117.739998,55.854572,72.988350
2016-04-19,24.169891,49.416668,84.679459,48.311924,55.032703,62.930019,63.321217,22.538647,177.430038,82.634384,97.509460,11.760037,119.580002,55.881248,72.988350
2016-04-20,24.219633,48.715603,85.355804,49.013855,55.409336,61.622761,62.809258,22.044359,177.599106,82.433250,96.436752,11.988305,118.970001,54.934547,72.988350
2016-04-21,23.957384,48.882114,85.348282,48.525551,55.402950,61.056030,62.562668,21.548166,176.643860,82.321526,95.863190,11.937578,119.419998,53.954521,72.972321
2016-04-22,23.891821,45.376778,85.160408,48.807850,55.875332,61.169365,62.292252,21.840155,176.643860,82.328941,95.617393,11.886853,117.889999,54.541206,72.988350
2016-04-25,23.756174,45.665958,85.303223,48.525551,55.747665,61.516964,61.075359,21.845881,176.339554,82.239601,95.222557,11.878398,118.230003,54.994534,72.972321
2016-04-26,23.591137,45.078812,84.852310,48.777336,55.939156,60.111462,61.759377,22.046270,176.601593,82.202347,94.790504,12.030577,118.699997,55.207882,72.988350
2016-04-27,22.114855,44.640640,84.747101,48.914669,56.468994,60.368404,62.578575,22.307730,176.965103,82.448143,95.736549,12.140484,119.040001,55.174561,72.988350
2016-04-28,21.438879,43.729248,84.529152,48.525551,56.194511,60.270168,61.838898,22.227570,175.358978,82.612030,96.131393,12.208118,121.290001,55.061218,72.988350
2016-04-29,21.192459,43.702961,84.228554,48.220348,56.430683,60.542183,61.815041,22.439411,174.412262,82.604645,96.377167,12.326481,123.650002,54.554527,73.004303
2016-05-02,21.169857,44.351448,84.732063,48.670521,56.896694,61.184483,61.910492,22.531017,175.798569,82.548592,95.406868,12.157392,123.239998,55.401234,72.988350
2016-05-03,21.518007,43.624092,84.686958,47.732048,56.245575,61.282681,60.733364,22.599716,174.268570,82.697891,96.608551,11.971396,122.959999,55.487907,73.004303
2016-05-04,21.294197,43.702961,84.333778,46.976696,56.137054,61.660542,59.047192,22.798197,173.296463,82.735229,97.138542,11.979851,122.209999,56.281258,72.988350
2016-05-05,21.207762,43.764305,84.829750,46.724918,56.200882,61.433846,57.893940,22.681780,173.262604,82.944130,97.787918,11.861489,122.070000,56.441246,72.988350
2016-05-06,21.089489,44.158657,84.724533,46.999588,56.500912,62.061024,58.347298,22.613070,173.896667,82.817299,97.369888,11.937578,123.180000,57.061253,73.004303
2016-05-09,21.105408,43.878239,85.461021,46.702015,56.539223,62.053486,56.295277,22.689417,174.040314,82.869514,97.675980,11.675493,120.650002,57.687939,73.004303
2016-05-10,21.248701,44.710754,86.174965,47.335304,57.445694,62.325474,57.671227,22.824913,176.204285,82.906860,97.683380,11.962942,120.980003,57.681274,73.004303
2016-05-11,21.041723,44.737053,85.949501,47.159817,57.168880,62.076122,57.607609,22.842083,174.555984,82.906860,98.235741,12.241937,122.120003,56.447918,72.972321
2016-05-12,20.548145,45.140148,85.844284,47.129295,57.722481,62.272644,57.026981,23.120718,174.606720,82.832199,97.787918,12.258844,121.160004,56.774582,72.972321
2016-05-13,20.589092,44.763336,85.340767,46.694386,57.072311,61.380962,55.730564,23.046293,173.085083,82.988922,98.735847,12.241937,121.709999,56.267910,72.972321
2016-05-16,21.353333,45.420586,86.002098,47.045368,57.658096,61.683193,56.231625,23.183699,174.792587,82.847115,97.884949,12.377207,121.800003,56.801254,72.972321
2016-05-17,21.264629,44.573410,85.543709,47.045368,57.632355,60.920017,56.510025,22.859270,173.161224,82.735229,98.049141,12.470204,122.220001,55.747910,72.972321
2016-05-18,21.508001,44.838161,85.363312,48.861259,57.516483,60.338161,56.144146,22.523382,173.211884,82.391914,96.653328,12.377207,120.099998,54.874546,72.988350
2016-05-19,21.426121,44.405750,84.807198,48.365307,58.005733,60.595093,55.221546,22.597811,172.611755,82.444122,97.071388,12.343390,119.870003,54.261215,72.972321
2016-05-20,21.658117,44.670483,85.253784,48.456882,57.767532,60.466629,55.571499,22.773386,173.702225,82.496391,97.145973,12.394115,119.709999,54.694538,72.988350
2016-05-23,21.933336,44.149826,84.890465,48.418728,57.677425,60.602638,55.993053,22.517651,173.465561,82.481430,97.362473,12.326481,119.370003,54.701210,73.004303
2016-05-24,22.267696,45.526489,85.291603,49.242744,57.722481,61.184483,56.541813,22.880255,175.714005,82.436684,96.929550,12.326481,117.300003,55.381226,72.972321
2016-05-25,22.658918,45.994186,85.791145,49.990467,58.102264,61.569866,57.718964,22.729492,176.905869,82.451630,96.563766,12.470204,116.980003,55.381226,72.988350
2016-05-26,22.838608,45.791218,85.450531,49.616608,57.806171,61.373386,57.329235,23.035162,176.956619,82.578461,97.063858,12.461750,116.580002,55.487907,72.988350
2016-05-27,22.824951,46.170685,85.571655,49.921814,57.941353,61.532085,57.233776,23.039005,177.717438,82.563576,96.922066,12.512477,115.620003,55.787895,73.004303
2016-05-31,22.713503,46.770756,85.291603,49.799728,57.304070,61.237381,57.671227,23.092840,177.379288,82.615807,97.153481,12.436387,116.059998,55.781235,73.004303
2016-06-01,22.395065,46.638390,85.359726,50.120174,57.445694,61.804123,57.480339,23.098606,177.742798,82.569443,97.547592,12.563202,115.940002,55.827892,73.004303
2016-06-02,22.226753,46.311871,86.653954,50.211731,56.988613,61.925030,58.554062,23.033243,178.283722,82.778801,98.250656,12.588566,115.669998,56.114586,72.988350
2016-06-03,22.272242,45.702976,86.858345,49.319046,56.885643,62.317936,59.683510,23.415819,177.751266,83.227470,99.649345,12.673110,118.879997,56.341244,73.004303
2016-06-06,22.433727,46.002998,87.622757,49.807358,57.510052,62.544636,60.781086,23.406202,178.655685,83.115295,98.908890,12.825288,118.919998,55.907906,73.020287
2016-06-07,22.524717,45.976540,87.592522,49.639500,58.391922,62.204590,61.091259,23.283165,178.934677,83.190056,99.148232,12.952104,118.820000,56.247910,73.020287
2016-06-08,22.504248,45.923599,87.645454,49.784458,58.443424,62.453964,62.125252,23.631134,179.517899,83.219978,99.679291,13.171918,120.580002,56.607906,73.020287
2016-06-09,22.665739,45.552948,88.553703,49.402966,58.366192,62.846882,61.369633,23.834921,179.272751,83.279854,100.322548,13.146555,121.250000,56.734596,72.988350
2016-06-10,22.479227,45.429413,88.561272,48.708664,57.922047,62.869564,60.470905,23.806086,177.573730,83.391937,100.808662,12.985921,121.739998,56.467896,72.988350
2016-06-13,22.140324,44.246899,88.394768,48.273758,58.314705,62.393517,59.834610,23.759937,176.204285,83.459290,101.257500,12.985921,122.639999,56.481236,72.988350
2016-06-14,22.167608,43.973347,88.644554,47.365826,58.211700,62.982906,59.540329,24.027163,175.857758,83.421928,101.182632,12.901378,122.769997,56.334583,72.988350
2016-06-15,22.094830,43.849804,88.107155,47.281895,58.037891,62.680645,59.707329,23.807999,175.612640,83.601311,101.571564,12.833744,123.680000,56.867916,72.988350
2016-06-16,22.188095,44.467522,88.281235,47.472633,58.720268,63.028252,59.643711,24.002172,176.136703,83.653717,102.065292,12.613929,122.379997,57.187927,73.004303
2016-06-17,21.683138,44.238083,87.403267,47.518402,58.398384,62.816677,60.391346,24.050234,175.480698,83.593872,101.429428,12.909832,123.949997,57.094585,72.988350
2016-06-20,21.630833,44.185135,88.205566,47.587082,58.655872,62.748657,60.789036,23.884899,176.610855,83.362053,100.344955,13.028193,123.209999,57.174599,73.004303
2016-06-21,21.815063,45.173489,87.933098,48.029606,58.919807,63.028252,60.836750,23.890673,177.112152,83.302231,99.881218,12.926741,120.839996,57.392525,73.004303
2016-06-22,21.733177,44.996998,88.144997,47.846500,58.688061,63.149147,60.789036,23.769552,176.823257,83.354591,100.045738,12.850652,120.900002,57.305107,73.004303
2016-06-23,21.858280,45.808876,88.841339,48.868881,59.093605,63.632767,62.212715,23.802235,179.125946,83.212486,98.901413,12.952104,120.110001,57.594372,73.004303
2016-06-24,21.244150,43.973347,87.516823,45.473640,57.542233,62.159283,58.084824,23.800316,172.693680,83.661163,101.556618,12.690019,126.000000,57.083122,72.988350
2016-06-27,20.934820,42.737888,88.213142,43.955296,57.201054,61.380962,56.772472,24.584686,169.600754,83.997673,104.092201,12.664656,126.680000,57.123466,72.988350
2016-06-28,21.287373,43.629162,89.484680,45.412575,58.520699,62.310387,57.679173,24.696192,172.659683,84.102371,104.309097,12.867561,125.320000,58.327564,72.988350
2016-06-29,21.471611,44.599899,90.317207,46.694386,59.518463,63.406055,59.039261,24.559689,175.599640,84.042534,103.508759,13.053556,125.839996,59.033878,72.988350
2016-06-30,21.744555,45.155838,91.808243,47.411591,60.342430,63.980350,60.295918,25.069147,177.995819,84.214523,103.890182,12.977468,126.470001,59.645996,72.988350
2016-07-01,21.810511,45.147011,91.800705,47.104019,60.406792,64.063469,60.804951,24.940346,178.369675,84.395805,105.332680,13.138101,128.410004,59.666191,73.020287
2016-07-05,21.605806,45.155838,92.542404,45.789177,59.878944,64.562218,59.158543,25.159506,177.086655,84.620605,106.651558,12.766109,129.470001,60.325386,73.020287
2016-07-06,21.728636,45.341160,92.822464,46.281284,60.567734,64.252396,59.516457,25.163351,178.148758,84.777908,106.823814,12.816833,130.229996,60.063057,73.004303
2016-07-07,21.821892,45.341160,92.724068,46.581169,59.840321,64.101265,59.691456,24.671196,178.038345,84.717957,106.816383,12.453296,129.740005,59.444206,73.020287
2016-07-08,21.990204,46.153027,92.981392,47.542313,60.213684,64.811562,61.536671,24.978790,180.689377,84.845314,107.603195,12.580112,130.520004,60.406120,73.004303
2016-07-11,22.058439,46.408951,93.041954,47.880630,60.438999,64.796463,61.878666,24.932652,181.326675,84.620605,106.659012,12.529386,129.289993,60.809719,73.020287
2016-07-12,22.158518,46.956078,93.034386,48.595734,61.121326,64.796463,63.469387,24.478952,182.643723,84.365822,104.905617,12.766109,127.150002,60.802994,72.988350
2016-07-13,22.033424,47.220829,93.094948,48.564987,61.076267,64.902245,63.381889,24.640434,182.618195,84.485733,106.141960,12.605475,128.320007,61.139347,73.004303
2016-07-14,22.470125,47.423794,93.231171,49.303139,61.121326,64.887138,63.676163,24.461653,183.637817,84.410805,104.598312,12.656200,127.330002,60.594479,73.020287
2016-07-15,22.467855,47.388485,93.094948,49.349277,61.230766,64.992935,64.185204,24.527016,183.391373,84.103630,103.699158,12.622384,126.839996,60.614643,73.004303
2016-07-18,22.706676,47.617928,93.200912,49.180115,61.037636,64.932472,64.096886,24.655817,183.884277,84.118652,103.601761,12.563202,127.040001,60.776089,73.004303
2016-07-19,22.715778,46.850170,94.797874,49.103218,60.812359,65.113815,64.032623,24.625055,183.697327,84.290947,104.186203,12.487115,127.209999,61.072083,73.020287
2016-07-20,22.736242,49.338734,94.714630,49.157043,60.464722,64.976746,63.992477,24.455887,184.462067,84.216057,103.616768,12.402569,125.389999,61.078789,73.020287
2016-07-21,22.615698,49.241653,94.722206,48.972500,60.413235,64.931030,64.249458,24.657738,183.765335,84.290947,103.826607,12.334934,127.300003,61.199867,73.020287
2016-07-22,22.440559,49.921165,94.631371,49.241615,60.516228,65.281357,63.743519,24.955723,184.589539,84.305931,104.006386,12.309571,126.349998,61.738026,73.020287
2016-07-25,22.140324,50.062359,94.525421,49.110912,59.351093,65.342316,63.189465,24.894201,184.088150,84.208534,103.931427,12.174301,125.470001,61.623661,73.004303
2016-07-26,21.987926,50.088837,94.722206,49.310829,58.919807,64.938683,66.449707,24.690414,184.173187,84.208534,104.096321,12.123575,126.000000,61.320930,73.004303
2016-07-27,23.416338,49.585831,94.434570,49.464607,58.520699,64.321800,67.533806,24.448183,183.977783,84.455788,105.392647,12.005215,128.029999,60.843349,73.020287
2016-07-28,23.732494,49.603481,94.199966,49.287754,58.063648,64.588333,66.586220,24.496250,184.190201,84.448303,105.197792,11.971396,127.660004,61.408421,73.004303
2016-07-29,23.702929,50.018246,94.782753,49.187794,57.258984,65.182388,66.457710,24.663506,184.487564,84.673004,106.074547,12.072848,128.979996,62.188713,73.020287
2016-08-01,24.121439,49.929993,94.911415,49.057079,55.269917,65.806847,65.807259,24.703878,184.334641,84.475639,104.924500,11.861489,129.220001,62.323242,73.004303
2016-08-02,23.764339,49.929993,94.495140,48.941757,56.029488,66.073418,65.237160,24.536617,183.153549,84.227943,103.843445,11.844580,130.270004,61.327671,73.020287
2016-08-03,24.062304,50.274166,93.776123,49.718369,56.319145,65.471748,65.871521,24.625055,183.688858,84.318047,103.903503,12.039032,129.649994,60.971169,73.004303
2016-08-04,24.210945,50.644787,93.745842,49.641445,56.312737,65.532684,65.662743,24.502014,183.884277,84.475639,104.684174,12.089758,129.869995,60.722286,73.004303
2016-08-05,24.579134,51.147793,94.033455,50.979378,56.364208,65.327080,66.297134,24.221333,185.388229,84.190414,103.595703,12.140484,127.550003,60.762646,73.004303
2016-08-08,24.782656,51.236042,93.586914,50.825588,57.027267,65.311859,67.003769,24.221333,185.277802,84.242943,103.790977,12.208118,127.440002,60.870258,73.004303
2016-08-09,24.883287,51.359589,93.420387,50.648762,57.098076,65.486984,66.513947,24.236719,185.388229,84.460625,104.811844,12.174301,127.959999,61.199867,73.004303
2016-08-10,24.698048,51.200733,93.367378,50.195087,56.098286,65.730698,66.369392,24.294386,184.929428,84.558182,105.217270,12.030577,128.559998,61.132591,73.004303
2016-08-11,24.682039,51.447826,93.677734,50.333492,56.299526,66.050545,66.843185,24.419357,185.787598,84.333054,104.278870,12.216573,127.669998,60.439758,73.004303
2016-08-12,24.739210,51.130154,93.261452,50.225842,57.033138,66.286652,66.650444,24.375139,185.626175,84.535698,105.157196,12.309571,127.400002,60.695358,73.004303
2016-08-15,25.036503,51.288990,92.572693,50.533409,57.007160,66.271393,67.573936,24.092529,186.161484,84.385605,104.166267,12.512477,127.839996,60.634823,73.004303
2016-08-16,25.013628,51.004848,91.074066,50.525719,57.078594,65.936333,67.686378,23.836840,185.201340,84.333054,103.888489,12.613929,128.470001,59.908348,73.004303
2016-08-17,24.977049,51.111408,91.815804,50.664131,57.201950,66.225723,67.782730,24.184807,185.549667,84.490654,104.511589,12.664656,128.500000,60.150513,73.004303
2016-08-18,24.945030,51.146923,91.369270,50.710270,57.721321,66.591263,66.955589,24.407814,185.966064,84.610748,104.676720,12.825288,129.110001,59.928516,73.020287
2016-08-19,25.009058,51.164677,91.369270,50.641052,57.000690,66.492271,67.324982,24.046392,185.694122,84.423141,104.128746,12.783016,127.970001,59.545097,73.004303
2016-08-22,24.814676,51.209064,90.767372,50.594929,57.124031,66.141930,67.124252,24.038698,185.685669,84.550697,105.007004,12.664656,127.779999,59.867989,73.004303
2016-08-23,24.892431,51.404423,91.003548,50.571850,56.948769,66.560822,67.461487,23.890673,186.059479,84.573235,105.119652,12.715381,127.760002,59.901608,73.004303
2016-08-24,24.704903,51.457703,90.447350,50.710270,57.143528,66.492271,66.770927,23.867599,185.107880,84.543167,104.871880,12.563202,126.339996,59.639267,73.020287
2016-08-25,24.599712,51.653049,90.340691,50.802532,56.779957,66.941582,66.521965,23.936811,184.980423,84.453117,104.474083,12.613929,126.230003,59.908348,73.004303
2016-08-26,24.455647,51.528744,90.698784,50.917873,56.656620,66.697884,66.377441,23.545738,184.632004,84.318047,103.865997,12.571655,126.050003,59.316399,73.004303
2016-08-29,24.428196,51.590916,91.369270,51.479179,57.026649,67.246193,66.730759,23.685131,185.541214,84.550697,105.254761,12.520930,126.300003,59.901608,73.020287
2016-08-30,24.240681,51.404423,91.026405,51.902084,56.818905,66.667419,66.232887,23.468296,185.235321,84.505707,104.849342,12.402569,125.029999,59.787262,73.020287
2016-08-31,24.263542,51.022606,90.927368,51.902084,56.572212,66.492271,65.807259,23.414093,184.708481,84.490654,104.999504,12.165847,124.779999,59.847809,73.020287
2016-09-01,24.407616,51.138039,90.729248,51.679104,56.377434,67.253815,65.405769,23.425705,184.717026,84.564362,105.115402,12.030577,125.290001,59.699791,73.020287
2016-09-02,24.636299,51.209064,90.912125,51.894379,56.753994,67.170052,65.598518,23.838074,185.549667,84.451561,104.258018,12.165847,126.570000,60.217762,73.036247
2016-09-06,24.629446,51.155792,91.239746,51.855949,57.500599,67.505150,65.911697,24.256247,186.110489,84.632027,105.017563,12.250392,128.710007,60.681904,73.036247
2016-09-07,24.780376,51.200195,91.133064,51.640659,57.286339,66.979683,67.228630,24.211721,186.093536,84.677101,104.942390,12.360298,128.270004,61.045162,73.020287
2016-09-08,24.130907,50.995960,91.026405,51.709858,57.812195,66.850182,67.084091,24.273676,185.668671,84.383858,103.626282,12.580112,127.589996,60.298496,73.020287
2016-09-09,23.584347,49.912643,90.081642,51.248516,56.377434,65.677399,64.875793,23.398598,181.224655,84.015404,101.919090,12.385661,126.750000,57.910496,73.036247
2016-09-12,24.112617,50.658535,90.790230,51.563763,56.669575,67.208145,65.783211,23.869051,183.824783,84.083107,101.971718,12.385661,126.589996,58.596615,73.004303
2016-09-13,24.686613,50.196789,89.609238,51.156227,55.319237,66.294258,64.426109,23.530243,181.182144,83.850021,100.813553,12.225028,125.750000,57.125465,73.020287
2016-09-14,25.560192,49.957043,89.799721,51.056274,54.923222,66.263794,65.060501,23.638668,181.114288,83.955261,100.964020,12.132030,126.180000,57.308350,73.020287
2016-09-15,26.429195,50.782848,90.386406,51.240795,55.234840,67.063446,65.871521,23.760632,182.924133,84.007896,100.527756,12.191210,125.370003,57.525085,73.020287
2016-09-16,26.280560,50.836132,90.096848,50.610310,54.553162,67.055817,65.887596,23.874859,182.216980,84.068100,101.340034,12.208118,125.059998,57.552197,73.020287
2016-09-19,25.974113,50.551987,89.647339,50.894794,54.423321,67.299507,65.751099,24.149763,182.251160,84.000374,101.009094,12.199664,125.320000,58.073742,73.020287
2016-09-20,25.971828,50.445419,89.868301,51.102406,53.585846,67.459457,65.606537,24.213661,182.259674,84.030457,101.362541,12.241937,125.440002,57.985699,73.020287
2016-09-21,25.967249,51.288994,90.599716,51.394592,54.079247,66.865440,67.027885,24.749931,184.309311,84.240974,102.182320,12.394115,127.269997,58.730743,73.020287
2016-09-22,26.211950,51.342266,91.018776,51.817513,54.235065,67.771690,67.051964,24.786720,185.470688,84.413940,102.994499,12.461750,127.570000,59.780613,73.036247
2016-09-23,25.775158,50.995960,90.523537,51.709858,54.176624,66.834984,66.200768,24.538912,184.454498,84.391365,102.896812,12.318026,127.650002,59.963459,73.036247
2016-09-26,25.814035,50.525333,89.738777,50.579548,53.923420,66.903488,66.144569,24.438232,182.959991,84.496696,103.551064,12.402569,127.550003,60.105709,73.036247
2016-09-27,25.862061,51.457703,90.835945,51.025524,54.040268,67.291908,66.554108,24.546654,184.095795,84.601952,104.310623,12.284208,126.620003,59.469017,73.020287
2016-09-28,26.058723,51.528744,90.965462,51.294628,56.416389,68.129639,69.533287,24.486631,185.009537,84.624489,104.084953,12.571655,126.220001,59.956696,73.020287
2016-09-29,25.653957,50.969326,89.350197,50.479576,56.130737,67.192917,70.239967,23.948423,183.335724,84.624489,104.348228,12.647746,126.070000,59.157429,73.020287
2016-09-30,25.852905,51.146923,90.005424,51.202381,56.663094,68.350479,71.283875,23.681257,184.719223,84.534256,103.415718,12.690019,125.639999,58.751064,73.036247
2016-10-03,25.731710,50.987083,90.523537,51.140858,56.513786,67.520393,70.890404,23.450872,184.275116,84.438591,103.074425,12.799925,125.320000,57.653793,73.020287
2016-10-04,25.841473,50.827244,90.531151,51.582333,55.994408,67.284302,70.272064,23.019133,183.335724,84.152328,101.868973,12.766109,120.970001,56.868095,73.036247
2016-10-05,25.852905,51.182415,90.805458,52.426544,56.481308,67.665070,71.805832,22.949446,184.147049,84.039322,101.394310,12.842196,120.779999,55.716656,73.036247
2016-10-06,26.045008,51.271229,90.477829,52.565952,56.507267,67.946854,71.701424,22.850712,184.275116,84.039322,100.829224,12.867561,119.660004,55.736961,73.036247
2016-10-07,26.083879,51.324512,90.851151,52.751831,56.312519,68.540863,71.042992,23.568972,183.643158,84.054420,100.897003,12.833744,119.739998,55.642143,73.036247
2016-10-10,26.538965,51.537617,91.277817,53.162319,57.416183,67.824989,70.842209,23.770315,184.599670,84.016747,100.301857,12.977468,120.160004,55.987560,73.036247
2016-10-11,26.596140,50.782848,89.632118,52.906719,56.961739,67.428986,70.239967,23.454741,182.268265,83.888664,100.075813,12.901378,119.550003,55.445724,73.020287
2016-10-12,26.833969,50.711815,89.883537,52.767323,56.565720,67.451851,70.328293,23.809032,182.507370,83.918816,100.173752,12.808380,119.739998,56.082424,73.036247
2016-10-13,26.751648,50.543095,90.104492,52.465271,56.195644,67.200508,69.838440,24.128479,181.909531,84.039322,100.550484,12.892923,120.029999,56.522663,73.020287
2016-10-14,26.900288,50.987083,89.571129,52.294888,56.182678,67.345207,70.400543,24.012312,182.003494,83.896172,99.141602,12.901378,119.360001,56.272060,73.020287
2016-10-17,26.881996,50.809490,90.279716,52.023792,56.182678,66.888283,70.095406,24.018116,181.371567,84.039322,99.774445,12.918286,119.680000,56.393970,73.020287
2016-10-18,26.863703,51.200195,87.933037,52.434288,56.332008,66.598869,70.039185,24.221405,182.507370,84.174896,100.098434,12.943650,120.419998,56.752945,73.020287
2016-10-19,26.783667,51.084759,87.308235,52.937729,56.591679,65.647240,70.665550,24.118793,182.994171,84.220108,100.181320,13.028193,121.110001,56.874859,73.036247
2016-10-20,26.769943,50.836132,87.521591,52.868004,56.617657,65.179108,70.179482,24.031672,182.652466,84.190010,100.286774,12.909832,120.739998,56.746185,73.020287
2016-10-21,26.664742,52.976124,86.432045,53.046143,56.234612,64.718651,69.936440,23.950356,182.737946,84.242737,100.437431,12.960557,120.830002,56.536224,73.020287
2016-10-24,26.904863,54.165993,86.561562,53.340458,56.422897,64.542137,69.661003,24.080076,183.515106,84.114632,100.000519,12.969013,120.559998,56.664906,73.020287
2016-10-25,27.042074,54.157124,86.828232,53.286251,56.299526,66.744690,68.437752,24.300776,182.900208,84.114632,100.264168,12.909832,121.470001,56.563286,73.020287
2016-10-26,26.433773,53.837456,87.285362,53.541817,56.539757,67.074730,68.154213,24.432426,182.533005,83.948952,99.586090,12.825288,120.790001,55.825008,73.036247
2016-10-27,26.179928,53.366837,88.153969,53.619282,56.429379,66.445412,67.246918,24.223339,182.046204,83.737984,98.501152,12.901378,121.010002,54.361996,73.020287
2016-10-28,26.006134,53.162594,87.872070,53.526348,55.040058,66.644905,67.951698,24.341434,181.508163,83.737984,98.282669,12.816833,121.580002,54.490704,73.036247
2016-10-31,25.964972,53.206997,88.374924,53.642517,54.092239,66.614243,67.611435,24.780907,181.516769,83.843452,98.885414,12.647746,121.940002,55.377995,73.052231
2016-11-01,25.496170,53.100437,87.879669,53.417919,54.306461,66.652618,66.623108,24.372414,180.201599,83.798187,98.892944,12.706926,122.730003,54.172363,73.036247
2016-11-02,25.519028,52.771896,87.513985,53.193302,54.176624,66.568184,65.707710,23.944557,179.117020,83.896294,99.323242,12.554749,123.639999,53.379879,73.052231
2016-11-03,25.245497,52.576550,87.643478,52.960934,54.312965,66.460739,65.837318,23.975527,178.297150,83.783104,98.560829,12.512477,124.300003,52.966717,73.036247
2016-11-04,25.017931,52.132545,87.704445,52.480751,54.254539,65.294235,66.679825,23.847755,178.100739,83.956665,99.444031,12.427933,124.389999,53.386662,73.052231
2016-11-07,25.378819,53.650982,88.885422,54.122719,55.475052,66.430046,67.846390,24.134277,182.029114,83.858574,98.598579,12.478660,122.150002,54.321358,73.036247
2016-11-08,25.528221,53.695385,89.182579,54.238884,55.874584,67.120750,68.599785,24.233015,182.848984,83.722717,98.198517,12.461750,121.639999,54.605850,73.052231
2016-11-09,25.486845,53.428997,91.666405,56.732819,56.490253,65.946548,73.881668,22.746164,184.787552,82.945351,94.031723,12.520930,121.559998,53.779499,73.020287
2016-11-10,24.776587,52.123672,91.079735,59.366146,57.014202,63.667244,75.704407,22.275715,185.248672,82.605721,92.642815,12.419479,119.750000,52.878670,73.020287
2016-11-11,24.923693,52.407837,90.264473,59.397129,56.110348,64.143059,75.347977,21.981438,184.821686,82.454742,92.122017,12.182755,117.099998,53.197006,72.988350
2016-11-14,24.298471,51.608662,88.839691,61.581230,55.854916,63.697941,76.287689,22.155684,184.966858,82.122704,91.570923,12.157392,116.110001,54.456833,73.020287
2016-11-15,24.620277,52.627777,88.626366,61.465057,56.863560,64.173767,76.506432,22.269905,186.410095,82.183029,92.023857,12.427933,117.120003,54.003017,73.036247
2016-11-16,25.282276,53.325073,88.656845,59.947021,56.162743,63.843758,75.623390,22.126640,186.059982,82.364204,92.854187,12.275755,116.769997,53.847240,73.036247
2016-11-17,25.273083,54.210102,88.816841,60.427219,55.822170,63.751637,75.161629,22.221500,187.016403,82.054764,91.487854,12.301118,116.169998,53.298607,73.052231
2016-11-18,25.298365,53.950848,88.502274,60.187126,55.854916,62.930481,74.805206,22.087919,186.597992,81.790573,91.223679,12.402569,115.150002,53.454380,73.036247
2016-11-21,25.682230,54.406773,88.226097,60.450447,56.647404,63.421680,75.258835,22.138258,188.007111,81.858490,91.450142,12.749199,115.580002,53.291843,73.020287
2016-11-22,25.698324,54.639202,86.492271,60.822216,56.771870,63.513760,75.842148,22.206539,188.374313,81.933968,91.419945,12.732291,115.540001,54.226528,73.020287
2016-11-23,25.567303,53.995552,86.745453,61.077827,56.929054,63.452351,77.916023,22.126554,188.476837,81.647202,91.065155,12.783016,113.250000,53.996246,73.020287
2016-11-25,25.696020,54.111744,87.558662,61.054596,57.060051,64.050972,77.616257,22.387960,189.177109,81.639641,91.201042,12.690019,112.610001,54.307827,73.036247
2016-11-28,25.645454,54.183277,86.791473,60.659580,56.634319,63.751637,76.879082,22.688400,188.288910,81.926460,91.872894,12.732291,113.800003,54.558434,73.020287
2016-11-29,25.620169,54.612392,86.292816,61.124290,56.260994,63.613510,76.182381,22.877634,188.656113,82.017006,92.257851,12.478660,113.269997,55.079960,73.020287
2016-11-30,25.404095,53.870392,85.387550,62.092430,57.177940,63.283524,77.413719,22.284563,188.203522,81.692528,90.763199,12.859107,111.750000,54.450058,73.020287
2016-12-01,25.167345,52.922771,85.448898,63.347115,57.138638,62.823029,77.964622,22.034864,187.511795,81.423248,89.804901,13.095829,111.540001,53.650799,73.053871
2016-12-02,25.261591,52.967487,85.893860,63.199978,57.007660,63.237484,77.073471,22.319687,187.605698,81.680351,90.462936,13.188828,112.139999,54.185917,73.037819
2016-12-05,25.079996,53.834648,85.878540,64.485664,57.295845,63.690258,76.514496,22.434790,188.732971,81.748459,90.364594,13.256463,111.540001,54.585529,73.037819
2016-12-06,25.273083,53.593266,85.970589,64.818687,57.348217,63.628868,77.138306,22.386015,189.330780,81.733299,90.296532,13.197281,111.430000,54.937721,73.053871
2016-12-07,25.521326,54.862698,85.234077,65.113022,57.682255,64.603523,78.847626,22.957617,191.807358,81.945045,91.068062,13.095829,111.830002,56.034985,73.053871
2016-12-08,25.771885,54.540871,85.149704,65.926254,57.845997,64.081673,77.988922,22.799599,192.277069,81.793762,89.994011,13.121192,111.570000,56.421074,73.053871
2016-12-09,26.192518,55.399075,86.124046,66.212791,58.291378,64.749344,77.389412,22.725462,193.438492,81.544243,88.874519,13.188828,110.400002,56.360115,73.053871
2016-12-12,26.043108,55.577869,88.502274,65.624191,59.588203,65.332558,77.024864,22.912743,193.216492,81.468643,89.040924,13.273370,110.820000,56.732647,73.037819
2016-12-13,26.477545,56.301975,88.908905,65.647423,60.636116,65.370987,77.786392,23.219030,194.506012,81.574516,89.358627,13.307187,110.449997,56.705540,73.053871
2016-12-14,26.477545,56.033798,88.218430,65.624191,59.326199,64.749344,75.939339,22.635723,192.900497,81.128395,88.360222,13.180372,108.830002,55.466034,73.053871
2016-12-15,26.622351,55.944397,88.908905,66.607803,59.529247,64.987244,76.579330,22.830805,193.694702,81.030075,88.806458,13.163465,107.339996,55.140934,73.053871
2016-12-16,26.656836,55.694077,88.901245,65.786819,59.719173,64.987244,74.999626,23.195610,193.315872,81.083031,88.602295,13.222646,108.050003,55.967266,73.037819
2016-12-19,26.810844,56.874119,89.008614,66.166328,59.221405,65.010269,75.104919,23.258041,193.736786,81.294731,89.555298,13.146555,108.589996,56.570057,73.053871
2016-12-20,26.882097,56.802601,88.732437,67.018280,59.227970,64.902817,76.425385,23.273657,194.484131,81.219116,89.109070,13.205735,107.790001,56.698772,73.037819
2016-12-21,26.907387,56.802601,88.463928,67.188690,59.129742,64.680260,76.004173,23.137096,193.942963,81.392990,89.502365,13.129645,107.849998,55.838573,73.053871
2016-12-22,26.730396,56.811539,88.563675,67.297119,59.516151,64.826073,76.247185,23.195610,193.607941,81.392281,89.342339,13.112739,107.589996,55.745205,73.037819
2016-12-23,26.783255,56.534412,88.962616,67.421036,59.411354,65.202133,76.409187,23.259996,193.891418,81.414986,89.524361,13.138101,107.930000,55.890434,73.037819
2016-12-27,26.953358,56.570175,88.924232,67.482986,59.437553,64.925858,76.595528,23.263895,194.372498,81.354401,89.236153,13.341005,108.559998,56.007988,73.053871
2016-12-28,26.838425,56.310909,88.302834,66.995026,59.142818,64.519104,75.461372,23.146851,192.766052,81.483238,89.888336,13.349460,108.860001,55.669147,73.052231
2016-12-29,26.831526,56.230465,88.602020,66.522583,59.175571,64.733971,75.574791,23.445335,192.723129,81.733315,90.206863,13.366369,110.290001,56.360680,73.068222
2016-12-30,26.622351,55.551037,88.387215,66.832420,59.116627,64.526772,75.129234,23.304867,192.018692,81.900070,90.343384,13.391732,109.610001,57.072983,73.036232
2017-01-03,26.698210,55.944397,88.870529,67.560455,59.529247,64.618881,76.141869,23.160507,193.487671,81.983429,90.730125,13.231099,110.470001,57.259701,73.068222
2017-01-04,26.668322,55.694077,88.724785,67.685066,58.874275,64.849098,75.801605,23.228783,194.638748,82.006172,91.078972,13.332551,110.860001,58.096447,73.068222
2017-01-05,26.803942,55.694077,89.653069,67.062012,57.996639,65.278885,75.339890,23.215122,194.484131,82.347252,92.504700,13.400187,112.580002,58.283192,73.052231
2017-01-06,27.102762,56.176819,89.223434,67.069824,57.963898,65.255844,75.372261,23.146851,195.179947,82.074440,91.655319,13.383276,111.750000,58.290070,73.068222
2017-01-09,27.351004,55.998032,89.208138,67.116539,57.007660,64.772346,74.829475,23.088322,194.535721,82.210854,92.390945,13.180372,112.669998,57.764507,73.068222
2017-01-10,27.378597,55.980148,89.116051,67.311249,56.280659,64.073982,76.012260,23.133190,194.535721,82.188080,92.330292,13.121192,113.150002,57.273525,73.052231
2017-01-11,27.525705,56.489719,88.018982,67.817467,56.856983,64.273514,76.676552,23.295113,195.085480,82.286621,92.641190,13.264916,113.500000,56.920830,73.068222
2017-01-12,27.410770,55.971218,87.934601,67.163261,56.549156,64.342590,76.141869,23.312668,194.595840,82.316940,92.436432,13.459366,113.910004,57.211273,73.068222
2017-01-13,27.362503,56.051662,87.919228,67.521530,56.555717,64.473068,76.538811,23.224878,195.042557,82.172920,91.996590,13.434004,114.209999,57.128292,73.068222
2017-01-17,27.583168,55.899704,88.126389,65.068329,57.217239,65.393982,75.801605,23.453129,194.355316,82.453392,92.959740,13.425549,115.849998,57.570877,73.068222
2017-01-18,27.580870,55.872868,87.995956,65.372025,56.509884,65.695656,76.234543,23.416065,194.784805,82.097122,91.769104,13.307187,114.870003,57.667694,73.052231
2017-01-19,27.532604,55.694077,87.612358,64.873611,55.494686,65.517754,76.275398,23.269754,194.063232,81.884941,91.139671,13.264916,114.769997,57.079887,73.052231
2017-01-20,27.583168,56.087429,87.574013,65.161766,56.254440,67.644928,77.255569,23.265850,194.776230,81.915253,90.957642,13.417095,115.050003,57.494801,73.068222
2017-01-23,27.601564,56.284096,87.389877,65.192917,55.651894,67.265945,77.157562,23.172211,194.269363,82.142624,91.867676,13.417095,115.790001,57.978889,73.052231
2017-01-24,27.576271,56.784729,85.740440,65.979500,55.730495,67.962097,78.611526,23.178061,195.514999,82.013771,91.238243,13.450912,115.269997,57.992725,73.052231
2017-01-25,28.015308,56.927757,86.538322,66.999733,55.894230,67.420624,80.171654,23.219030,197.207291,81.793961,90.093117,13.366369,114.320000,57.612347,73.068222
2017-01-26,28.029099,57.455181,85.801811,67.560455,56.064510,66.987473,79.412018,23.166351,197.001099,81.847046,90.396469,13.425549,113.260002,57.501728,73.084213
2017-01-27,28.031397,58.805084,86.983292,67.700645,56.005573,67.080284,80.857788,23.677475,196.691833,81.915253,90.722580,13.315641,113.489998,56.941570,73.052231
2017-01-30,27.957840,58.223999,86.791473,66.999733,55.579842,67.103485,79.060760,23.888166,195.472076,81.877350,90.449547,13.239552,113.970001,56.554317,73.084213
2017-01-31,27.893482,57.794914,86.883537,65.909401,54.944534,67.760979,78.137764,24.135927,195.454849,82.074440,91.078972,13.315641,115.550003,56.962322,73.068222
2017-02-01,29.594446,56.838360,86.868202,66.158615,54.322311,67.552139,77.688499,23.921339,195.532196,81.958946,90.515831,13.459366,115.199997,56.277676,73.072983
2017-02-02,29.543877,56.471825,87.129044,65.878258,54.656342,67.884758,76.593948,24.085203,195.661041,82.004547,90.477829,13.459366,115.839996,56.948479,73.072983
2017-02-03,29.670290,56.927757,87.182732,67.895332,54.715294,67.614006,76.193687,24.231522,197.009720,82.027298,90.439804,13.450912,116.129997,57.259701,73.057022
2017-02-06,29.948431,56.892014,86.998611,67.576027,54.564651,67.606300,75.858803,24.163240,196.657455,82.262779,90.986992,13.366369,117.699997,57.162849,73.088997
2017-02-07,30.233463,56.704262,87.059990,67.537079,54.210964,68.078110,76.218193,24.254932,196.666138,82.346306,91.655838,13.307187,117.459999,56.962322,73.088997
2017-02-08,30.350677,56.623817,86.998611,66.945206,53.854057,68.325668,75.891479,24.639254,196.923843,82.581703,92.902222,13.357914,118.190002,57.411808,73.088997
2017-02-09,30.569996,57.267456,87.520302,67.910934,54.091991,68.588661,76.749138,24.317356,198.092072,82.384262,91.830643,13.425549,117.290001,57.550117,73.088997
2017-02-10,30.500732,57.213825,88.410240,67.755142,54.541451,68.047188,78.668671,24.477327,198.873749,82.369034,91.777412,13.569272,117.599998,57.958130,73.072983
2017-02-13,30.770836,57.857483,88.901245,68.650772,54.858692,68.310173,80.457558,24.580723,199.956161,82.247559,91.488609,13.417095,116.800003,57.978889,73.072983
2017-02-14,31.170231,58.073322,89.269501,69.748871,54.739727,67.962097,80.122643,24.580723,200.755035,82.065292,90.827423,13.434004,116.930000,57.674618,73.088997
2017-02-15,31.283339,58.037357,89.913918,70.551033,54.964470,70.483803,80.882294,24.442215,201.803101,81.936203,90.409401,13.450912,117.449997,57.480988,73.072983
2017-02-16,31.246407,58.028362,90.589043,70.504265,54.396030,70.228539,80.261497,24.617786,201.631256,82.110863,90.903419,13.366369,118.080002,57.819817,73.072983
2017-02-17,31.331831,58.118294,91.187431,70.270638,54.039150,70.460587,80.743439,24.748491,201.949112,82.293144,91.443008,13.341005,117.680000,57.930477,73.088997
2017-02-21,31.558058,58.001381,91.801178,70.878143,54.125050,70.909241,80.130814,25.021614,203.151764,82.285522,91.283417,13.324096,117.750000,58.670441,73.072983
2017-02-22,31.652721,57.884460,91.693779,70.917068,53.490536,70.731323,80.212517,25.056725,202.971313,82.338684,91.435448,13.256463,117.910004,58.476799,73.072983
2017-02-23,31.518814,58.118294,93.366219,70.971565,54.052349,70.491524,78.047882,25.199137,203.108780,82.475403,91.709007,13.298733,118.940002,58.781078,73.072983
2017-02-24,31.548830,58.118294,94.779488,70.348541,53.589676,70.429657,77.990738,25.744267,203.366531,82.779160,92.727448,13.273370,119.699997,59.057693,73.072983
2017-02-27,31.611143,57.767544,94.524658,70.426430,53.893711,70.305885,79.591713,25.529989,203.684402,82.627289,92.180222,13.239552,119.120003,59.368874,73.072983
2017-02-28,31.625017,57.542683,94.377892,70.574387,53.748310,70.445091,78.954605,25.752125,203.134537,82.604477,92.522224,13.290278,119.230003,58.960880,73.105003
2017-03-01,32.271400,58.406113,95.652130,72.895195,54.871937,70.901512,80.522903,25.439558,205.977936,82.216400,90.971863,13.349460,119.059998,58.781078,73.076195
2017-03-02,32.079800,57.569672,95.474503,71.758156,55.056988,70.321365,77.075867,25.740334,204.680878,82.064171,90.644432,13.138101,117.580002,58.462986,73.076195
2017-03-03,32.269096,57.785534,95.598068,72.272163,54.501793,70.004219,77.696648,25.712811,204.809692,82.125046,90.880531,13.205735,117.510002,58.234768,73.092209
2017-03-06,32.167526,57.803509,95.536293,71.586807,54.746338,69.903687,78.137764,25.681355,204.199768,82.087044,90.446526,13.188828,116.720001,57.971981,73.108192
2017-03-07,32.209084,57.920444,95.628975,71.189613,54.541451,69.841743,78.358284,25.683323,203.589874,81.980484,90.172340,13.129645,115.779999,57.695347,73.076195
2017-03-08,32.089031,58.451069,95.837494,71.033905,53.556625,69.725746,76.152855,25.445463,203.211899,81.782646,89.685005,12.833744,115.059998,56.630375,73.076195
2017-03-09,32.015144,58.217243,97.266144,71.314247,53.979630,69.880447,74.649895,25.309809,203.469620,81.531532,88.969223,12.723836,114.470001,55.779793,73.076195
2017-03-10,32.121342,58.397106,97.466949,71.088402,53.939991,70.445091,75.401360,25.567337,204.182556,81.653252,89.281471,12.605475,114.720001,55.606895,73.092209
2017-03-13,32.135201,58.199238,97.829895,71.150719,53.814388,70.630783,75.670944,25.645975,204.285675,81.516281,88.717926,12.588566,114.739998,55.745205,73.076195
2017-03-14,32.086720,57.929428,98.115616,71.267517,53.530190,70.390976,75.033806,25.667603,203.503967,81.546761,89.144341,12.537839,114.120003,55.731388,73.076195
2017-03-15,32.426090,58.235210,99.590660,71.438858,54.197750,70.700378,76.259056,25.929049,205.264908,82.018555,90.233269,12.647746,116.250000,56.858566,73.092209
2017-03-16,32.479176,58.136288,99.204536,71.368774,54.244026,70.731323,75.842461,25.535889,204.861267,81.927223,89.776375,12.630837,116.730003,56.747932,73.108192
2017-03-17,32.317585,58.343143,98.895622,70.621117,54.197750,70.390976,75.891479,25.600752,204.501419,82.102234,90.339874,12.673110,116.989998,57.010731,73.108192
2017-03-20,32.656956,58.397106,98.903343,70.114899,54.197750,70.561150,77.925369,25.533922,204.277130,82.224014,90.728233,12.664656,117.510002,56.962322,73.092209
2017-03-21,32.282963,57.749542,98.270081,68.058876,54.085392,70.537979,75.499397,25.919220,201.654297,82.391441,91.482063,12.597020,118.540001,56.713383,73.108192
2017-03-22,32.647709,58.487057,97.505554,68.167931,54.039150,70.383255,75.499397,26.029306,202.128830,82.505554,91.847549,12.588566,118.830002,56.682014,73.108192
2017-03-23,32.532284,58.343143,97.227539,68.058876,54.105221,70.213066,75.336029,25.966404,201.913162,82.528389,91.718124,12.563202,118.669998,57.099983,73.092209
2017-03-24,32.467640,58.442078,96.903206,67.980995,53.688816,70.058380,75.270683,26.105970,201.766388,82.459900,92.045540,12.605475,118.860001,57.037277,73.108192
2017-03-27,32.523041,58.549999,97.150299,67.942070,53.702030,69.996475,74.747917,25.771788,201.559433,82.657768,92.464363,12.588566,119.529999,56.521801,73.108192
2017-03-28,33.197144,58.720894,97.042198,69.001228,54.091991,70.205368,75.924141,25.803236,203.026093,82.467522,91.847549,12.664656,119.040001,56.765610,73.108192
2017-03-29,33.271008,58.882782,96.470726,68.744232,54.210972,70.081573,75.850609,25.663660,203.215897,82.650177,92.395821,12.783016,119.330002,57.086048,73.108192
2017-03-30,33.227150,59.098640,96.269936,69.336105,55.321354,69.772163,76.144684,25.187937,203.862976,82.497940,91.649529,12.833744,118.470001,57.190533,73.108192
2017-03-31,33.164818,59.233536,96.184998,68.409325,54.204365,69.501442,75.768959,25.235119,203.388519,82.558838,91.916115,12.859107,118.720001,57.531868,73.092209
2017-04-03,33.174053,58.954735,96.293106,68.160133,54.244026,69.369919,75.368706,25.303921,203.034775,82.865356,92.843239,12.808380,119.349998,57.699047,73.098610
2017-04-04,33.421074,59.116634,96.285393,68.387268,54.442307,69.547829,76.887978,25.465120,203.164154,82.789146,92.339607,12.935194,119.620003,57.699047,73.098610
2017-04-05,33.247936,58.963715,96.378052,67.510017,54.548054,69.594223,76.977859,25.681355,202.560242,82.880646,92.621910,12.960557,119.620003,57.782623,73.098610
2017-04-06,33.164818,59.116634,96.571121,67.737160,54.865318,69.153343,78.268448,25.508364,203.129578,82.872986,92.484589,12.994375,119.180000,58.089149,73.098610
2017-04-07,33.090935,59.071648,96.470726,67.502190,54.700073,69.021843,78.023399,25.345203,202.922623,82.690002,92.110687,13.028193,119.459999,58.172733,73.098610
2017-04-10,33.051712,58.936729,96.022812,67.267166,54.944618,69.222954,79.346657,25.443493,203.043320,82.796715,92.538010,13.129645,119.459999,58.534954,73.098610
2017-04-11,32.696167,58.891773,95.930145,67.149712,54.752941,69.462738,79.313965,25.421871,202.801834,83.033119,93.415550,13.155009,121.190002,58.938995,73.114616
2017-04-12,32.735439,58.666931,96.841438,66.891266,54.838875,69.857246,77.484299,25.655798,201.913162,83.216141,93.926804,13.155009,122.019997,58.834507,73.098610
2017-04-13,32.562279,58.415089,96.524773,66.107964,53.992847,69.640648,76.046661,25.706913,200.601715,83.322899,94.216759,13.197281,122.599998,58.702148,73.114616
2017-04-17,32.742352,58.891773,97.088539,67.251518,53.920170,69.919106,76.896172,25.734432,202.379013,83.277138,93.926804,13.121192,122.239998,59.412678,73.114616
2017-04-18,32.596916,58.810810,94.076736,66.703255,53.569851,70.236267,77.100372,25.936913,201.775085,83.612663,95.155350,13.070465,122.820000,59.572903,73.130608
2017-04-19,32.476871,58.496033,93.729202,66.154961,53.199711,69.838737,76.348885,25.850412,201.404053,83.483055,94.636459,12.842196,121.730003,59.489296,73.130608
2017-04-20,32.883186,58.909771,94.115326,67.008720,53.543419,69.628288,77.963181,25.726564,203.043320,83.353424,94.270172,12.791471,121.959999,59.496262,73.130608
2017-04-21,32.843933,59.719212,94.030396,66.201942,53.331932,69.074875,77.683159,26.149221,202.396317,83.376266,94.270172,12.664656,122.309998,59.280312,73.130608
2017-04-24,33.160206,60.735489,94.903053,68.536087,53.609509,69.799759,79.733948,26.096142,204.622223,83.254288,93.804688,12.622384,121.480003,58.625511,73.114616
2017-04-25,33.365658,61.086269,95.320045,69.131371,54.019310,70.150543,86.001648,26.129562,205.812851,82.979752,92.675377,12.681563,120.250000,58.869343,73.114616
2017-04-26,33.169441,61.005318,95.381836,69.264534,53.801174,68.388985,86.199318,26.111864,205.683426,83.086510,93.186607,12.613929,120.839996,58.430466,73.130608
2017-04-27,33.194828,61.401047,95.559441,68.622261,53.708652,68.349991,84.568558,26.247513,205.856003,83.162773,93.156036,12.546293,120.389999,58.277233,73.114616
2017-04-28,33.162502,61.571945,95.350960,68.144440,53.966419,68.069405,84.222618,26.255375,205.407333,83.307632,93.362122,12.512477,120.769997,57.671196,73.146591
2017-05-01,33.838924,62.426380,95.250557,68.191452,54.237419,67.882332,84.008499,26.153151,205.925018,83.092911,92.585960,12.537839,119.669998,58.012531,73.141800
2017-05-02,34.053616,62.327427,95.528564,67.752800,54.230801,67.204208,83.604927,26.345800,206.002670,83.207527,93.060089,12.402569,119.650002,57.915012,73.125801
2017-05-03,33.949730,62.129559,95.242844,68.144440,54.660423,67.367905,83.629623,26.216055,205.752472,83.123482,93.121269,12.351843,117.980003,57.141766,73.125801
2017-05-04,33.827389,61.886715,95.721619,68.222816,53.959812,67.383476,81.858871,26.408705,205.994064,83.054688,92.662445,12.055941,116.790001,56.863129,73.141800
2017-05-05,34.388363,62.057613,95.381836,68.144440,54.210972,67.422447,82.064751,26.406740,206.805023,83.070007,92.746567,12.225028,117.010002,57.399521,73.125801
2017-05-08,35.323330,62.003647,95.181046,68.222816,54.785988,67.461418,81.842400,26.528625,206.770477,82.909500,92.241898,12.174301,116.750000,56.995476,73.141800
2017-05-09,35.549564,62.093590,95.150169,67.948624,54.402660,67.344505,81.776512,26.296652,206.580719,82.917122,92.234245,12.115122,116.050003,56.688976,73.141800
2017-05-10,35.381046,62.336411,94.841240,68.481255,54.649494,67.414658,82.657753,26.375288,206.951691,82.940018,92.127205,12.309571,116.040001,57.134808,73.157806
2017-05-11,35.687027,61.571945,95.142433,68.269783,55.116547,67.165237,83.176651,26.467676,206.528931,82.932411,92.127205,12.360298,116.500000,56.849216,73.157806
2017-05-12,36.185417,61.499985,95.482224,68.081802,55.076492,67.180832,82.946045,26.646572,206.183823,83.238068,92.823059,12.360298,116.830002,56.619335,73.141800
2017-05-15,36.092682,61.544960,98.069305,68.410759,55.243313,67.289963,84.354424,26.760584,207.322693,83.207527,92.570671,12.427933,117.139999,56.786503,73.157806
2017-05-16,36.039383,62.784214,98.671661,68.622261,55.076492,67.219795,84.288521,26.715376,207.132889,83.314560,92.914780,12.444841,117.650002,56.403385,73.157806
2017-05-17,34.829334,61.038422,97.822174,66.006142,54.702885,67.235397,82.476593,26.823490,203.457458,83.742523,94.268250,12.529386,119.790001,56.633282,73.173782
2017-05-18,35.360188,61.246437,98.053864,65.763313,54.542763,66.931404,82.542473,26.919819,204.277130,83.696602,94.375298,12.495568,118.809998,56.946732,73.173782
2017-05-19,35.480713,61.228367,98.077019,66.405617,54.662861,67.219795,84.362656,26.988621,205.605789,83.696602,94.597069,12.740745,119.400002,57.253231,73.157806
2017-05-22,35.696301,61.915840,98.277817,66.342926,54.903049,67.196426,84.247345,27.196995,206.649750,83.643143,94.337059,12.825288,119.900002,57.476151,73.173782
2017-05-23,35.652256,62.123867,98.478577,67.173195,55.096535,67.095093,85.350975,27.316916,207.106964,83.482628,93.702362,12.783016,119.139999,57.524895,73.173782
2017-05-24,35.545620,62.205257,98.470863,67.134048,54.903049,67.422447,85.614532,27.550835,207.590149,83.627869,94.230011,12.757654,119.610001,57.991627,73.157806
2017-05-25,35.668472,62.974140,99.139435,66.852066,54.542763,67.703049,86.495804,27.854332,208.582367,83.666084,94.260612,12.478660,119.480003,57.998589,73.173782
2017-05-26,35.608223,63.281670,98.665215,66.859894,54.409336,68.007042,87.022911,27.856318,208.539200,83.635506,94.421181,12.571655,120.540001,57.580631,73.189789
2017-05-30,35.622120,63.688721,98.812950,65.716347,54.109081,68.123985,86.866447,27.844431,208.358032,83.795982,94.887634,12.470204,120.139999,57.218388,73.157806
2017-05-31,35.411190,63.173130,99.699150,64.345604,53.708767,68.661789,86.833488,28.000828,208.306244,83.880089,95.124718,12.334934,120.620003,57.253231,73.157806
2017-06-01,35.508541,63.408325,100.111153,65.058388,53.842216,68.692955,87.014679,28.091888,209.962723,83.841782,95.134666,12.250392,120.720001,57.552773,73.185028
2017-06-02,36.034744,64.909859,101.121765,64.729431,53.041561,69.051483,87.261742,28.252247,210.661606,84.117447,96.261063,12.191210,121.610001,58.144871,73.169006
2017-06-05,35.682392,65.380211,101.339432,64.846886,53.455250,69.168411,86.644051,28.081999,210.506287,83.987251,95.663406,12.123575,121.730003,57.894089,73.185028
2017-06-06,35.802929,65.597321,101.704796,64.980042,54.182472,69.215210,86.108704,28.095854,209.833313,84.155746,96.184486,12.208118,123.099998,57.615448,73.169006
2017-06-07,36.016190,65.479706,101.642601,65.724182,53.982327,69.191811,85.252174,28.226509,210.221542,84.056183,95.724663,12.039032,122.449997,58.019482,73.201042
2017-06-08,35.928104,65.081711,101.487099,66.538750,53.788834,68.474709,86.487587,28.002806,210.325104,83.971939,95.471786,12.039032,121.650002,57.880157,73.185028
2017-06-09,34.534939,63.607323,102.248970,68.113121,54.796284,68.716354,87.237068,27.763268,210.005890,83.903038,95.326233,12.106668,120.540001,58.284187,73.201042
2017-06-12,33.709702,63.118851,102.474403,68.128792,55.330044,68.778717,87.360588,27.600935,209.962723,83.903038,95.295563,11.996760,120.360001,58.806637,73.185028
2017-06-13,33.980919,63.905834,102.629860,68.355942,55.350063,68.638382,87.097038,27.705856,210.989441,83.925987,95.310860,12.047486,120.480003,58.938995,73.201042
2017-06-14,33.649429,63.562099,103.212898,68.214958,54.756264,68.934601,86.240494,27.943420,210.722015,84.194016,96.782166,11.836126,119.820000,59.022583,73.185028
2017-06-15,33.447750,63.227394,103.422806,67.807655,54.883011,69.667252,87.632431,28.085960,210.316498,84.140388,96.628929,11.886853,119.320000,59.322113,73.185028
2017-06-16,32.979500,63.317860,104.441177,67.502190,55.703655,69.885536,88.620735,28.277987,210.362457,84.194016,96.820496,11.937578,119.339996,59.168854,73.217018
2017-06-19,33.922966,64.104813,104.223495,68.982567,55.216618,70.041412,88.530136,28.188908,212.113724,84.079163,96.682571,11.861489,118.430000,59.175812,73.201042
2017-06-20,33.614651,63.236477,104.340118,68.551758,54.916393,69.862137,88.159508,28.103775,210.683197,84.209335,97.548470,11.743129,118.180000,59.036491,73.201042
2017-06-21,33.814011,63.562099,104.876511,68.238449,54.335930,69.682861,85.219200,27.925594,210.631241,84.224632,97.747696,11.616313,118.519997,58.918110,73.217018
2017-06-22,33.758381,63.553043,105.762718,68.160141,54.095734,69.394455,85.523941,28.030527,210.535828,84.262993,97.962280,11.633222,118.919998,58.973820,73.233055
2017-06-23,33.909058,64.412369,106.058128,68.034790,54.449364,69.698471,85.746323,28.337370,210.787262,84.278229,97.916298,11.683949,119.430000,59.178471,73.217018
2017-06-26,33.802418,63.797272,105.988136,68.332451,54.202499,69.651672,85.861633,28.553162,210.926010,84.354836,98.284081,11.709311,118.360001,59.600414,73.201042
2017-06-27,33.317947,62.603260,104.954224,68.966888,54.115761,69.067101,85.598068,28.165154,209.226715,84.102142,97.234306,11.844580,118.809998,59.065937,73.201042
2017-06-28,33.804745,63.136955,104.029152,70.353287,54.395977,68.880028,87.673561,27.917685,211.099396,84.132767,96.912460,11.920671,118.900002,59.206600,73.233055
2017-06-29,33.306351,61.952000,103.111832,71.395020,53.842216,67.804398,87.006462,27.709805,209.244034,83.971939,96.100151,11.971396,118.320000,58.531479,73.217018
2017-06-30,33.385170,62.350006,102.839760,71.590843,53.862228,67.929123,88.505417,27.741493,209.634216,83.864731,95.877930,12.216573,118.019997,58.531479,73.233055
2017-07-03,33.264641,61.662563,103.313965,73.047867,54.776264,68.388985,88.101852,27.640516,209.989685,83.715080,95.569237,12.343390,116.089996,59.276928,73.241058
2017-07-05,33.401382,62.485699,103.889221,73.780312,53.942280,68.334419,88.530136,27.482149,210.475128,83.761147,95.592323,12.157392,116.519997,58.440060,73.225060
2017-07-06,33.086136,62.024387,103.018562,73.544052,53.455250,68.100578,87.723000,27.630623,208.550461,83.599960,94.801376,12.165847,116.470001,57.342999,73.241058
2017-07-07,33.422241,62.829403,103.034103,73.914192,53.521961,68.318840,88.060692,27.810768,209.902954,83.569283,94.233139,12.047486,115.279999,57.666477,73.241058
2017-07-10,33.626244,63.299793,102.264503,73.394409,53.481930,67.882332,88.818375,27.919662,210.128311,83.607666,94.371376,12.098212,115.470001,57.139038,73.241058
2017-07-11,33.735191,63.308800,102.015732,73.110863,53.775482,67.632912,89.147835,27.864233,209.972336,83.684402,94.532631,12.216573,115.620003,57.075756,73.241058
2017-07-12,33.783871,64.358047,102.793121,72.858849,54.015678,67.781013,89.740822,27.870165,211.550217,83.937660,95.185318,12.157392,116.029999,57.779007,73.225060
2017-07-13,34.254452,64.918900,102.505486,73.323524,54.022362,67.578323,89.337273,27.830574,211.905670,83.845558,94.586418,12.148937,115.820000,57.870419,73.225060
2017-07-14,34.548836,65.832474,103.080765,72.654099,54.229179,67.890129,89.584335,28.044384,212.893967,83.929955,94.701591,12.284208,116.769997,58.425991,73.257057
2017-07-17,34.669380,66.348076,102.730927,71.976768,53.948956,68.240852,89.642014,27.907782,212.868011,83.968330,94.962616,12.241937,117.290001,58.897179,73.241058
2017-07-18,34.789921,66.302849,104.526688,71.724731,53.775482,69.090462,88.820763,28.010733,212.980713,84.160202,95.791954,12.292662,118.110001,58.770592,73.241058
2017-07-19,35.007820,66.809380,105.109718,71.827110,53.942280,69.404716,89.467819,28.072098,214.133774,84.183205,95.830307,12.402569,118.080002,59.213634,73.241058
2017-07-20,34.850201,67.135033,106.166969,71.827110,53.948956,69.601089,89.028130,28.404686,214.229156,84.206230,96.106750,12.385661,118.239998,58.939365,73.241058
2017-07-21,34.833977,66.746056,105.187454,71.582970,53.455250,69.608948,88.422554,28.580875,214.038437,84.352036,96.513756,12.216573,119.260002,58.897179,73.241058
2017-07-24,35.255863,66.574234,103.399483,71.890121,53.288437,69.271164,89.741570,28.339355,213.986359,84.275299,96.137505,12.241937,119.309998,58.784641,73.241058
2017-07-25,35.406536,67.107887,102.521065,73.087234,53.555313,70.025322,95.017532,28.331440,214.506561,83.976006,94.885857,12.377207,118.919998,58.861992,73.241058
2017-07-26,35.573452,66.981255,101.798058,72.402054,53.622036,70.151001,94.171387,28.802599,214.515259,84.137146,95.039474,12.495568,119.879997,59.269894,73.257057
2017-07-27,34.901207,66.176208,101.704796,72.102768,53.928932,71.235069,94.876518,28.636312,214.315826,84.014366,94.571060,12.571655,119.790001,59.340210,73.273094
2017-07-28,34.655476,66.067665,102.497719,71.890121,53.108311,70.865852,94.652534,28.729357,214.064423,84.183205,95.131584,12.639292,120.690002,59.178471,73.257057
2017-07-31,34.476986,65.760132,103.174065,72.299675,53.401859,71.345047,94.528091,28.921387,213.943039,84.144844,95.246727,12.715381,120.750000,59.255806,73.257057
2017-08-01,34.782978,65.651588,103.010780,73.268402,53.488609,71.564995,93.822998,29.016411,214.419907,84.375511,95.915474,12.571655,120.650002,59.523064,73.276321
2017-08-02,36.426514,65.362122,102.738701,73.331398,53.775482,71.517876,93.814705,29.050058,214.523895,84.314011,95.969322,12.597020,120.400002,58.981552,73.292336
2017-08-03,36.062569,65.262611,103.663811,72.850960,53.702087,71.376480,94.204567,29.208437,214.107758,84.483223,96.962051,12.504023,120.589996,58.861992,73.292336
2017-08-04,36.252632,65.742004,103.531631,73.764565,53.515282,71.227211,94.859917,29.052040,214.497910,84.344765,96.138649,12.529386,119.650002,59.058907,73.292336
2017-08-07,36.813625,65.488777,103.282890,74.048088,53.481930,71.832100,95.158569,29.119352,214.896729,84.337105,96.246399,12.554749,119.510002,58.995613,73.292336
2017-08-08,37.108021,65.841560,102.824249,73.780312,53.348488,71.942093,94.909706,29.170818,214.367859,84.260170,95.900093,12.563202,119.860001,58.714325,73.292336
2017-08-09,37.335186,65.552063,103.570518,73.662178,53.515282,72.209160,94.851631,29.149050,214.359146,84.337105,96.423386,12.647746,121.309998,58.517403,73.292336
2017-08-10,36.145996,64.593277,103.461662,72.606819,53.198669,72.067787,93.864456,29.244076,211.333466,84.421684,97.246780,12.453296,122.209999,58.095459,73.292336
2017-08-11,36.648666,65.579208,103.469437,72.000397,52.686680,71.753525,93.615593,29.137173,211.645554,84.490875,97.292938,12.495568,122.790001,57.736820,73.308334
2017-08-14,37.200218,66.565147,103.764854,72.843094,52.700165,71.997070,94.328995,29.311378,213.743622,84.452431,96.792763,12.385661,121.919998,58.700279,73.292336
2017-08-15,37.607483,66.583351,103.687119,73.032104,52.572166,72.429131,94.279236,29.507378,213.717636,84.329376,96.384872,12.326481,120.980003,58.524433,73.308334
2017-08-16,37.456207,66.974350,104.301239,72.528053,52.188187,72.617683,94.669128,29.691486,214.090408,84.483223,96.738884,12.292662,121.870003,58.756516,73.292336
2017-08-17,36.737110,65.837692,103.422806,71.393959,51.373058,72.327034,93.856171,29.420280,210.752579,84.606232,97.462257,12.326481,122.489998,58.390820,73.308334
2017-08-18,36.653332,65.919518,103.104073,71.464828,51.629047,72.641235,94.503212,29.681595,210.423126,84.552383,97.439163,12.546293,122.300003,57.800106,73.292336
2017-08-21,36.585846,65.610329,103.741531,71.378189,51.453888,72.947624,94.237778,29.784534,210.587830,84.613937,97.677742,12.394115,122.760002,58.418949,73.308334
2017-08-22,37.183929,66.528786,104.713234,72.110649,51.696419,72.892616,96.079376,29.861740,212.789932,84.537003,97.300674,12.427933,122.209999,58.250183,73.324440
2017-08-23,37.230476,66.128685,103.236237,72.197258,51.608845,72.617683,95.191750,29.818501,212.026993,84.729324,97.962463,12.537839,122.669998,58.847923,73.324440
2017-08-24,37.065235,66.101379,103.306168,72.079147,51.420219,72.484123,95.216629,29.752739,211.532867,84.621628,97.600784,12.529386,122.290001,58.665085,73.324440
2017-08-25,37.202557,66.219620,103.016724,72.370529,51.682949,72.672668,95.689484,29.910158,212.026993,84.683128,97.977837,12.504023,122.739998,58.946388,73.308334
2017-08-28,37.577225,66.228699,103.063690,72.142143,51.514542,72.641235,95.457199,30.065592,212.035736,84.713860,97.916298,12.512477,124.690002,58.496323,73.324440
2017-08-29,37.912338,66.428772,103.431374,71.748360,51.501064,72.523415,96.236984,30.033703,212.278503,84.836914,98.231812,12.512477,124.419998,58.433022,73.324440
2017-08-30,38.014732,67.301750,102.539505,71.913757,51.265285,72.169907,97.514481,30.013784,213.284119,84.821548,98.201019,12.419479,124.360001,58.763561,73.324440
2017-08-31,38.166008,67.992874,103.556549,71.582970,51.420219,72.484123,97.464729,29.991865,214.567230,84.936928,98.493477,12.766109,125.820000,59.101093,73.340431
2017-09-01,38.177639,67.238113,102.508232,72.220909,51.581882,72.688370,98.120094,29.922119,214.870682,84.744301,97.740028,12.783016,126.059998,59.305058,73.345238
2017-09-05,37.719185,66.938004,101.624207,70.496132,51.992825,72.837624,98.136703,29.942041,213.327438,85.091019,99.290016,12.808380,127.459999,59.143311,73.313141
2017-09-06,37.679623,66.747047,102.226570,70.968651,53.070679,72.837624,97.041649,29.541512,214.055756,84.998566,98.680885,12.935194,126.809998,59.298019,73.345238
2017-09-07,37.528355,67.601830,103.415718,69.724289,53.239094,73.034012,97.696999,29.788610,214.029724,85.206642,99.691002,12.926741,128.130005,59.677776,73.345238
2017-09-08,36.916302,67.274452,102.469101,69.637657,53.097626,72.931877,97.738495,29.543509,213.778305,85.106453,99.475090,12.783016,127.970001,59.726997,73.329231
2017-09-11,37.584202,67.983749,104.213699,70.716621,53.387299,73.835304,98.609535,30.169212,216.058441,84.875259,98.287582,12.808380,126.190002,60.275566,73.329231
2017-09-12,37.435268,67.911018,103.759979,71.582970,53.555691,73.458221,100.326714,29.716871,216.786728,84.751938,97.770905,12.842196,126.559998,59.565247,73.361275
2017-09-13,37.153671,68.393005,103.619110,71.787727,53.737602,73.489647,99.239990,29.527569,216.890717,84.667206,97.385323,12.901378,125.610001,59.410549,73.361275
2017-09-14,36.834843,67.992874,104.972511,71.645981,53.953159,73.489647,99.945122,29.800560,216.821411,84.713409,97.786331,12.909832,126.160004,59.902813,73.345238
2017-09-15,37.207191,68.483917,105.183800,72.157898,53.939697,73.269691,100.683426,29.908169,217.113297,84.698013,97.824860,12.969013,125.529999,60.015339,73.345238
2017-09-18,36.925606,68.347504,105.911369,73.181763,53.953159,73.175423,102.724159,29.551481,217.575073,84.659470,97.261948,12.952104,124.360001,59.691837,73.345238
2017-09-19,36.939575,68.602135,105.786163,73.985069,54.040737,73.976692,103.479027,29.475769,217.792847,84.613281,97.022903,12.926741,124.620003,59.298019,73.377357
2017-09-20,36.320541,68.147453,104.221519,74.504890,54.263039,74.157364,103.570297,29.240618,217.871277,84.543884,97.092331,13.036648,123.620003,59.136272,73.377357
2017-09-21,35.696846,67.483612,103.071480,74.843552,53.818451,72.774780,103.520508,29.248596,217.287521,84.528488,97.038330,12.985921,122.680000,59.023758,73.377357
2017-09-22,35.347771,67.665497,102.789856,74.686028,53.838638,72.460564,103.221878,29.164902,217.331116,84.590149,97.315979,13.036648,123.239998,58.607414,73.377357
2017-09-25,35.035923,66.619728,102.617744,74.126869,54.552731,72.837624,103.130638,29.256561,216.886734,84.790489,97.925110,13.256463,124.529999,58.948425,73.377357
2017-09-26,35.638668,66.619728,102.437805,73.796066,54.492092,72.782631,103.288223,29.431915,217.017441,84.759689,97.747772,13.138101,123.139999,59.047920,73.377357
2017-09-27,35.892334,67.156273,101.506836,74.961693,54.855869,71.384346,103.296547,29.142982,217.862595,84.513092,96.274895,13.087374,121.980003,58.515057,73.377357
2017-09-28,35.671261,67.174454,101.287804,75.119194,55.367832,71.400040,103.885536,29.290438,218.123932,84.520790,95.989662,13.087374,122.209999,58.912910,73.361275
2017-09-29,35.866741,67.738220,101.710243,75.221588,55.226360,71.470734,103.454155,29.202772,218.890686,84.451385,96.205544,13.019739,121.580002,59.033699,73.393364
2017-10-02,35.794590,67.847336,102.656853,76.269058,54.990601,72.091316,103.462433,29.240618,219.840332,84.503181,96.029327,12.909832,120.769997,58.948425,73.396576
2017-10-03,35.950500,67.529091,103.345337,76.670723,55.078197,72.366295,104.117798,29.270519,220.310867,84.572655,96.122108,12.918286,120.830002,58.863182,73.396576
2017-10-04,35.717804,67.920105,103.963333,75.891014,55.098373,72.601967,105.138145,29.605286,220.572266,84.549515,96.129807,12.935194,121.169998,59.161579,73.380562
2017-10-05,36.162285,69.084084,104.198074,76.912910,55.253319,72.295563,104.856102,29.443878,221.879166,84.510849,95.766640,13.078918,120.519997,59.374741,73.396576
2017-10-06,36.141346,69.111389,104.221519,76.778290,55.044502,72.531265,105.295753,29.386089,221.626480,84.387329,95.496193,12.876015,121.089996,59.182888,73.380562
2017-10-09,36.267017,69.375084,104.401436,76.374252,55.260063,72.366295,105.254280,29.471771,221.260574,84.503181,95.797546,12.884470,122.080002,59.325001,73.380562
2017-10-10,36.280960,69.375084,104.753502,76.944633,55.414986,71.973534,106.341011,29.696945,221.844330,84.510849,95.952065,13.036648,122.400002,59.502625,73.380562
2017-10-11,36.432232,69.493317,106.904892,76.714890,55.644047,71.847809,106.681129,29.864330,222.192810,84.526352,96.137527,13.062010,122.790001,59.701553,73.380562
2017-10-12,36.304237,70.129868,107.045708,76.041527,55.529510,72.389854,107.834213,30.029724,221.861771,84.626678,96.547035,13.045102,122.889999,60.085213,73.412628
2017-10-13,36.534645,70.466354,106.732788,75.938553,55.516033,73.089020,108.431503,29.999840,222.131821,84.835197,97.242485,13.171918,123.820000,60.241501,73.412628
2017-10-16,37.207191,70.611809,106.490280,77.507080,55.785511,73.167580,109.061943,30.193129,222.428085,84.750282,97.172920,13.205735,122.970001,59.943111,73.396576
2017-10-17,37.344509,70.557251,110.143745,77.332787,55.886559,72.900467,108.290466,30.422279,222.584839,84.719368,97.296577,13.188828,122.129997,60.014172,73.412628
2017-10-18,37.179264,70.575462,110.057678,77.625923,55.751831,72.876900,108.912651,30.396379,222.802658,84.588120,96.655251,13.180372,121.669998,59.950218,73.412628
2017-10-19,36.299591,70.848259,111.121635,77.720955,55.738358,72.489075,109.128319,30.661404,222.863678,84.649879,96.825211,13.121192,122.389999,59.772591,73.412628
2017-10-20,36.362434,71.666656,111.403252,78.830025,55.987610,69.845665,109.620682,30.719202,224.013763,84.402817,95.797546,13.188828,121.610001,59.431572,73.428734
2017-10-23,36.343811,71.684860,112.357704,78.695351,56.075180,69.093781,109.887711,30.763033,223.142471,84.495438,95.967560,13.188828,121.800003,59.204235,73.412628
2017-10-24,36.560249,71.712120,110.808693,79.946991,56.230118,68.840508,115.362106,30.731140,223.534576,84.317818,95.372581,13.324096,121.330002,58.848976,73.444763
2017-10-25,36.399666,71.502983,111.372002,80.026192,56.028027,68.745529,114.193764,30.659409,222.428085,84.263779,94.916695,13.341005,121.349998,58.678463,73.444763
2017-10-26,36.632378,71.621208,110.941696,80.596581,56.230118,69.252068,114.277199,30.565762,222.715576,84.171112,94.599892,13.400187,120.330002,58.195335,73.444763
2017-10-27,37.944916,76.213486,110.918221,80.620361,56.391800,68.887985,115.003204,31.053961,224.536514,84.356407,95.225761,13.467822,120.900002,58.458218,73.444763
2017-10-30,38.799000,76.286224,109.525703,80.335175,56.277275,68.278564,113.901726,30.958313,223.700119,84.588120,96.137527,13.501639,121.129997,58.408474,73.428734
2017-10-31,39.338917,75.640587,109.064095,79.701393,56.149277,68.333992,113.325890,30.900530,224.048615,84.534027,96.168388,13.535457,120.669998,58.401356,73.444763
2017-11-01,38.838566,75.640587,109.510017,79.946991,56.499596,68.769272,113.734802,30.563768,224.344894,84.571182,96.596672,13.543911,121.110001,58.685562,73.452774
2017-11-02,39.122478,76.431747,109.470955,80.477760,56.270550,68.468513,113.885002,29.862341,224.432022,84.617653,97.022522,13.628455,121.190002,59.182888,73.436745
2017-11-03,40.144119,76.513565,109.588295,80.335175,56.034775,68.523933,114.018517,30.418301,225.181320,84.695007,97.285843,13.712996,120.620003,59.033699,73.436745
2017-11-06,40.551384,76.813644,109.337906,79.836082,56.418743,68.104454,114.919853,30.260868,225.529755,84.772369,97.649712,13.975085,121.650002,59.431572,73.452774
2017-11-07,40.681702,76.631783,109.345772,78.227959,56.304218,68.840508,115.837723,30.984213,225.372986,84.795616,98.060081,13.890539,121.209999,59.914700,73.452774
2017-11-08,41.014481,76.895508,110.558365,77.348618,56.230118,69.315369,114.569298,30.870640,225.756332,84.741447,97.843285,13.865177,121.629997,60.213093,73.452774
2017-11-09,40.930717,76.468094,109.799515,77.340714,56.566956,69.473648,112.941994,30.936399,224.937378,84.679543,97.564507,13.890539,122.129997,60.277031,73.436745
2017-11-10,40.795250,76.268036,109.181450,77.245667,56.390179,69.774422,113.893341,30.918474,224.867569,84.339035,96.093307,13.865177,121.129997,60.340977,73.452774
2017-11-13,40.631756,76.322609,109.337906,77.522903,56.356194,70.439247,113.935089,31.241276,225.076752,84.339035,96.294655,13.822905,121.309998,60.646484,73.452774
2017-11-14,40.017502,76.431747,109.126694,77.055519,55.914249,70.336357,114.777931,31.564095,224.553986,84.424156,96.945068,13.636907,121.559998,60.518600,73.452774
2017-11-15,39.489670,75.837654,108.821587,77.784363,55.213974,69.829819,111.907242,31.356853,223.430008,84.586662,97.998131,13.620000,121.410004,59.907589,73.452774
2017-11-16,39.961460,76.038742,108.641640,78.006157,54.772049,70.637085,113.793221,31.342901,225.329407,84.493790,97.146416,13.577727,121.400002,60.404919,73.468826
2017-11-17,39.739574,75.307602,107.961014,77.744705,54.554482,69.988106,113.601273,31.093801,224.667206,84.586662,97.866501,13.797541,122.860001,60.142067,73.452774
2017-11-20,39.699863,75.426414,107.906265,78.433899,54.765232,69.861473,114.252190,31.069904,225.050583,84.540237,97.827805,13.687634,121.309998,59.964413,73.468826
2017-11-21,40.437912,76.513977,108.227028,78.370567,54.982792,70.217628,114.828018,31.127697,226.523056,84.625427,98.137527,13.780633,121.510002,60.412037,73.484947
2017-11-22,40.862988,75.956482,107.405579,78.140816,55.139179,69.908966,115.170143,31.118265,226.322693,84.772369,98.454994,13.856721,122.629997,60.277031,73.484947
2017-11-24,40.865311,76.093582,107.968834,77.887314,55.356731,70.003952,114.652763,31.288717,226.845428,84.756882,98.183990,13.898994,122.320000,60.355209,73.468826
2017-11-27,40.659779,76.651077,108.700859,77.578377,55.145985,70.407570,114.485863,31.483236,226.732162,84.756882,98.044609,13.873630,122.830002,60.070992,73.468826
2017-11-28,40.421555,77.574135,110.212173,80.295563,55.526730,70.755806,115.987961,31.641657,229.032303,84.756882,98.176224,13.814451,122.809998,59.843655,73.500984
2017-11-29,39.583092,76.166695,110.046844,82.173042,55.934650,70.739967,115.211823,31.637640,228.892944,84.547974,97.208344,13.721453,122.040001,59.864944,73.484947
2017-11-30,40.136623,76.925232,109.669037,82.798851,56.628139,71.222755,117.790489,31.691792,230.896866,84.408707,96.883148,13.662271,121.099998,59.957329,73.484947
2017-12-01,39.949783,77.007492,110.180641,83.012741,56.743732,71.515610,118.099251,31.577486,230.417648,84.649872,98.190582,13.780633,121.589996,60.099400,73.489769
2017-12-04,39.657825,74.101212,109.417152,84.723846,56.818504,72.346626,118.082573,31.276686,230.138901,84.642082,98.237045,13.611547,121.180000,59.800995,73.497765
2017-12-05,39.620472,74.567291,109.936653,83.749451,56.356194,72.338707,116.947624,31.210516,229.311142,84.727425,98.725899,13.611547,120.320000,59.303707,73.505798
2017-12-06,39.473331,75.654869,111.030724,83.123627,55.941460,72.219994,117.114525,31.639643,229.354706,84.812759,99.067299,13.383276,120.070000,59.246849,73.497765
2017-12-07,39.545723,75.389816,110.204262,82.878052,56.125015,71.309822,119.242531,31.719860,230.077850,84.704155,98.291397,13.425549,118.489998,59.396042,73.505798
2017-12-08,39.557407,76.916100,110.660812,83.915825,56.199802,71.523567,120.052017,31.890306,231.332489,84.673119,98.299156,13.493184,118.480003,59.701553,73.513832
2017-12-11,40.328136,77.894012,111.093704,83.670265,56.451382,71.412704,119.976875,31.934429,232.029541,84.642082,98.097420,13.527002,118.010002,59.694439,73.505798
2017-12-12,40.101578,78.213905,112.242905,84.644646,56.267799,71.111977,119.684830,31.497271,232.438980,84.603348,98.058640,13.408640,118.150002,59.985741,73.513832
2017-12-13,40.234715,78.003677,112.471169,83.583107,56.512550,71.927155,123.982506,31.376957,232.412857,84.843719,98.795708,13.349460,119.169998,60.085213,73.505798
2017-12-14,40.223034,77.400490,111.495163,82.909737,56.362999,72.022133,122.071526,31.679754,231.463150,84.866989,99.214706,13.391732,118.930000,60.070992,73.513832
2017-12-15,40.631756,79.374565,112.132698,84.082176,56.451382,72.726524,122.413635,31.769995,233.390671,84.890236,99.587143,13.391732,119.180000,60.447559,73.521919
2017-12-18,41.203979,78.945030,111.613190,84.731773,56.390179,72.718636,124.983940,31.352898,234.870682,84.781700,98.679337,13.450912,119.730003,60.845421,73.529892
2017-12-19,40.764885,78.442360,111.597473,84.375298,56.050232,72.560341,125.935349,30.901705,233.968674,84.533577,97.399086,13.552364,119.820000,59.552345,73.531532
2017-12-20,40.720509,78.159050,111.109467,84.082176,56.342598,72.441612,127.278786,30.809444,233.846130,84.339676,96.320587,13.628455,120.139999,58.863182,73.531532
2017-12-21,40.874668,78.140755,111.030724,85.420959,57.008881,72.552422,129.047974,30.977892,234.327682,84.414139,96.881958,13.636907,120.309998,58.635197,73.531532
2017-12-22,40.874668,78.149910,110.290848,85.119926,57.090454,72.916504,129.974319,30.989927,234.266388,84.452950,97.014183,13.696090,120.940002,59.039230,73.547638
2017-12-26,39.837666,78.049370,110.267220,84.779289,57.097263,73.193481,130.550079,30.881639,233.986145,84.522697,97.301842,13.898994,121.769997,59.335026,73.539566
2017-12-27,39.844685,78.332687,110.645081,84.937752,57.042885,72.892746,131.451355,31.140324,234.099976,84.786484,98.569252,13.932812,122.230003,59.529835,73.555656
2017-12-28,39.956779,78.341820,110.637199,85.389297,57.124466,72.869011,132.202377,31.352898,234.581726,84.724449,98.483742,14.000447,122.849998,59.847275,73.555656
2017-12-29,39.524704,78.177338,109.976028,84.715950,56.866119,72.718636,131.501404,31.320795,233.697174,84.809769,98.639214,14.042719,123.650002,59.868942,73.539566
2018-01-02,40.232368,78.552040,109.590324,85.516014,57.811146,71.745140,131.050797,31.100227,235.369858,84.685631,97.574005,14.110353,125.150002,59.645298,73.547638
2018-01-03,40.225365,78.917603,110.637199,85.603180,58.946564,71.658058,131.251053,30.440477,236.858582,84.693405,98.040558,14.194898,124.820000,59.472107,73.563705
2018-01-04,40.412224,79.612198,110.629341,86.829483,59.028152,72.164619,133.053604,30.284061,237.856888,84.639099,98.024994,14.177990,125.459999,58.447613,73.571777
2018-01-05,40.872322,80.599236,111.542351,86.272079,58.980564,72.212074,135.156586,30.422432,239.441986,84.584801,97.745041,14.127260,125.330002,58.476475,73.571777
2018-01-08,40.720509,80.681503,111.684036,86.399498,59.245712,72.591980,138.552979,30.673094,239.879837,84.561562,97.682861,14.118809,125.309998,58.779499,73.579788
2018-01-09,40.715843,80.626633,113.455048,86.837448,58.994175,72.061722,138.886810,30.448505,240.422821,84.328804,96.376602,14.211806,124.730003,58.021931,73.579788
2018-01-10,40.706493,80.261101,113.321274,87.793007,58.525024,71.602676,138.419449,30.197830,240.055023,84.328804,96.259933,14.262533,125.029999,57.372581,73.579788
2018-01-11,40.937717,80.498695,113.966675,88.262825,59.102951,71.349411,141.198364,30.179781,241.806473,84.367599,96.656540,14.254078,125.440002,57.177788,73.571777
2018-01-12,41.360455,81.887863,114.730194,89.720093,59.504082,70.922005,142.116333,30.143690,243.382828,84.352074,96.819771,14.347075,126.959999,56.716042,73.595886
2018-01-16,41.150261,80.745476,115.596016,89.401543,59.130142,71.404808,141.290176,30.187809,242.550827,84.375351,97.224121,14.279441,127.169998,56.824261,73.579788
2018-01-17,41.829914,82.381371,115.690475,89.974899,59.830437,72.180435,140.614212,30.456524,244.862701,84.282249,97.091919,14.296350,126.139999,57.221085,73.595886
2018-01-18,41.867264,82.344841,115.643288,90.189911,59.442890,71.917252,140.889618,30.235931,244.451157,84.096146,96.190002,14.296350,125.860001,56.485153,73.595886
2018-01-19,41.680428,82.253426,115.989571,89.990837,59.252525,72.627014,142.868195,30.111605,245.563293,83.917641,95.684586,14.270987,126.419998,56.788181,73.603951
2018-01-22,41.339432,83.724869,116.603546,91.041946,60.000408,73.280952,143.270584,30.083534,247.559982,83.886620,95.777885,14.304805,126.650002,57.307652,73.611977
2018-01-23,41.348778,83.989899,111.636826,90.946396,60.034412,71.016113,142.046555,30.624964,248.085327,84.088326,96.190002,14.406259,127.279999,58.101295,73.611977
2018-01-24,40.690163,83.916794,111.825737,92.109016,60.190788,70.425964,141.132736,30.249977,247.989029,84.003021,95.669006,14.558434,128.830002,57.798283,73.620049
2018-01-25,39.963783,84.382889,113.659714,92.132896,60.081989,70.449867,141.996277,30.699165,248.094162,84.220207,96.454315,14.473891,127.970001,57.697266,73.620049
2018-01-26,40.057213,85.963989,114.391754,92.626617,60.510311,69.963409,140.059647,31.621592,250.966553,84.065033,96.096642,14.583797,128.070007,57.495235,73.636154
2018-01-29,39.228077,85.836021,113.092987,92.531052,59.837231,69.269615,136.303696,31.218536,249.302628,83.917641,95.428009,14.541529,127.349998,56.723263,73.620049
2018-01-30,38.996864,84.757591,112.109123,91.663086,59.000965,69.341354,137.292953,31.102224,246.745514,83.785759,94.868126,14.440074,126.800003,56.312031,73.628067
2018-01-31,39.104294,86.832214,108.771713,92.109016,59.354519,68.854919,136.471375,31.767992,246.868149,83.855629,95.428009,14.456983,127.650002,57.322105,73.636154
2018-02-01,39.186050,86.146767,110.212173,93.064583,60.557919,68.464149,136.018585,31.350883,246.587936,83.592834,94.044952,14.600708,128.070007,56.088341,73.632912
2018-02-02,37.485756,83.880249,108.370270,91.002167,57.471218,67.188179,132.036346,31.266661,241.219727,83.344055,93.172318,14.363984,126.389999,55.612152,73.640968
2018-02-05,36.549194,80.425568,102.632210,86.638367,54.200932,64.644180,126.662354,30.939798,231.131302,83.678360,94.052765,14.228715,126.709999,53.959972,73.632912
2018-02-06,38.076649,83.468941,103.765648,89.274162,53.269489,65.696877,131.130905,29.991295,235.685104,83.437386,93.468384,14.144171,125.379997,53.967194,73.640968
2018-02-07,37.261539,81.896996,103.442924,89.879356,52.310833,65.266235,129.395447,29.696512,234.406570,83.250763,92.580116,13.983538,124.790001,53.736313,73.649002
2018-02-08,36.236229,77.692947,99.460114,85.905785,51.719322,63.974297,122.394997,29.135033,225.614182,83.110802,92.478844,13.839814,124.980003,52.192322,73.640968
2018-02-09,36.679459,80.590103,101.955284,87.625801,52.049026,63.735050,125.094574,29.698517,229.003311,83.001991,91.894493,13.636907,124.769997,53.498222,73.657066
2018-02-12,38.156860,81.458321,102.537766,88.979530,52.488617,64.859512,127.676743,30.079527,232.366028,83.025322,92.299637,13.721453,125.370003,53.519844,73.657066
2018-02-13,38.539108,82.098061,102.293762,89.528992,52.406155,64.995094,129.085190,30.294088,232.944061,83.048607,92.712624,13.746815,126.080002,53.895035,73.657066
2018-02-14,39.249672,83.383568,102.065475,91.599365,52.516064,64.341141,132.514206,30.095572,236.087860,82.768745,91.684105,13.958177,128.229996,53.505424,73.657066
2018-02-15,40.567604,85.082275,103.293373,91.981621,52.344357,65.720787,134.123886,30.967873,239.100449,82.869812,91.995781,13.983538,128.380005,54.024902,73.665131
2018-02-16,40.436268,84.476257,104.804634,91.320663,52.571011,65.872307,131.030228,31.292727,239.170486,83.033104,92.494446,14.008901,127.959999,54.320694,73.673180
2018-02-20,40.300266,85.137383,103.010010,91.344559,52.028419,64.867477,130.418228,30.843546,237.673004,82.947502,92.089249,14.051174,126.239998,53.678581,73.673180
2018-02-21,40.117344,84.007973,102.254379,91.726784,51.437725,63.990280,130.141602,30.432453,236.490738,82.683189,90.959473,14.034266,125.660004,52.617992,73.665131
2018-02-22,40.452686,84.228340,102.254379,91.559586,52.103954,64.468773,133.184906,30.542738,236.797241,82.690971,91.232185,14.161080,126.300003,53.216820,73.673180
2018-02-23,41.156219,86.367798,103.915192,93.414955,53.250999,64.636200,136.161133,31.334845,240.571671,82.900902,92.042519,14.254078,126.139999,54.068180,73.689285
2018-02-26,41.969963,87.616570,104.620224,94.577568,54.150753,65.098755,137.234283,31.233856,243.365173,82.963081,92.073662,14.330168,126.449997,54.219711,73.673180
2018-02-27,41.833942,86.496346,104.303360,93.454781,53.230392,64.229507,135.196960,30.634035,240.326401,82.784325,91.941208,14.186443,125.129997,52.957100,73.689285
2018-02-28,41.770634,86.101509,102.885406,91.973648,52.021545,62.618568,129.638535,30.728949,237.891937,83.009720,92.525604,14.034266,125.000000,52.921005,73.697365
2018-03-01,41.038967,85.256721,100.825775,90.325279,51.650639,62.762100,125.949738,30.947071,234.432800,83.083801,93.157242,14.059626,124.720001,52.971516,73.704590
2018-03-02,41.322720,85.440392,102.045708,90.237679,51.891045,63.400112,122.721947,30.870325,235.641251,82.951317,92.399902,14.059626,125.389999,52.949883,73.712646
2018-03-05,41.465775,85.982140,102.814110,91.623260,52.385567,64.030121,126.695869,31.308577,238.364807,82.904564,92.150093,14.144171,125.180000,53.548714,73.712646
2018-03-06,41.430592,85.688301,101.570419,91.702911,52.323761,63.814793,128.900848,30.953136,238.969055,82.920166,92.235985,14.194898,126.529999,53.801228,73.712646
2018-03-07,41.046001,86.184128,102.219978,91.360489,51.005009,63.128971,127.022820,30.910715,238.881516,82.904564,92.134445,14.042719,125.720001,54.133118,73.712646
2018-03-08,41.493916,86.707535,104.612305,91.368439,50.908844,63.774933,128.766647,31.165195,240.037430,83.036995,92.665329,13.958177,125.419998,54.234119,73.704590
2018-03-09,42.206814,88.644974,105.990677,93.996269,51.211060,64.030121,132.673523,31.266169,244.214676,82.881180,92.056366,14.093445,125.540001,54.529942,73.720695
2018-03-12,42.614857,88.856155,105.063843,93.693680,51.678112,63.687206,129.529572,31.181345,243.908188,82.927933,92.587273,14.068082,125.540001,54.768009,73.728790
2018-03-13,42.204468,86.689178,106.426331,92.570885,51.190464,63.575539,128.850494,31.237898,242.331848,83.036995,93.055717,14.025810,125.779999,54.818539,73.728790
2018-03-14,41.845673,86.174988,104.818283,91.535683,50.551693,63.001373,127.886375,31.912457,241.088379,83.177277,93.875496,14.025810,125.699997,54.869022,73.728790
2018-03-15,41.894913,86.478004,105.404457,91.766602,51.114899,62.738190,129.588287,31.938709,240.825577,83.185059,93.875496,14.017355,124.900002,54.854599,73.720695
2018-03-16,41.747177,86.863640,105.895592,91.925880,51.595695,62.977409,131.172791,32.524418,241.086792,83.138290,93.539749,14.068082,124.599998,55.236980,73.736855
2018-03-19,41.109322,85.293472,103.170586,91.201233,50.929459,62.730221,127.559357,32.300236,237.824738,83.052589,93.243103,13.975085,124.870003,54.760811,73.736855
2018-03-20,41.095253,85.513832,103.938965,91.288818,50.819565,62.451115,129.160660,32.399197,238.229218,82.920166,92.868347,14.068082,124.309998,54.573227,73.728790
2018-03-21,40.164238,84.917007,103.923134,91.368439,51.540749,61.438305,130.619461,32.330532,237.771973,82.912369,92.969849,14.321713,126.480003,54.169193,73.744896
2018-03-22,39.596741,82.446999,100.905014,87.554115,50.483013,60.935890,123.157883,32.696087,231.828400,83.068184,93.891106,14.211806,125.980003,53.851730,73.752968
2018-03-23,38.679813,80.050446,99.098892,85.212990,50.064030,60.537136,120.969727,32.211361,226.887070,83.068184,93.820808,14.338622,127.610001,52.892166,73.761017
2018-03-26,40.516014,86.110703,100.912941,87.840813,50.826420,60.935890,125.077759,32.603199,233.094528,83.036995,93.461716,14.347075,128.279999,53.493908,73.752968
2018-03-27,39.477142,82.153175,100.770332,86.136703,50.620388,62.036419,123.233345,32.837460,229.129135,83.278580,94.460983,14.287895,127.489998,53.697887,73.769066
2018-03-28,39.040962,82.079704,100.960464,86.001312,50.009079,62.873772,121.699089,32.772839,228.452103,83.325317,94.710884,14.228715,125.730003,55.045624,73.777130
2018-03-29,39.345814,83.805954,101.514954,87.570053,51.245419,63.224670,123.560364,32.986916,231.371201,83.566864,95.171501,14.355531,125.790001,54.980042,73.793251
2018-04-02,39.087845,81.280846,98.671120,85.881889,50.290695,61.725403,120.634338,32.793030,226.377121,83.483284,95.359314,14.161080,127.260002,54.236958,73.789238
2018-04-03,39.488873,82.373520,101.673416,87.060425,51.527012,62.570736,121.615265,32.718288,229.278610,83.389610,94.623817,14.237169,126.300003,54.695927,73.781143
2018-04-04,40.243973,84.779282,103.305252,88.382286,51.424011,63.041241,121.715874,32.784950,231.731735,83.420845,94.428223,14.177990,126.449997,55.271442,73.797310
2018-04-05,40.523048,84.825172,103.542908,89.542778,52.213848,62.841885,124.189087,33.122227,233.560547,83.303680,93.724098,14.245624,125.800003,55.249588,73.805367
2018-04-06,39.486519,82.850990,101.475372,87.309837,51.424011,62.546810,119.879807,32.869770,228.355377,83.491119,94.748970,14.144171,126.389999,54.834354,73.805367
2018-04-09,39.878155,83.346855,102.568527,88.358261,51.424011,62.331482,119.955315,32.744553,229.480835,83.561401,94.905472,14.321713,126.820000,54.659508,73.813416
2018-04-10,40.628578,85.284286,103.178490,90.047020,52.935040,62.498947,124.155556,32.677906,233.129730,83.498917,94.733345,14.566889,127.120003,54.601234,73.805367
2018-04-11,40.438629,84.347694,102.687370,88.534340,53.182304,62.419216,123.065704,32.524418,231.907532,83.569206,95.069786,14.676798,128.110001,54.717781,73.821503
2018-04-12,40.837288,85.927040,103.321083,90.735306,53.038082,62.036419,125.874222,32.126549,233.815475,83.381783,94.373421,14.617618,126.620003,54.105835,73.821503
2018-04-13,40.975639,85.467918,103.471596,88.278252,53.463902,62.498947,125.949738,32.358803,233.129730,83.405235,94.592545,14.626069,127.449997,54.389969,73.821503
2018-04-16,41.231258,86.468803,104.374657,88.206215,53.944706,62.690331,127.550987,32.742523,235.046417,83.420845,94.623817,14.575344,127.629997,54.725082,73.837646
2018-04-17,41.798775,88.213394,103.408218,88.206215,53.800461,62.546810,128.531906,32.964691,237.561035,83.444267,94.881989,14.583797,127.750000,55.366165,73.837646
2018-04-18,41.704960,88.553146,101.174324,87.493927,54.411739,62.363384,130.745178,32.891979,237.736954,83.209961,94.123070,14.854337,127.849998,55.249588,73.829575
2018-04-19,40.523048,88.250137,101.039696,89.414749,54.549129,60.324646,130.535614,32.827362,236.417969,83.006935,93.356369,14.795159,127.599998,54.448235,73.845718
2018-04-20,38.862724,87.230896,100.334641,89.214661,54.260651,59.399048,129.128464,32.473919,234.413345,82.780441,92.683487,14.769794,126.629997,53.945591,73.845718
2018-04-23,38.750164,87.552277,100.469330,88.782471,54.652142,58.755165,129.752014,32.542599,234.378143,82.741394,92.706932,14.761340,125.620003,53.901867,73.845718
2018-04-24,38.210804,85.504677,99.962311,88.366264,53.814209,58.352722,121.705185,32.752628,231.221756,82.632065,92.284447,14.685253,126.230003,54.105835,73.853775
2018-04-25,38.377293,84.760910,100.413879,88.030136,54.604065,58.191769,122.337112,32.381035,231.793228,82.522751,91.666336,14.710613,125.410004,54.003845,73.861862
2018-04-26,38.510975,86.551445,101.404060,88.118172,55.538174,58.553970,123.280861,32.962685,234.149567,82.663277,92.307922,14.786704,124.970001,54.710499,73.869904
2018-04-27,38.065399,87.983849,101.610031,87.557915,53.429569,58.602238,121.941132,33.114151,234.369400,82.764801,93.019890,14.778249,125.500000,55.650265,73.877968
2018-04-30,38.754848,85.871971,100.199989,87.061714,53.402092,58.223949,121.637825,33.104050,232.567017,82.780441,93.184189,14.845884,124.589996,55.431721,73.869904
2018-05-01,39.655369,87.230896,99.819794,87.061714,52.852619,57.918098,121.688293,32.964691,232.980225,82.709999,92.848595,14.761340,123.709999,55.934368,73.875572
2018-05-02,41.407139,85.862785,97.831429,86.373428,52.749580,57.097157,121.216507,33.011139,231.415176,82.709999,92.746658,14.761340,123.650002,55.730404,73.883636
2018-05-03,41.482189,86.376968,97.459122,85.829163,52.571011,57.435192,121.149063,32.932388,230.905151,82.803932,93.162270,14.854337,124.279999,55.693993,73.883636
2018-05-04,43.109673,87.377846,98.378036,86.781601,52.818283,58.296394,123.331413,33.140411,233.894592,82.858727,93.303375,14.955793,124.540001,56.305912,73.899796
2018-05-07,43.421574,88.351143,97.902740,87.533928,53.395222,57.934212,126.238419,32.990955,234.685913,82.819550,93.154442,14.947336,124.570000,56.684734,73.899796
2018-05-08,43.630283,87.974693,97.126419,88.830482,53.635616,57.499577,126.331070,32.296188,234.685913,82.725670,93.068146,14.989608,124.589996,56.400623,73.907883
2018-05-09,43.937485,89.012276,97.839355,90.767326,54.899414,58.248116,128.589233,31.969019,236.954315,82.631721,92.511429,15.124877,124.330002,56.779438,73.907883
2018-05-10,44.565964,89.902962,99.296936,91.471634,56.128880,58.875896,129.735123,32.360821,239.169998,82.819550,93.256332,15.200968,125.180000,57.223835,73.907883
2018-05-11,44.396473,89.710075,100.794136,91.127487,56.392509,59.052959,130.485031,32.463829,239.899826,82.858727,93.491570,15.107971,125.000000,57.027145,73.907883
2018-05-14,44.292877,90.013138,99.859383,91.159485,56.774117,58.980534,130.838943,32.354767,240.014114,82.780449,92.997581,15.217875,124.489998,56.539055,73.907883
2018-05-15,43.890335,89.361168,99.122650,90.463196,56.746353,58.714924,128.572357,32.082115,238.361130,82.412560,91.939011,15.234786,122.480003,55.621117,73.924042
2018-05-16,44.299950,89.591759,99.296936,90.711281,56.905926,59.181728,129.591934,31.742805,239.363388,82.318649,91.586113,15.319329,122.290001,55.453583,73.932144
2018-05-17,44.019810,88.697205,98.108696,90.407158,56.808788,59.527836,129.499252,31.591339,239.161240,82.209091,91.123497,15.336238,122.360001,55.176731,73.932144
2018-05-18,43.859734,88.863190,98.417625,88.942535,56.406380,59.117355,131.201324,31.597393,238.563354,82.420364,91.907661,15.344691,122.410004,55.249588,73.940193
2018-05-21,44.170479,90.006737,98.005714,89.758911,57.086315,59.608330,133.906006,32.358803,240.356964,82.428268,91.954689,15.463053,122.480003,55.905247,73.940193
2018-05-22,44.059849,89.914497,97.364082,90.447197,56.642300,59.584187,131.614182,32.199261,239.688751,82.428268,91.813538,15.479961,122.410004,55.985374,73.940193
2018-05-23,44.342327,90.984268,97.791817,90.030975,56.996132,59.704918,132.911758,32.370918,240.348221,82.655190,92.480057,15.564506,122.540001,56.546329,73.948288
2018-05-24,44.292877,90.661491,96.841232,89.022545,55.691772,59.374908,132.878021,32.556725,239.855835,82.882202,93.217140,15.463053,123.589996,56.429771,73.964455
2018-05-25,44.394119,90.707596,96.937004,88.566383,54.609432,59.809555,131.319244,32.803127,239.284271,83.062210,93.797401,15.234786,123.209999,56.626472,73.972504
2018-05-29,44.234035,90.384850,95.285072,84.780724,54.408218,59.600281,129.440262,33.067692,236.532303,83.610130,95.851776,15.091062,123.190002,56.895996,73.972504
2018-05-30,44.139862,91.251701,96.538002,86.717575,56.545135,60.276367,130.990616,33.378727,239.688751,83.398796,95.208786,15.285514,123.370003,57.668221,73.964455
2018-05-31,43.991562,91.150261,95.460655,85.645088,56.364761,58.891987,127.999413,33.487774,238.220383,83.328354,95.051964,15.243240,123.099998,57.471516,73.980621
2018-06-01,44.784901,92.948555,96.769424,86.757568,56.774117,59.117355,129.355972,32.936420,240.559235,83.225563,94.549767,15.141788,122.489998,57.726490,73.985451
2018-06-04,45.159203,93.760094,97.320053,86.797600,56.177452,59.704918,128.496536,32.773743,241.702209,83.029434,93.865997,14.964246,122.370003,58.229172,73.993561
2018-06-05,45.507626,94.239647,96.944992,86.309357,55.976219,59.535889,128.926208,32.393482,241.878098,83.092239,94.086113,14.989608,122.849998,58.076164,73.993561
2018-06-06,45.665352,94.516296,97.990417,88.326263,56.933685,59.841751,131.875397,31.748861,243.900269,82.903885,93.323685,15.040336,122.919998,58.214603,73.985451
2018-06-07,45.542931,93.031548,98.421341,88.678413,57.502605,60.976604,131.689941,31.799709,243.873840,83.084335,94.227509,15.099517,122.860001,58.214603,73.993561
2018-06-08,45.128601,93.723198,99.003906,88.926521,58.002140,62.119488,130.872696,31.885109,244.594940,82.966698,93.944572,15.091062,123.010002,58.425858,74.009697
2018-06-11,45.017956,93.188339,97.886681,88.702423,57.655235,62.401203,131.698395,31.600422,244.920288,82.880363,93.771652,15.082607,123.230003,58.338444,74.017799
2018-06-12,45.265144,93.428093,97.790901,88.190208,57.183437,62.167805,132.701111,32.009148,245.236710,82.903885,93.795250,15.074153,122.820000,58.688107,74.017799
2018-06-13,44.893188,93.003860,97.862724,88.014130,56.552074,61.548042,130.358643,31.954237,244.454224,82.825470,93.748131,15.133333,123.190002,57.544376,74.009697
2018-06-14,44.916740,93.529556,97.687157,86.461441,56.815712,61.161701,129.035797,32.295876,245.069626,83.037262,94.526192,14.964246,123.379997,58.090752,74.034012
2018-06-15,44.455334,92.339874,97.846756,86.357414,55.962345,62.280502,126.406868,32.442276,244.757050,83.068657,94.612625,14.600708,121.339996,58.054321,74.034012
2018-06-18,44.431789,93.013100,96.817291,86.581505,56.073368,61.040977,125.277809,32.619209,244.253616,83.084335,94.526192,14.727524,121.110001,58.070515,74.025932
2018-06-19,43.713768,93.013100,97.814850,86.077278,55.990112,61.435379,120.744644,33.145874,243.317505,83.170639,95.076347,14.575344,120.800003,58.011688,74.042091
2018-06-20,43.904465,93.944542,97.391884,86.069298,55.816654,61.049019,120.601364,33.084858,243.732559,83.013756,94.243263,14.558434,120.260002,58.658695,74.034012
2018-06-21,43.659637,93.271317,96.921043,86.045265,55.289356,61.523899,117.568001,33.221111,242.204651,83.037262,94.738419,14.448530,120.050003,58.938110,74.042091
2018-06-22,43.532513,92.598114,98.030319,84.636642,56.461887,62.320713,117.913483,33.410221,242.646179,83.115746,94.730560,14.735978,120.339996,59.401302,74.050201
2018-06-25,42.885128,90.735260,97.830803,83.868347,55.324051,62.610477,115.082306,33.837254,239.343124,83.068657,94.942734,14.566889,119.889999,59.246902,74.066383
2018-06-26,43.417156,91.371574,97.639267,83.924355,55.948460,62.779495,114.206047,33.912491,239.873077,83.202049,95.076347,14.710613,119.260002,59.438072,74.058243
2018-06-27,43.353596,89.951408,97.048714,82.627823,56.690857,62.529980,113.422409,34.178894,237.885864,83.351112,95.972359,14.786704,118.580002,59.210152,74.074432
2018-06-28,43.669044,90.956604,97.359970,83.980392,56.871243,62.819752,114.618904,33.920624,239.245987,83.343231,95.995918,14.778249,118.220001,59.739532,74.074432
2018-06-29,43.577236,90.938141,96.833260,83.396141,57.398533,62.827782,114.315536,33.965366,239.590424,83.413857,95.665855,14.947336,118.650002,59.886589,74.090645
2018-07-02,44.064545,92.229256,97.024803,84.100456,56.725548,62.884132,114.837997,34.367996,240.102646,83.334473,95.590958,14.634523,117.459999,59.555714,74.080109
2018-07-03,43.297085,91.343933,97.926559,82.923935,57.058559,62.699009,112.765198,34.276493,239.254837,83.507439,96.103065,14.617618,118.650002,60.004227,74.096313
2018-07-05,43.645496,91.998703,99.754051,83.463074,57.107136,63.753391,114.433548,34.272430,241.206650,83.586021,96.378716,14.702160,119.050003,60.717430,74.096313
2018-07-06,44.250515,93.289772,100.352577,83.736664,57.120991,63.833878,114.096497,34.632343,243.246811,83.672539,96.693832,14.769794,118.860001,61.040932,74.112473
2018-07-09,44.864941,93.926079,100.592018,86.327782,57.516487,62.666824,118.781357,33.617638,245.437057,83.593918,96.071518,14.845884,119.150002,60.555660,74.112473
2018-07-10,44.810795,94.175064,101.653381,85.796692,58.043751,64.244377,119.017311,34.048748,246.320251,83.531013,96.063637,14.812069,118.930000,60.680676,74.120590
2018-07-11,44.229332,94.045998,100.743629,85.611610,57.301380,63.713139,115.233994,34.245987,244.518585,83.562477,96.433846,14.296350,117.639999,60.482132,74.120590
2018-07-12,44.970886,96.084030,101.956635,85.981773,57.370773,63.495834,117.475334,34.262272,246.735443,83.664696,96.425972,14.372440,118.129997,60.665958,74.120590
2018-07-13,45.041500,97.227554,100.496231,85.587463,57.800957,63.833878,118.595978,34.471718,246.929672,83.743324,96.670128,14.397805,117.610001,60.482132,74.128731
2018-07-16,44.942631,96.748024,99.506645,88.983292,57.232021,64.010941,116.346260,34.467636,246.708878,83.648972,96.268402,14.093445,117.550003,60.158627,74.136826
2018-07-17,45.069748,97.707108,103.033958,88.918907,57.107136,64.413376,117.079330,34.612019,247.706879,83.617508,96.087227,14.110353,116.279999,59.761597,74.136826
2018-07-18,44.822575,96.941666,101.988564,89.747757,57.044689,64.163857,118.907745,34.451366,248.227966,83.593918,95.701248,14.237169,116.309998,59.496910,74.144913
2018-07-19,45.170979,96.277679,100.504234,88.428047,56.898991,63.942139,118.195602,34.620148,247.291824,83.719727,96.307846,14.220259,115.809998,60.195408,74.153030
2018-07-20,45.067398,98.002197,100.432388,89.546577,56.475780,63.901546,115.991447,34.563206,247.009247,83.554604,95.126228,14.321713,116.559998,59.614552,74.161087
2018-07-23,45.107430,99.569969,101.054855,91.212288,56.475780,63.763454,115.533630,34.331394,247.468414,83.263687,93.952522,14.372440,116.000000,59.489552,74.153030
2018-07-24,45.434647,99.284073,103.233482,91.856071,57.592808,64.153305,116.966362,34.612019,248.713699,83.381638,94.275536,14.448530,116.040001,59.188087,74.169235
2018-07-25,45.863083,102.207428,102.642952,92.684883,57.995193,64.543129,119.094238,34.111786,250.833313,83.389481,94.125801,14.642979,116.680000,59.658657,74.161087
2018-07-26,45.719494,101.091568,103.967690,92.419334,58.446171,65.046692,120.874580,34.195156,250.241638,83.342316,93.944603,14.642979,115.769997,59.857189,74.169235
2018-07-27,44.959110,99.302490,104.981163,93.368889,56.836555,65.444641,120.857628,33.955193,248.545959,83.405212,94.102203,14.583797,115.830002,59.217491,74.185402
2018-07-30,44.707226,97.172241,105.475967,93.932159,56.711666,65.136032,118.475418,33.802696,247.247711,83.318710,93.779236,14.668344,115.650002,59.254261,74.177299
2018-07-31,44.796680,97.826988,105.755264,92.499802,56.552074,65.688316,121.908813,34.069069,248.466476,83.389481,94.291229,14.583797,115.989998,60.246857,74.193535
2018-08-01,47.435658,98.011436,105.851036,93.071129,55.775047,65.501495,117.449593,34.142273,248.051392,83.303574,93.523056,14.372440,115.139999,60.673306,74.197563
2018-08-02,48.822239,99.201073,104.741760,93.465424,55.442001,66.597946,117.000290,34.457474,249.402649,83.335098,93.657257,14.456983,114.519997,60.430672,74.205711
2018-08-03,48.963486,99.634499,105.300392,94.221840,55.643200,66.865967,117.424149,34.803165,250.471359,83.516396,94.123093,14.507709,114.919998,61.085041,74.205711
2018-08-06,49.217720,99.717491,105.356239,94.246017,55.629353,67.020264,118.246468,34.774689,251.389816,83.571564,94.178368,14.533073,114.330002,61.004166,74.213821
2018-08-07,48.756321,100.409126,104.909370,94.592026,56.385578,67.117729,120.705017,34.697422,252.219971,83.421768,93.688835,14.642979,114.589996,60.893883,74.221893
2018-08-08,48.789276,100.971680,104.677902,94.785141,56.010921,66.882187,118.441483,34.585579,252.113983,83.421768,93.783562,14.465439,114.910004,60.540974,74.213821
2018-08-09,49.172997,101.137703,104.701828,94.052872,55.726452,66.110634,117.432617,34.742165,251.769501,83.539993,94.573097,14.406259,114.739998,60.570374,74.221893
2018-08-10,49.026527,100.519836,104.342735,93.127480,55.670383,66.134987,115.228432,34.758423,250.082703,83.721275,95.259918,14.406259,114.690002,60.107147,74.238144
2018-08-13,49.343079,99.791267,103.919785,91.646812,55.067539,66.208107,114.465462,34.833664,249.146606,83.768600,95.062569,14.330168,112.959999,59.989510,74.246284
2018-08-14,49.550983,101.036247,103.345222,92.258400,54.892319,66.037544,114.380692,34.963810,250.736252,83.689774,94.849403,14.355531,113.070000,60.283604,74.230019
2018-08-15,49.666733,99.666145,104.087372,91.493942,53.931999,66.841583,111.922134,35.132599,248.863831,83.807999,95.402031,14.042719,111.190002,60.746830,74.246284
2018-08-16,50.394344,99.647621,105.723351,92.354965,54.675022,67.970490,115.516678,35.543346,250.877548,83.855286,95.394127,14.152624,111.099998,61.239452,74.246284
2018-08-17,51.400726,99.592087,107.311462,92.354965,54.857269,67.970490,118.127792,35.620640,251.760818,83.902542,95.512581,14.211806,112.129997,61.805599,74.254379
2018-08-20,50.899895,98.934799,109.234688,92.234261,55.242794,67.929909,117.559792,35.443718,252.299438,84.068047,96.152069,14.237169,112.690002,61.849712,74.254379
2018-08-21,50.800686,98.110886,108.013718,92.797546,55.256802,68.141060,118.678856,35.104118,252.891144,83.997116,95.828339,14.262533,113.019997,61.474735,74.262482
2018-08-22,50.803043,99.110680,107.423157,92.515900,56.048889,67.726837,118.373665,34.917042,252.741058,84.068047,96.207321,14.465439,113.269997,61.129169,74.262482
2018-08-23,50.906990,99.573563,107.822166,92.322784,55.432053,67.605034,115.965981,34.900780,252.405502,84.020775,96.357285,14.440074,112.199997,60.974770,74.286789
2018-08-24,51.065262,100.351196,108.492508,92.282532,55.810574,67.702499,117.169823,35.118366,253.924530,84.115326,96.546799,14.549980,114.160004,61.335030,74.286789
2018-08-27,51.485764,101.462097,108.388092,93.916077,56.357334,67.767456,120.416779,34.866211,255.929337,84.005013,95.994164,14.600708,114.589996,61.114464,74.294930
2018-08-28,51.901546,102.073097,107.906082,93.457382,56.273209,67.799957,120.382858,34.683186,256.052979,83.847397,95.417831,14.541529,113.680000,61.937962,74.294930
2018-08-29,52.676407,103.702415,108.339897,93.151596,56.679745,67.808052,120.264153,34.904247,257.430817,83.831604,95.544136,14.702160,114.199997,61.952652,74.286789
2018-08-30,53.160702,103.637581,108.412178,92.692932,56.434418,67.743103,117.890434,34.965641,256.388611,83.871040,95.749428,14.676798,113.639999,61.555626,74.319260
2018-08-31,53.774914,103.989403,108.203346,92.202095,56.196102,67.369507,117.712379,34.816235,256.397461,83.863136,95.528381,14.693704,113.510002,61.798252,74.311157
2018-09-04,53.947376,103.415428,107.424065,92.660744,56.280216,67.166435,117.195297,34.801903,255.955811,83.769943,94.976074,14.609163,112.930000,61.062996,74.317665
2018-09-05,53.595367,100.434517,109.143250,92.210098,57.030239,67.645622,119.187515,35.127338,255.266937,83.730453,94.722786,14.549980,113.320000,61.415905,74.309540
2018-09-06,52.704765,100.665932,109.954636,91.815804,56.399376,67.125847,120.018349,35.577648,254.498581,83.872612,95.071007,14.465439,113.540001,61.592381,74.325813
2018-09-07,52.279533,100.175316,110.316116,91.992844,57.359692,66.524826,119.806404,35.225597,254.004044,83.572479,94.263931,14.499253,113.230003,60.923306,74.342033
2018-09-10,51.577896,101.258423,110.227760,91.501991,57.275581,66.906570,120.425240,35.211262,254.445587,83.651489,94.612061,14.549980,113.150002,61.195347,74.342033
2018-09-11,52.881950,102.980324,111.272110,92.081352,58.081692,66.606079,120.408287,35.235836,255.284515,83.509331,93.892036,14.693704,113.220001,61.187992,74.350166
2018-09-12,52.225193,103.415428,111.954964,90.995026,58.270947,67.499451,122.315765,35.307468,255.346512,83.564598,94.113579,14.795159,114.169998,61.217411,74.350166
2018-09-13,53.486698,104.526306,112.380730,91.349091,57.703175,67.775589,123.383934,35.737297,256.856689,83.619911,94.256004,14.634523,113.760002,61.518860,74.350166
2018-09-14,52.879570,104.952194,112.059395,91.333000,58.123745,67.905533,122.841347,35.542850,256.900879,83.461929,93.804993,14.541529,113.019997,61.129169,74.358292
2018-09-17,51.471592,103.813492,112.436974,91.606606,58.467197,68.425316,123.960442,35.585838,255.540680,83.461929,93.804993,14.524619,113.610001,61.327679,74.374565
2018-09-18,51.556637,104.804054,112.902916,91.976753,58.621429,68.222275,126.376595,35.499874,256.927399,83.280266,92.823814,14.659888,113.440002,61.033604,74.374565
2018-09-19,51.587353,103.406151,112.838661,94.648346,59.322376,68.222275,129.504837,34.625877,257.201202,83.122292,92.269936,14.752887,113.879997,60.320393,74.374565
2018-09-20,51.979515,105.137306,114.059731,95.461075,59.455570,69.326843,132.251602,34.646351,259.285492,83.232857,92.697205,14.752887,114.269997,60.886524,74.390785
2018-09-21,51.419640,105.776100,114.782761,94.833435,59.700897,69.700417,132.573761,34.951324,259.048523,83.296082,92.657661,14.786704,113.489998,60.864475,74.390785
2018-09-24,52.159039,106.155617,112.846710,93.924126,60.703281,68.441551,130.556076,34.552200,258.188019,83.217056,92.420273,15.006518,113.470001,59.771496,74.398880
2018-09-25,52.489777,105.951965,111.376534,93.658592,60.633194,67.507584,130.632339,34.151031,257.948456,83.177536,92.325302,15.040336,113.650002,59.778954,74.398880
2018-09-26,52.071629,105.516876,110.990967,92.556137,60.128502,67.621269,129.852417,33.659779,257.176666,83.375053,92.974129,14.972698,113.050003,59.063206,74.398880
2018-09-27,53.141800,105.914963,111.039108,92.153778,60.121483,67.296379,129.259033,33.893124,257.895172,83.430298,93.037453,15.040336,112.050003,59.346512,74.415161
2018-09-28,53.328438,105.877930,110.998978,90.801918,59.595757,67.596916,129.275940,34.304539,257.921875,83.343399,92.792152,15.192514,112.760002,60.151730,74.415161
2018-10-01,53.687519,107.025864,112.220070,91.333000,60.149517,67.954247,129.097885,34.179684,258.817993,83.321281,92.110931,15.479961,112.570000,59.592560,74.420105
2018-10-02,54.164707,106.599968,112.854729,91.711220,60.605145,68.514656,131.251221,34.660683,258.667114,83.416275,92.674004,15.530689,113.870003,59.458351,74.428177
2018-10-03,54.823822,106.618515,111.689865,92.572227,60.387848,67.434464,134.133667,34.435528,258.808899,83.020416,91.064140,15.674414,113.419998,58.824635,74.428177
2018-10-04,53.859959,104.415230,111.946907,93.406853,59.988300,66.532959,132.887451,34.642262,256.786194,82.782883,90.421753,15.505326,113.480003,58.332546,74.444443
2018-10-05,52.985886,103.804222,111.746086,92.880150,59.820084,66.719780,129.971130,35.280865,255.348984,82.600769,89.644600,15.471507,113.800003,58.302734,74.452606
2018-10-08,52.863037,102.619255,111.979050,93.447395,60.373821,66.922813,130.004990,35.475307,255.348984,82.569107,89.343246,15.429237,112.540001,59.145210,74.452606
2018-10-09,53.595367,103.924568,111.826416,92.799110,60.640205,66.760368,126.707230,35.559231,254.976379,82.687874,90.247299,15.539143,112.599998,59.227230,74.444443
2018-10-10,51.112499,98.277527,110.645493,90.327606,59.245266,66.143120,121.841026,35.358631,246.903030,82.664139,90.001465,15.234786,112.879997,58.347462,74.460739
2018-10-11,50.661289,98.046082,107.520454,87.621101,57.198475,64.055862,119.509674,34.609501,241.464569,82.909569,91.095833,15.006518,115.779999,56.677418,74.468903
2018-10-12,52.470871,101.434326,107.544548,86.664925,57.044270,64.210175,120.442223,34.664780,244.818192,82.933327,90.778641,15.124877,115.230003,56.528305,74.468903
2018-10-15,51.348755,99.610611,107.608826,86.170601,56.651718,65.079170,120.213303,34.722073,243.443054,82.877884,90.739014,15.158697,116.000000,56.908535,74.477013
2018-10-16,52.480328,102.758163,109.705582,88.018173,56.918091,65.793892,121.832550,35.059795,248.766083,82.925430,90.945190,15.226332,115.800003,58.079075,74.485184
2018-10-17,52.253544,102.489655,112.035316,88.998680,57.128372,66.484222,119.823357,34.963608,248.810532,82.759132,90.405922,15.091062,115.790001,57.855400,74.485184
2018-10-18,51.032192,100.443771,112.067467,87.588684,57.373714,65.744354,115.126694,35.117115,245.217392,82.703751,90.374207,14.921973,115.919998,57.743565,74.485184
2018-10-19,51.809414,100.591888,111.705917,87.442856,57.457832,71.528938,112.038269,35.503963,245.084259,82.632469,90.175934,15.006518,116.010002,58.243095,74.493317
2018-10-22,52.125980,101.489861,111.408669,86.186813,56.883045,70.955406,109.811470,35.340214,243.984253,82.616638,90.056969,15.023427,115.709999,57.430428,74.509529
2018-10-23,52.617344,100.073471,111.609535,85.287354,55.964783,71.414253,101.510124,34.924713,242.742126,82.719551,90.342484,14.693704,116.389999,57.683914,74.509529
2018-10-24,50.812492,94.722641,110.436615,83.699097,54.408649,73.298721,95.845070,35.941978,235.387405,82.933327,91.024475,14.592254,116.660004,58.228176,74.517738
2018-10-25,51.925179,100.258629,111.239983,84.971321,54.892319,72.921837,98.651993,35.450748,239.610321,82.862061,90.643867,14.651435,116.400002,58.973732,74.525826
2018-10-26,51.098339,99.018112,110.034966,83.804443,54.345558,71.987770,98.157158,34.773254,235.396286,83.052063,91.191002,14.761340,116.769997,57.557190,74.533989
2018-10-29,50.139214,96.139046,110.500908,84.963211,54.009094,72.299126,97.244270,35.364780,234.092133,82.965019,90.984810,14.609163,116.309998,58.287815,74.533989
2018-10-30,50.389622,96.027985,113.071617,86.462311,55.221775,73.077530,100.213303,35.522388,237.560944,82.846237,90.532806,14.533073,115.800003,59.085575,74.533989
2018-10-31,51.703098,98.879242,112.461075,88.342285,55.852634,72.659653,103.506538,35.307468,240.098373,82.806633,90.072861,14.338622,115.150002,58.392212,74.542107
2018-11-01,52.496868,98.055351,113.127884,88.309898,56.546577,73.405251,106.390251,34.891968,242.653442,83.015907,90.156326,14.237169,116.629997,58.668056,74.558418
2018-11-02,49.014713,98.277527,113.015381,87.823692,57.443817,73.585510,107.320190,34.417103,241.216232,82.769272,89.035431,14.203351,116.650002,58.183453,74.558418
2018-11-05,47.623268,99.527275,114.236496,88.399017,57.226521,74.724396,107.849174,34.941097,242.546997,82.824936,89.385201,14.194898,116.370003,59.048283,74.566589
2018-11-06,48.138275,99.721687,114.533714,88.812286,57.471848,74.978424,110.340408,35.094604,244.081833,82.832932,89.329529,14.135715,116.040001,59.346512,74.566589
2018-11-07,49.598217,103.646866,116.285019,90.335724,58.200859,74.798141,115.263206,35.520344,249.307327,82.904533,89.448807,14.101899,116.029999,60.054787,74.574738
2018-11-08,49.425179,103.452469,116.726875,91.065002,57.275581,74.855507,112.097954,35.606308,248.854858,82.753342,89.440834,14.017355,115.779999,60.099541,74.582932
2018-11-09,48.472176,101.434326,116.759003,90.181755,57.261425,75.715797,108.275757,36.138481,246.423904,82.856796,90.108627,13.865177,114.480003,60.092064,74.599220
2018-11-12,46.030430,98.934799,116.983940,88.285568,56.525028,75.953423,106.646202,36.533516,241.819458,82.992020,90.696907,13.831359,113.660004,60.211361,74.591057
2018-11-13,45.570545,98.999611,116.228767,88.804199,55.229275,76.584328,107.465210,36.568302,241.366974,83.023827,90.641197,13.450912,113.699997,60.151730,74.599220
2018-11-14,44.283287,97.595695,115.883347,86.972870,54.797333,76.600700,106.731483,36.191689,239.716812,83.031815,90.696907,13.569272,114.639999,60.002628,74.591057
2018-11-15,45.376144,99.743408,116.084160,89.193146,55.363808,76.879295,110.417213,36.674725,242.218674,83.135216,90.657097,13.543911,114.769997,59.592560,74.615463
2018-11-16,45.878708,100.682449,117.281174,89.128334,55.909019,76.871086,110.877914,36.922398,242.848587,83.270515,91.181786,13.628455,115.620003,60.233719,74.623642
2018-11-19,44.060448,97.270271,118.679031,89.808990,56.093105,76.436813,107.482315,37.253983,238.740936,83.262573,91.436203,13.628455,115.669998,60.315735,74.615463
2018-11-20,41.955330,94.564705,117.650711,87.880417,54.499966,75.461800,104.317039,36.590816,234.322739,83.230728,91.467995,13.214190,115.669998,59.696926,74.631844
2018-11-21,41.907917,95.866356,114.067780,87.224052,54.917717,74.896477,105.682137,36.060680,235.121201,83.286385,91.436203,13.324096,115.860001,59.749126,74.648140
2018-11-23,40.843502,95.829147,114.260590,86.421814,53.452019,75.002975,104.359711,36.296089,233.550919,83.262573,91.531586,12.935194,115.769997,59.629833,74.648140
2018-11-26,41.395859,98.990311,114.292892,88.536766,54.507034,75.330711,106.475563,36.234676,237.321442,83.246643,91.324898,12.994375,115.639999,59.741646,74.656242
2018-11-27,41.305782,99.613220,115.788567,88.909554,54.556610,75.969795,106.304932,36.433212,238.119904,83.270515,91.428253,12.943650,114.949997,59.995159,74.656242
2018-11-28,42.894089,103.313637,118.391884,89.898125,55.547894,76.207436,111.568993,36.443447,243.602737,83.429619,90.983078,12.901378,115.379997,60.531960,74.664383
2018-11-29,42.564590,102.448959,117.914848,89.185043,55.979809,76.051727,111.108276,36.480515,243.070374,83.469414,91.340820,12.985921,115.739998,60.546864,74.672546
2018-11-30,42.334625,103.099808,118.763741,90.100716,56.291363,77.436455,115.749496,37.425900,244.551987,83.445518,91.682671,12.926741,115.540001,61.120953,74.680695
2018-12-03,43.813900,104.215462,118.205917,90.951584,57.509251,76.461411,118.547935,37.586555,247.790253,83.581932,92.333611,13.222646,116.410004,61.448982,74.678276
2018-12-04,41.886581,100.896301,118.060387,86.891808,56.241802,76.453224,110.331894,37.520649,239.761200,83.805222,93.879433,13.231099,117.120003,60.539394,74.686409
2018-12-06,41.419567,101.519226,117.963348,85.238716,55.505417,76.649872,109.521362,37.621563,239.397446,84.012604,94.174225,13.121192,117.139999,62.037983,74.702766
2018-12-07,39.942677,97.456192,117.575272,83.699097,54.974361,75.748581,105.409111,37.662758,233.834885,84.124268,94.349525,13.273370,118.089996,61.225315,74.710968
2018-12-10,40.205814,100.031609,117.437820,82.135170,54.195484,76.223793,105.272621,37.611263,234.278412,84.180084,94.739937,13.062010,117.680000,60.830166,74.719101
2018-12-11,39.975861,100.961349,118.440361,81.332947,54.294632,76.944855,105.144608,37.687477,234.331650,84.204002,94.724014,13.138101,117.540001,60.860008,74.710968
2018-12-12,40.087273,101.416954,118.925438,81.859642,53.827290,77.043159,106.961884,37.343513,235.511520,84.140190,94.301689,13.095829,117.790001,59.920582,74.727280
2018-12-13,40.525833,101.760941,119.523682,81.940689,54.507034,79.058754,107.414078,37.526829,235.431717,84.164131,94.078613,13.264916,117.529999,60.266884,74.735435
2018-12-14,39.229111,98.581230,107.526039,81.268105,53.515747,79.181648,108.156303,37.329102,231.084549,84.188019,94.405319,13.062010,117.059998,60.093384,74.743553
2018-12-17,38.864040,95.661804,104.405380,80.230888,52.425320,76.010788,106.194031,36.177750,226.551041,84.331558,94.955109,12.909832,117.870003,57.829979,74.751755
2018-12-18,39.368980,96.665932,105.440201,79.850021,50.980858,75.781364,106.023392,36.249847,226.302628,84.579300,95.523788,12.639292,118.150002,58.425980,74.751755
2018-12-19,38.140999,96.405602,103.168427,78.837112,50.117012,75.183228,104.368225,35.945011,222.913651,84.659233,96.785728,12.690019,117.430000,57.784687,74.743568
2018-12-20,37.178516,94.378754,103.702019,78.156441,48.594669,74.544144,103.702766,36.025341,219.285019,84.579300,96.434288,12.571655,119.239998,56.917068,74.759979
2018-12-21,35.732441,91.329178,103.556473,76.308876,48.233555,74.535965,102.440079,35.860569,214.792007,84.539352,96.418327,12.461750,118.720001,56.124866,74.776329
2018-12-24,34.807896,87.517227,99.312035,74.663910,46.385509,71.578117,99.778168,34.618595,209.116531,84.595322,96.897522,12.323868,120.019997,54.125530,74.784454
2018-12-26,37.259117,93.495491,102.440804,77.759377,48.601749,73.814926,106.441437,35.084080,219.682144,84.435471,95.859222,12.597920,119.660004,55.936249,74.776329
2018-12-27,37.017311,94.071938,103.006737,78.634506,48.814175,75.396248,108.070984,35.458939,221.368698,84.571335,95.875229,12.478022,120.570000,55.928688,74.800850
2018-12-28,37.036282,93.337425,102.893517,78.464363,48.268967,74.708015,107.166641,35.574272,221.083160,84.883011,96.681877,12.375252,121.059998,56.109768,74.809036
2018-12-31,37.394238,94.434547,104.332603,79.104523,48.283123,75.314331,108.412262,35.800835,223.019547,85.098770,97.049278,12.409510,121.250000,56.260654,74.817192
2019-01-02,37.436920,94.016136,103.281624,80.473969,49.345226,74.789955,107.823547,34.979031,223.251572,85.162727,97.560455,12.443766,121.330002,55.038437,74.809036
2019-01-03,33.707924,90.557487,101.640419,79.330322,48.587601,74.265564,103.668633,34.892529,217.924179,85.514297,98.670593,12.546536,122.430000,55.423218,74.833572
2019-01-04,35.146893,94.769226,103.346283,82.254837,50.379017,75.781364,109.333672,35.535141,225.223740,85.258591,97.528503,12.717820,121.440002,56.072067,74.841766
2019-01-07,35.068665,94.890099,102.683350,82.312050,50.640999,75.478195,109.401917,35.483646,226.999527,85.114777,97.240982,12.812025,121.860001,56.622814,74.841766
2019-01-08,35.737175,95.578133,105.068321,82.156815,51.009178,75.756775,110.715828,35.743156,229.132263,85.050789,96.985382,12.940490,121.529999,57.792240,74.841766
2019-01-09,36.344055,96.944847,104.235596,82.017952,51.278255,74.519577,111.142410,35.588696,230.203125,85.122726,96.833641,13.197414,122.309998,57.709263,74.841766
2019-01-10,36.460220,96.321915,104.866196,82.009789,51.016266,74.699829,113.437401,36.124195,231.015152,85.026833,96.210663,13.163157,121.589996,58.493893,74.849915
2019-01-11,36.102257,95.578133,104.898537,81.617645,50.782612,75.191422,112.703705,36.190102,231.104370,85.146706,96.586021,13.120337,121.800003,58.659878,74.866272
2019-01-14,35.559391,94.880836,103.710091,82.459091,50.718887,74.683434,112.447762,35.267387,229.694427,85.026833,96.226616,13.009002,122.089996,58.463722,74.858101
2019-01-15,36.287163,97.632866,104.583229,83.063606,50.747200,75.388084,111.500732,35.986206,232.326996,85.042809,95.875229,13.111773,121.879997,59.022030,74.874458
2019-01-16,36.730465,97.976860,103.516060,83.733452,50.725952,74.863708,112.328323,35.977959,232.889099,85.114777,95.971062,13.180286,122.269997,59.436958,74.882668
2019-01-17,36.948574,98.664902,104.364952,84.076538,51.072910,74.852943,114.785454,36.144810,234.655975,85.050789,95.995003,13.188850,122.110001,59.723686,74.899040
2019-01-18,37.176159,100.143188,105.658485,85.440819,51.681854,75.497101,117.292709,36.268372,237.779236,84.986908,95.491829,13.325877,121.019997,59.927383,74.899040
2019-01-22,36.341686,98.255806,104.130493,84.092896,50.902966,74.687782,113.548981,36.534084,234.566788,85.058784,96.138748,13.231670,121.449997,59.746311,74.907204
2019-01-23,36.488667,99.213417,104.130493,83.880501,50.485229,78.321419,113.188324,36.946003,235.057541,85.146706,96.098824,13.214542,121.279999,59.753853,74.907204
2019-01-24,36.199451,98.739258,102.699493,83.929497,50.556023,77.875473,113.969696,37.131367,235.182419,85.290550,96.729805,13.248798,121.089996,59.957550,74.931717
2019-01-25,37.398979,99.641113,103.669632,84.460518,50.782612,77.297417,117.515984,35.879105,237.172470,85.250641,96.266533,13.317313,122.860001,60.704483,74.923531
2019-01-28,37.052868,97.697945,104.284111,84.860794,50.442726,77.231331,106.791321,35.522789,235.369904,85.202660,96.170746,13.137465,123.290001,61.300507,74.931717
2019-01-29,36.668835,95.708282,105.367447,85.097702,50.633911,77.247841,108.646027,35.603115,235.057541,85.426376,96.657921,13.265928,123.980003,61.783363,74.931717
2019-01-30,39.174587,98.906609,106.426529,85.293755,51.186192,78.057152,111.720024,35.753460,238.778702,85.618172,96.586021,13.360134,124.690002,62.281334,74.948112
2019-01-31,39.456692,97.093628,107.590744,84.550377,51.887184,79.667534,114.338943,36.863613,240.875702,85.873901,97.416695,13.291621,124.750000,62.930161,74.948112
2019-02-01,39.475655,95.559502,108.496201,84.860794,53.756496,80.493347,112.406990,36.624702,240.991791,85.696045,96.828331,13.411519,124.500000,62.530289,74.955467
2019-02-04,40.596954,98.311600,107.429062,85.163063,52.977608,80.955803,112.381203,36.682369,242.687286,85.623940,96.396049,13.420083,123.959999,62.998077,74.963661
2019-02-05,41.291557,99.687614,107.429062,84.787277,53.522820,80.468590,113.342888,36.696785,243.704498,85.808235,96.836281,13.360134,124.279999,63.360199,74.963661
2019-02-06,41.305782,98.581230,107.526039,84.746414,53.289173,80.864998,112.089264,36.682369,243.383224,85.760155,96.884361,13.377262,123.440002,62.945255,74.980072
2019-02-07,40.523476,97.874580,106.758026,83.635422,52.878479,80.220810,110.577988,37.351749,241.063187,85.800194,97.524742,13.248798,123.739998,63.465839,74.980072
2019-02-08,40.571098,98.246506,107.040970,82.802185,52.964413,80.691544,110.423447,37.693642,241.357651,85.992508,97.941017,13.265928,124.209999,63.465839,74.996452
2019-02-11,40.337765,97.856026,106.717567,82.410057,53.050304,81.154015,110.706787,37.693642,241.491486,85.904335,97.556786,13.188850,123.599998,63.639362,74.988274
2019-02-12,40.685356,99.380806,108.463875,83.815155,53.981014,81.971588,113.918205,37.747200,244.596909,85.920364,97.308609,13.265928,123.860001,63.239521,75.004616
2019-02-13,40.516331,99.306404,108.698349,84.215446,54.589546,81.955032,114.287415,37.660698,245.391129,85.768181,96.940369,13.343005,123.370003,63.563923,75.004616
2019-02-14,40.663940,99.390121,108.585152,83.668121,54.603867,81.310905,113.875275,37.611263,244.846756,85.896378,97.492775,13.377262,124.059998,63.767616,75.021004
2019-02-15,40.573475,100.617348,110.258682,86.225052,55.634811,81.327423,116.949242,37.905796,247.514954,85.960411,97.644852,13.625624,124.800003,64.197678,75.021004
2019-02-19,40.694889,100.570869,109.700829,85.922791,56.007084,82.574425,116.605789,38.179741,247.943237,86.008522,97.892990,13.659881,126.699997,64.182579,75.037437
2019-02-20,40.956768,100.048004,110.234421,86.339394,56.221863,81.988098,120.478325,38.235340,248.443008,86.016533,97.612823,13.702702,126.480003,63.782738,75.037437
2019-02-21,40.725838,102.158195,109.482544,86.159668,55.713547,82.401009,119.250465,38.424824,247.559692,85.824249,96.740273,13.745521,125.050003,63.843086,75.045631
2019-02-22,41.180561,103.614799,110.436523,85.775734,56.143112,82.789162,119.078735,38.748199,249.094421,86.040543,97.316620,13.779779,125.500000,64.220306,75.062027
2019-02-25,41.480541,104.193718,110.843452,86.674362,56.200405,82.227577,121.422867,38.696705,249.433563,86.016533,97.028419,13.574239,125.370003,63.714809,75.053818
2019-02-26,41.504353,104.912666,110.770226,86.012642,56.314945,82.442322,118.477669,38.768795,249.255035,86.112671,97.508766,13.634187,125.580002,63.518669,75.062027
2019-02-27,41.632915,104.735260,110.574875,85.906433,56.894836,81.682549,119.851517,38.733543,249.147964,85.928406,96.404068,13.702702,124.690002,63.201763,75.070221
2019-02-28,41.223419,104.604546,111.201515,85.252930,56.579830,81.385262,117.928116,38.922222,248.683945,85.776184,96.075829,13.668444,123.989998,63.367760,75.086601
2019-03-01,41.656723,105.071404,112.593193,85.310112,57.274288,81.294395,118.039764,38.889042,250.236679,85.637215,95.187820,13.514290,121.879997,63.171608,75.094810
2019-03-04,41.866245,104.819290,112.698967,85.114044,57.496220,81.649506,118.795341,39.030037,249.326492,85.741653,95.933838,13.557110,121.559998,63.458282,75.086601
2019-03-05,41.790051,104.296417,112.934990,85.048691,57.410316,81.831169,117.756409,39.046631,248.987289,85.797836,96.134377,13.625624,121.720001,63.631813,75.094810
2019-03-06,41.549595,104.343102,113.195412,84.730087,56.758808,81.699074,115.772903,38.891121,247.479324,85.926353,96.487343,13.548546,121.610001,63.337585,75.103012
2019-03-07,41.068676,103.073250,112.503677,84.117393,57.388840,81.385262,114.029800,38.965767,245.409012,86.167282,97.113083,13.514290,121.510002,63.201763,75.119438
2019-03-08,41.166275,103.185318,112.357162,84.150078,56.565521,81.269646,112.784760,39.125427,244.918213,86.279755,97.522179,13.505726,122.839996,63.269672,75.127670
2019-03-11,42.592373,105.351524,112.764084,85.244759,57.116768,82.235840,114.295990,39.291298,248.469803,86.287796,97.233391,13.522853,122.239998,64.197678,75.127670
2019-03-12,43.070919,106.089142,113.268646,84.991516,57.274288,82.623970,113.755043,39.579487,249.406738,86.448387,97.915260,13.608496,122.980003,64.491905,75.135872
2019-03-13,43.261375,106.910805,113.455803,85.277412,57.782589,83.557190,114.630867,39.596085,251.057617,86.408234,97.730774,13.694137,123.839996,64.808784,75.144089
2019-03-14,43.742298,106.994873,112.324631,86.053497,57.589298,83.672798,114.794014,39.598164,250.897049,86.279755,97.024826,13.634187,122.410004,64.906868,75.144089
2019-03-15,44.311302,108.227379,111.982811,87.041946,57.381672,84.597717,113.918205,39.652077,252.136597,86.496605,97.666595,13.634187,122.970001,64.703171,75.152290
2019-03-18,44.763657,109.777344,111.632851,87.564774,58.047497,83.829681,115.146072,39.575348,253.050827,86.480492,97.610413,13.702702,123.040001,64.378754,75.160477
2019-03-19,44.408928,109.852051,112.666412,87.246178,57.897137,84.151764,115.188980,39.083954,253.113541,86.432327,97.393837,13.736959,123.379997,64.182579,75.160477
2019-03-20,44.796982,109.730637,111.730515,85.383614,58.219307,84.003113,114.210144,39.368011,252.351715,86.785698,98.412590,13.839727,124.180000,64.378754,75.160477
2019-03-21,46.446873,112.251709,112.389702,84.035736,58.555805,84.639000,115.111740,39.790989,255.201920,86.801773,98.629227,13.771215,123.680000,65.525543,75.185143
2019-03-22,45.485046,109.291824,111.421265,81.495132,57.617947,83.953560,111.428093,40.209820,250.290237,87.235451,100.161407,13.651317,123.970001,65.050209,75.185143
2019-03-25,44.935078,109.861366,111.177116,80.817093,57.217022,84.201294,112.810516,40.143475,250.102051,87.396095,100.321846,13.702702,124.919998,65.133224,75.185143
2019-03-26,44.470833,110.094826,112.772224,81.625816,57.961578,85.076683,113.205498,40.431675,251.966232,87.412140,100.249619,13.728394,124.300003,65.653801,75.193344
2019-03-27,44.870800,109.030388,112.878059,81.348061,57.517704,84.977592,112.655983,40.207745,250.648804,87.596870,101.172157,13.651317,123.650002,65.465195,75.201569
2019-03-28,44.930317,109.179764,113.024490,82.271187,57.804089,85.514381,113.660614,39.793060,251.598785,87.604919,101.525108,13.608496,121.900002,66.100418,75.217987
2019-03-29,45.223160,110.122833,113.765083,82.695969,57.847050,85.927299,116.339607,40.083336,253.185242,87.596870,101.428856,13.617060,122.010002,66.039642,75.217987
2019-04-01,45.530281,111.131233,113.105881,85.481651,58.512844,85.588707,120.426842,39.496555,256.187866,87.195930,99.988205,13.745521,121.529999,66.001656,75.231148
2019-04-02,46.192139,111.289970,112.072350,85.890099,58.262253,85.679543,120.375298,39.287140,256.313354,87.292549,100.173042,13.779779,121.980003,66.465179,75.222939
2019-04-03,46.508797,112.018265,111.632851,86.061668,57.918621,85.629990,119.576767,39.251896,256.716675,87.131531,99.304810,13.796907,121.800003,66.389160,75.231148
2019-04-04,46.589725,111.448677,110.330727,86.893051,58.741940,85.415276,120.323776,39.063213,257.397766,87.195930,99.586235,13.805472,122.110001,66.282799,75.255852
2019-04-05,46.901611,111.943596,110.827141,86.687263,59.056934,85.596977,120.521286,39.411556,258.643707,87.260361,99.714828,13.848293,121.980003,66.746307,75.255852
2019-04-08,47.639664,111.980919,110.794586,86.967125,59.422077,86.687050,120.057617,39.112976,258.840942,87.220085,99.361092,13.899678,122.510002,66.373970,75.255852
2019-04-09,47.496811,111.374008,110.330727,86.325066,58.656040,86.431053,117.078072,39.334839,257.514435,87.268364,99.674622,13.873986,123.150002,66.024414,75.264084
2019-04-10,47.763462,112.223671,110.338882,86.711945,58.391140,86.422768,118.091301,39.108833,258.392761,87.437492,99.915825,13.993884,123.529999,66.632339,75.264084
2019-04-11,47.365868,112.354401,110.037758,87.444580,58.670349,86.505363,119.241905,39.403263,258.320953,87.332848,99.328934,13.925369,121.949997,66.586716,75.288765
2019-04-12,47.346821,112.933327,110.664398,91.543915,57.932934,86.761383,121.242538,39.571205,260.068787,87.163712,98.621437,13.968191,121.830002,66.905869,75.288765
2019-04-15,47.432533,113.026688,111.103897,90.498505,57.739628,87.314690,120.426842,39.635475,259.898529,87.147636,98.870674,13.942498,121.599998,66.563942,75.296989
2019-04-16,47.437294,112.765228,112.324631,91.453362,58.133400,87.884499,121.955246,39.295444,260.068787,86.994675,98.251610,13.891112,120.510002,65.059425,75.296989
2019-04-17,48.361042,113.698929,112.731529,94.087494,58.298061,88.030869,122.564850,39.322399,259.432434,86.986618,98.291832,13.839727,120.279999,64.466713,75.313446
2019-04-18,48.534836,115.192917,111.917725,93.396057,58.083267,88.197205,123.843391,39.262272,259.943329,87.099342,98.806328,13.882548,120.370003,64.960625,75.321671
2019-04-22,48.694347,115.557068,112.169998,93.511276,59.350475,88.163933,122.996849,39.473751,260.167450,86.994675,98.332031,13.951064,120.370003,64.246361,75.321671
2019-04-23,49.396683,117.125717,113.854591,93.626511,59.694118,85.793739,122.694481,39.351425,262.506744,87.147636,98.541016,13.968191,120.120003,65.097404,75.321671
2019-04-24,49.320511,116.724205,113.284920,93.470139,58.534325,86.234489,118.979836,39.407410,261.924103,87.348915,99.345009,13.916806,120.470001,65.576118,75.338135
2019-04-25,48.872913,120.589790,113.651146,93.519516,58.863644,85.893501,117.597687,39.494499,261.762848,87.340851,99.200264,13.891112,120.570000,65.439346,75.354568
2019-04-26,48.639599,121.280762,114.253410,94.227448,57.625088,88.039169,120.102852,39.749523,262.981720,87.517967,99.537933,13.728394,121.370003,65.956055,75.346336
2019-04-29,48.713390,121.168732,113.805801,95.585648,57.252804,87.140991,120.094269,39.761959,263.394012,87.364998,98.902817,13.736959,120.830002,65.310181,75.354568
2019-04-30,47.775372,121.943726,114.912605,95.528038,57.474747,88.554832,120.439774,40.315559,263.528473,87.421349,99.409317,13.779779,121.199997,65.933266,75.362785
2019-05-01,50.120449,119.404015,115.522964,94.795410,56.322105,87.265747,119.342674,40.072979,261.547638,87.477852,99.819382,13.736959,120.400002,65.986443,75.366089
2019-05-02,49.794270,117.844681,114.977676,95.001213,55.334122,87.789688,116.768379,39.751591,260.983032,87.284172,99.344032,13.582803,119.940002,66.054840,75.374336
2019-05-03,50.413273,120.356377,115.571785,95.585648,55.462997,88.222153,120.128784,39.894657,263.537476,87.429398,99.626030,13.591368,120.650002,66.617126,75.382576
2019-05-06,49.634773,119.656090,115.636909,94.737778,55.219563,87.889496,118.141884,39.581562,262.452942,87.542442,99.899971,13.634187,120.809998,66.404373,75.390793
2019-05-07,48.296757,117.200386,113.911552,93.190239,54.926029,87.074455,115.472557,39.343140,258.070038,87.647293,100.665314,13.462904,121.209999,65.203804,75.399063
2019-05-08,48.306286,117.191078,113.765083,92.696365,55.011944,87.382202,113.986725,38.955395,257.711487,87.631157,100.230286,13.480032,120.910004,65.135391,75.399063
2019-05-09,47.787270,117.181755,112.902428,92.622269,54.961830,86.691910,113.338837,39.106766,256.931763,87.679604,100.641144,13.411519,121.199997,65.302567,75.407310
2019-05-10,47.125248,118.703697,113.162857,92.614037,55.439766,88.163933,113.459763,39.759876,258.222412,87.695709,100.504204,13.437212,121.430000,66.001656,75.423790
2019-05-13,44.386356,115.174240,111.657257,90.095154,54.824257,88.247108,108.242035,40.417156,251.733261,87.841011,101.293770,13.368698,122.669998,65.933266,75.415573
2019-05-14,45.089005,116.462769,111.348007,90.811310,54.896664,87.822968,110.116623,40.410942,254.009872,87.913658,100.995636,13.548546,122.459999,66.176430,75.423790
2019-05-15,45.629128,118.102829,111.421265,90.465591,55.302181,88.737793,109.969772,40.402641,255.497681,88.066948,101.615990,13.668444,122.389999,66.624725,75.432060
2019-05-16,45.428391,120.830025,112.479240,91.626228,55.294941,89.910393,109.373703,40.869156,257.863892,87.962044,101.277596,13.745521,121.510002,66.890686,75.440277
2019-05-17,45.170265,120.024048,112.804764,91.181740,54.969090,89.361519,106.047829,41.256897,256.196869,87.986237,101.503166,13.617060,120.650002,66.761505,75.448502
2019-05-20,43.757801,118.290253,112.650131,91.659149,54.961834,89.261726,105.762749,41.333614,254.502777,87.865181,101.293770,13.677010,120.639999,65.796494,75.456779
2019-05-21,44.596684,118.927559,112.405960,91.971977,55.215279,88.463348,107.939690,41.240307,256.797272,87.857170,101.132607,13.685574,120.360001,66.358780,75.456779
2019-05-22,43.683712,119.649170,112.926849,91.222885,54.715630,88.754402,106.738907,41.868549,256.008575,88.002373,101.712685,13.488596,120.239998,66.556351,75.473267
2019-05-23,42.938038,118.252785,113.765083,89.428391,53.433926,88.787674,105.615875,42.200291,252.880478,88.260658,102.856712,13.205978,121.169998,66.708321,75.489746
2019-05-24,42.773129,118.309021,113.773270,90.309174,53.658390,88.729454,106.168770,42.167137,253.454147,88.292915,102.945320,13.385825,121.300003,66.913490,75.489746
2019-05-28,42.596260,118.234047,112.314789,89.329605,52.579433,86.874863,105.037109,41.710976,251.096878,88.421974,103.686493,13.497160,120.830002,66.252388,75.497978
2019-05-29,42.393127,117.090691,107.611420,89.082664,52.253567,86.650330,104.942085,41.202984,249.411880,88.446236,104.000679,13.445775,120.870003,65.370956,75.497978
2019-05-30,42.612999,117.831047,108.250549,88.127785,52.115971,87.598396,105.253090,41.248608,250.093033,88.680244,104.894943,13.308748,121.690002,65.644493,75.522713
2019-05-31,41.841042,115.909836,107.463921,87.222321,51.247028,85.585808,103.499435,41.357098,246.722931,89.091820,106.208183,12.957617,123.330002,66.024414,75.522713
2019-06-03,41.418022,112.311066,107.701546,87.633888,52.050812,86.325981,104.225075,41.642956,246.095581,89.302124,106.918602,12.914796,125.110001,66.184013,75.519371
2019-06-04,42.933262,115.422501,109.577965,90.333862,53.289082,87.057838,105.460396,41.601223,251.437485,89.221283,105.699516,12.991873,125.150002,65.887665,75.535904
2019-06-05,43.626339,117.924759,110.110580,90.654915,52.847374,88.762741,106.358818,42.700829,253.615463,89.172722,105.102180,12.726384,125.470001,67.263008,75.535904
2019-06-06,44.266861,119.789742,111.995186,90.852463,53.810459,89.303314,106.592056,42.932423,255.264587,89.156548,105.441223,12.949052,125.879997,67.392189,75.560707
2019-06-07,45.445110,123.144821,113.527451,89.856445,54.005974,90.459305,107.516380,42.646580,257.819153,89.407326,106.353455,12.991873,126.589996,67.642944,75.552452
2019-06-10,46.025867,124.269455,113.912560,90.827782,54.244942,90.417740,108.622124,42.444180,259.002136,89.172722,105.352409,12.957617,125.330002,67.422577,75.568970
2019-06-11,46.558826,123.800896,114.535324,91.107643,54.194256,90.966629,109.952499,42.141644,258.939453,89.156548,105.416985,13.043259,125.180000,67.604942,75.560707
2019-06-12,46.410652,123.229179,116.092186,89.947006,53.607693,91.216110,109.797020,42.679970,258.482391,89.269760,105.497681,12.863412,125.830002,67.832924,75.568970
2019-06-13,46.401096,124.007050,115.297348,90.169228,54.078396,92.239059,109.857437,42.725876,259.549011,89.463913,105.861008,13.026131,126.599998,68.121666,75.593742
2019-06-14,46.064110,124.128860,114.789330,90.399719,53.839428,92.480240,109.909286,43.182808,259.262207,89.439651,106.127403,13.077516,126.559998,68.159653,75.602005
2019-06-17,46.338951,124.503769,114.256721,89.905838,54.375290,92.305573,109.987030,43.059700,259.360657,89.415367,106.313057,13.017567,126.480003,68.889122,75.602005
2019-06-18,47.428772,126.668617,114.904015,91.132324,54.845978,91.149582,112.587273,42.861500,262.076508,89.658035,106.845901,13.171722,127.120003,68.820717,75.602005
2019-06-19,47.290161,127.165337,115.084335,90.473816,54.541843,91.831566,112.829155,43.032585,262.667999,89.965439,106.999321,13.146030,127.889999,69.193077,75.618500
2019-06-20,47.670170,128.346207,116.526436,90.704315,55.475979,92.929329,115.438026,43.061798,265.177673,90.119164,107.281883,13.411519,131.110001,69.542603,75.626785
2019-06-21,47.507637,128.364899,116.428146,90.086922,56.258034,92.480240,115.662605,43.305916,264.792236,89.884560,106.103233,13.445775,131.979996,68.562386,75.626785
2019-06-24,47.459850,129.124039,117.222961,89.444862,55.722172,93.420029,116.077286,43.441540,264.468018,90.046356,106.894341,13.505726,133.940002,68.326820,75.635048
2019-06-25,46.740479,125.047279,118.189865,88.704002,55.229763,92.912727,115.507126,43.028404,261.874115,90.062469,107.225365,13.548546,134.199997,67.316208,75.635048
2019-06-26,47.751411,125.515900,116.231461,89.296677,55.468723,91.257713,116.751114,42.371143,261.612854,89.860260,106.539146,13.617060,132.970001,65.971252,75.651543
2019-06-27,47.737087,125.722023,115.280975,89.593033,54.903908,91.299271,117.053436,42.679970,262.540588,90.111038,107.289932,13.617060,132.839996,66.820511,75.651543
2019-06-28,47.302113,125.544006,114.125610,92.029579,55.490440,91.191193,117.735878,42.744640,263.891571,90.070580,107.217300,13.471468,133.199997,67.050644,75.659836
2019-07-01,48.169674,127.155991,114.191177,93.577110,55.439766,91.889755,118.003662,42.569366,266.287231,90.137093,106.966530,13.462904,130.619995,67.019974,75.655647
2019-07-02,48.451683,127.999413,114.740173,93.675903,54.831497,92.713120,117.355789,43.328880,266.980835,90.299225,107.791580,13.240234,133.410004,68.186073,75.663940
2019-07-03,48.853195,128.824158,116.469078,93.526703,55.352856,94.875404,117.131180,43.552128,269.115234,90.445145,108.560028,13.368698,133.630005,68.999268,75.688782
2019-07-05,48.810169,128.449249,115.182655,94.082115,55.128395,94.101967,117.044792,43.422764,268.809082,90.064102,107.120171,13.394392,132.139999,68.753777,75.680481
2019-07-08,47.804008,128.355515,115.510422,93.568146,55.381832,94.850479,116.483292,43.635593,267.332001,90.015465,107.265793,13.377262,131.289993,68.999268,75.680481
2019-07-09,48.095581,127.887001,115.870941,93.966064,55.345638,93.902382,116.008148,43.433186,267.665222,89.991150,107.225357,13.420083,131.750000,69.229446,75.688782
2019-07-10,48.571178,129.189621,115.707077,93.692474,56.127693,94.600960,114.582787,43.708626,268.944183,90.056038,106.634880,13.711266,133.830002,69.628342,75.697052
2019-07-11,48.217472,129.705078,114.805740,94.587799,56.171135,95.124916,115.723122,43.900578,269.574707,89.723587,105.211243,13.719831,132.699997,68.723083,75.713608
2019-07-12,48.587906,130.173660,110.045029,95.582596,56.214577,95.632202,119.524086,43.552128,270.781555,89.820885,105.332588,13.754086,133.529999,68.631020,75.721863
2019-07-15,49.044399,130.173660,110.380997,94.421989,55.816307,96.039734,120.629837,43.577164,270.871552,89.950592,105.939224,13.608496,133.529999,68.577332,75.721863
2019-07-16,48.874699,128.467972,108.570137,95.433380,54.983555,96.380699,120.154686,43.374771,269.997986,89.853317,105.623756,13.462904,132.399994,68.416222,75.730125
2019-07-17,48.599857,127.708839,108.045700,94.496597,54.657707,96.422318,117.252121,43.798332,268.160614,90.088440,106.764320,13.343005,134.580002,68.186073,75.730125
2019-07-18,49.151936,127.849457,108.217766,95.060318,54.194256,96.628220,116.526512,44.309544,269.142334,90.234375,106.772369,13.248798,136.479996,68.186073,75.754959
2019-07-19,48.418209,128.036880,106.775612,94.123566,54.302872,96.268280,118.589622,43.760780,267.647278,90.128983,106.521614,13.325877,134.470001,67.073669,75.754959
2019-07-22,49.524784,129.733185,105.407242,94.728745,54.360802,96.511017,117.727791,43.683582,268.304688,90.242447,106.723846,13.283057,134.449997,67.012291,75.754959
2019-07-23,49.911957,130.539124,105.571121,96.461304,54.578056,95.297287,120.217453,43.253761,270.223145,90.153275,106.141449,13.368698,133.690002,67.771790,75.746681
2019-07-24,49.871315,131.879318,106.341339,96.850937,54.570793,94.250999,114.828987,43.829643,271.493042,90.283028,106.602524,13.308748,134.369995,67.825500,75.763245
2019-07-25,49.476982,131.382599,107.439339,95.922501,54.259422,94.393280,117.266411,43.322609,270.196106,90.145195,106.092949,13.257363,133.419998,67.426544,75.779770
2019-07-26,49.649052,132.460342,107.119759,96.345261,54.172531,96.033913,115.708206,43.643940,272.006439,90.161385,106.343712,13.274491,133.639999,67.733452,75.771492
2019-07-29,50.112690,132.169846,108.996193,96.038536,54.556324,97.096931,117.048805,44.105053,271.510986,90.201920,106.376022,13.325877,134.529999,67.917572,75.788048
2019-07-30,49.897606,131.532532,108.225960,95.822990,54.563560,100.788315,115.734314,43.689850,270.844604,90.193832,106.634880,13.402955,134.979996,68.462250,75.788048
2019-07-31,50.915737,127.708839,106.701866,96.162880,53.846680,98.804520,114.620056,43.226635,267.881409,90.234375,107.492317,13.317313,133.210007,68.193733,75.796364
2019-08-01,49.813957,129.386414,106.759224,93.626198,52.470810,97.708008,110.371964,43.871353,265.548737,90.941360,109.627098,12.949052,136.410004,68.193733,75.817062
2019-08-02,48.759991,128.299271,107.398369,93.617897,51.956684,97.465240,108.413330,44.111309,263.549255,90.973862,110.640228,12.966181,135.889999,68.523613,75.817062
2019-08-05,46.207508,123.903931,106.652733,90.832497,50.892189,94.652779,105.897545,43.410248,255.623550,91.372063,112.553001,12.854847,137.789993,67.173416,75.808746
2019-08-06,47.082230,126.228165,107.152557,91.545410,51.384602,95.657234,106.271881,44.109234,259.208099,91.615807,113.452713,12.786334,138.910004,67.917572,75.817062
2019-08-07,47.569782,126.781044,106.693703,89.555847,51.051510,96.695175,105.140198,44.415962,259.361237,91.567078,113.493187,12.623612,141.020004,68.577332,75.833618
2019-08-08,48.618980,130.164261,107.898201,91.072876,52.412891,98.302292,106.219620,44.906273,264.449860,91.656448,113.736336,12.692128,141.729996,69.781807,75.841927
2019-08-09,48.218334,129.058441,108.193192,90.973412,51.297703,97.749855,103.921494,45.169193,262.648651,91.534538,113.509407,12.803461,141.259995,69.697395,75.833618
2019-08-12,48.095989,127.258980,108.103027,89.265663,51.048450,97.122055,101.605949,44.954273,259.451324,91.867775,115.875984,12.709255,142.630005,69.513268,75.850197
2019-08-13,50.132763,129.892502,109.323959,90.641800,51.678947,98.143234,103.599411,44.989750,263.486298,91.737732,115.478882,13.009002,141.779999,69.613007,75.858482
2019-08-14,48.640568,125.980888,106.734642,86.878197,49.596821,96.921165,100.291466,44.852047,255.695526,92.022133,118.080574,12.812025,142.750000,68.554291,75.850197
2019-08-15,48.398254,125.698776,106.964081,87.209778,49.303574,98.260437,100.326309,45.308987,256.371155,92.444687,119.393562,12.709255,143.699997,69.237091,75.883347
2019-08-16,49.540215,128.002487,107.635994,89.298851,50.073372,99.758743,101.353508,45.388275,260.153809,92.371536,118.437218,12.700690,142.779999,69.950562,75.875053
2019-08-19,50.463829,130.146423,108.365273,90.102982,50.916470,100.645988,102.163071,45.686649,263.288086,92.127777,116.743248,12.760641,141.110001,70.456886,75.875053
2019-08-20,50.466236,129.065063,107.013260,88.958946,50.608559,99.524368,101.562416,45.722118,261.270691,92.379715,117.950867,12.794897,142.210007,69.958229,75.883347
2019-08-21,51.013214,130.503632,107.775314,89.207657,51.114422,99.775497,102.441628,46.166550,263.396118,92.330948,117.164703,12.837718,141.759995,70.249756,75.875053
2019-08-22,50.970032,129.553986,107.562256,90.127823,51.004467,99.959633,102.624428,46.241665,263.315125,92.087143,116.386604,12.777769,141.399994,70.571938,75.899910
2019-08-23,48.614178,125.426071,104.661575,87.889565,49.479527,98.201859,99.290367,46.300076,256.551178,92.460968,118.299385,12.683563,144.169998,69.582314,75.891647
2019-08-26,49.537804,127.363098,105.503639,88.594200,49.743450,99.875938,99.603760,46.658974,259.388275,92.420334,117.821114,12.674999,144.190002,70.119354,75.899910
2019-08-27,48.978828,127.635765,107.022636,87.657448,49.259590,100.905495,98.698410,46.740341,258.370544,92.712860,119.636711,12.760641,145.570007,69.919876,75.908211
2019-08-28,49.307499,127.466507,106.230110,88.536186,49.618832,101.616959,99.986809,46.410927,260.189850,92.721008,119.790688,12.871975,145.160004,70.150032,75.899910
2019-08-29,50.142368,129.873703,105.866875,90.542336,50.168671,101.432831,102.519966,46.396236,263.513336,92.664146,119.336815,12.906232,144.119995,70.694725,75.916496
2019-08-30,50.077595,129.629211,105.965942,91.072876,50.205338,100.637619,103.590706,45.968208,263.396118,92.745384,119.369255,12.700690,143.750000,70.748405,75.924820
2019-09-03,49.348282,127.917854,106.279648,89.995201,50.263973,101.583504,101.875778,47.327854,261.856079,92.723351,119.523476,12.632177,145.750000,71.454224,75.939705
2019-09-04,50.185547,129.412949,106.378731,91.081169,50.799183,103.132019,103.677727,47.025703,264.828186,92.886314,119.702042,12.931925,146.660004,72.052597,75.931419
2019-09-05,51.166763,131.688461,106.147575,93.153664,51.517658,102.755356,107.064011,46.121361,268.232635,92.487167,117.534264,12.914796,143.139999,71.530937,75.939705
2019-09-06,51.161964,130.795227,105.842117,93.352631,52.001530,102.847427,106.811592,46.190605,268.439819,92.584885,118.370552,12.949052,141.919998,71.692024,75.948036
2019-09-09,51.380272,129.309525,104.801926,95.665497,52.412083,102.261490,110.772408,46.138157,268.574921,92.193962,116.267723,13.068952,141.389999,71.346802,75.948036
2019-09-10,51.987228,127.955490,106.948311,96.884102,52.837307,100.344681,113.418777,45.766758,268.511963,91.697159,114.229729,13.086081,140.179993,70.610321,75.964653
2019-09-11,53.640182,127.993088,108.285683,97.149414,52.734669,101.508156,115.856194,46.173813,270.421326,91.713387,114.026817,12.991873,141.029999,70.687050,75.956352
2019-09-12,53.520218,129.309525,107.674782,97.746284,52.771347,102.763741,114.689720,46.316505,271.357971,91.566780,113.279854,12.940490,141.320007,71.062958,75.972961
2019-09-13,52.479042,129.121506,107.963730,99.669510,53.255188,102.219650,116.456841,45.844402,271.177856,91.021065,110.860252,12.940490,140.149994,70.303467,75.972961
2019-09-16,52.754917,128.190552,106.940063,98.782486,54.054321,100.235855,115.908424,45.806633,270.340240,91.265419,112.273041,13.514290,141.320007,70.917191,75.972961
2019-09-17,52.946846,129.187286,107.047363,98.293358,53.643753,101.416100,115.055298,46.627041,271.024689,91.403854,112.881958,13.257363,141.600006,71.684341,75.981262
2019-09-18,53.443455,130.249786,107.658295,99.279892,53.387161,101.625343,114.097740,46.979557,271.186829,91.509804,113.360977,13.171722,140.710007,71.438873,75.997856
2019-09-19,53.009228,132.647568,107.410614,98.964874,53.027920,102.035500,113.270752,47.189373,271.168793,91.640121,113.701942,13.240234,141.279999,71.692024,75.997856
2019-09-20,52.234337,131.114883,108.681953,98.566971,52.844643,102.320091,111.564575,47.361423,269.887604,91.974075,115.204079,13.257363,142.949997,71.692024,76.006149
2019-09-23,52.471844,130.832779,108.756271,98.550377,52.881298,103.140396,111.790909,47.269108,269.824280,92.014786,115.179703,13.291621,143.750000,71.807098,76.022736
2019-09-24,52.222332,129.177872,108.599396,97.265442,52.155491,103.466873,109.675568,47.946835,267.707031,92.267273,116.568153,13.137465,144.509995,71.647797,76.022736
2019-09-25,53.026016,131.039642,108.137093,97.820877,52.309433,102.972977,110.215279,48.127285,269.290375,91.884438,114.863052,13.060387,141.830002,71.786995,76.022736
2019-09-26,52.752518,131.208908,106.370453,97.016739,52.030857,104.052773,110.023773,48.620373,268.729492,92.039223,115.601883,13.060387,141.789993,72.390190,76.039360
2019-09-27,52.495838,129.506927,106.164055,97.588768,52.404751,104.270409,110.197861,48.523849,267.281738,92.153214,115.886093,13.009002,141.059998,71.988068,76.039360
2019-09-30,53.731339,130.729416,106.807999,97.563881,51.766922,104.111389,109.954124,48.886841,268.521332,92.177643,116.170212,12.880538,138.869995,72.111786,76.047684
2019-10-01,53.880074,128.886368,107.311554,95.789841,50.549908,103.667717,106.524323,48.685413,265.327240,92.344986,116.520042,12.871975,139.630005,71.431297,76.045174
2019-10-02,52.529415,126.610809,108.970879,93.883148,49.230267,101.349129,104.426392,48.072723,260.640411,92.410316,116.804688,12.760641,141.259995,71.129669,76.045174
2019-10-03,52.975643,128.143570,108.302223,93.749443,49.838776,101.901573,104.496048,48.295139,262.775726,92.769501,117.870163,12.743512,141.899994,71.817932,76.070129
2019-10-04,54.460644,129.873703,110.341278,95.780045,50.564575,103.793297,105.366539,49.012737,266.331604,92.916496,118.740433,12.846282,141.899994,72.251015,76.070129
2019-10-07,54.472637,128.933365,109.928528,95.571159,49.868092,102.822327,104.678833,48.794514,265.182587,92.663422,117.756302,12.829155,140.690002,72.096329,76.078423
2019-10-08,53.834496,127.569939,108.838806,93.440269,48.900349,101.223572,102.694077,48.253185,261.065674,92.696030,118.073471,12.820590,141.919998,71.717415,76.078423
2019-10-09,54.465439,129.986542,106.675911,94.117134,49.442871,102.102478,103.973732,48.964474,263.544891,92.647072,117.406525,12.854847,142.050003,71.856606,76.078423
2019-10-10,55.199551,130.795227,106.543800,95.437439,50.036713,102.069008,106.802887,48.679134,265.327240,92.328682,115.657814,12.940490,140.809998,71.972588,76.095078
2019-10-11,56.667770,131.340561,108.417793,97.050201,50.571896,101.357521,111.773499,48.162960,268.078033,92.026649,114.226372,13.094644,140.029999,71.941666,76.103409
2019-10-14,56.586193,131.218323,107.914207,97.309242,50.718533,100.486977,111.756088,48.028671,267.779419,92.181755,115.056015,13.034696,140.589996,71.972588,76.095078
2019-10-15,56.454250,133.117722,109.664330,100.242310,50.894485,98.101395,114.062927,47.743294,270.430481,91.879707,113.665169,13.000439,139.610001,72.065392,76.103409
2019-10-16,56.226330,132.027008,111.587845,100.008324,50.022053,98.377625,113.331711,48.240589,269.996216,92.042984,113.803459,13.017567,140.410004,72.073128,76.111702
2019-10-17,56.444653,131.349976,112.413391,100.568214,49.956066,98.247894,114.968277,48.488186,270.792450,92.018501,113.526901,13.068952,140.610001,72.544868,76.120033
2019-10-18,56.715736,129.206116,105.421097,100.743690,49.567513,98.955505,114.678734,48.779835,269.607086,92.083794,113.526901,13.060387,140.460007,73.101646,76.120033
2019-10-21,57.699341,130.165192,105.685257,103.242249,50.395935,100.311737,116.012314,48.846973,271.434875,91.830757,112.672897,13.043259,139.789993,73.658424,76.128342
2019-10-22,57.567410,128.228149,106.659386,104.278412,50.652534,102.923157,117.293243,49.568779,270.548096,91.969559,113.331657,13.060387,140.199997,73.441895,76.128342
2019-10-23,58.339886,129.046188,107.237267,104.554184,51.136429,103.613914,118.740875,49.518417,271.335297,92.042984,113.445541,13.223107,140.529999,73.604294,76.128342
2019-10-24,58.435852,131.585022,105.255974,104.478981,50.652534,105.121819,117.433601,49.843643,271.778656,92.067436,113.217812,13.291621,141.529999,73.418716,76.144936
2019-10-25,59.155560,132.327850,105.957680,105.314613,50.769859,103.824524,122.592445,49.703072,272.891602,91.936844,112.664742,13.368698,141.860001,72.792313,76.144936
2019-10-28,59.748135,135.581268,106.642883,105.715714,50.322632,104.018280,122.881958,48.937202,274.429688,91.740906,111.639908,13.317313,140.639999,72.351517,76.136620
2019-10-29,58.366291,134.302460,106.593346,105.648849,50.176018,104.119354,123.996239,48.805008,274.348267,91.749092,111.713120,13.291621,140.250000,72.792313,76.153297
2019-10-30,58.359085,135.976212,109.664330,105.063927,49.648155,105.248146,123.127647,49.405109,275.189880,92.010323,113.347931,13.205978,141.020004,73.055244,76.161591
2019-10-31,59.678562,134.810272,109.003914,104.387047,49.538181,104.885933,120.899155,50.009396,274.456909,92.369522,114.877037,13.128900,142.429993,72.923767,76.169907
2019-11-01,61.372284,135.139328,108.310448,106.793663,51.026459,104.346817,126.768669,49.457565,276.999481,92.394844,114.523399,13.368698,142.559998,72.908318,76.169075
2019-11-04,61.775322,135.919785,107.509689,107.646019,52.544041,100.303322,128.900620,48.175545,278.112335,92.165787,113.016129,13.454340,142.149994,72.397934,76.177406
2019-11-05,61.686550,135.835190,107.666550,107.880005,53.585094,100.160118,128.418076,47.653080,277.804688,91.822174,111.745064,13.488596,139.850006,71.168335,76.169075
2019-11-06,61.712933,135.459015,108.112335,108.047127,52.412083,101.356346,127.646034,47.732815,277.868042,91.961273,112.421333,13.343005,140.449997,71.323036,76.177406
2019-11-07,62.425205,135.647125,108.500328,108.632072,53.526455,100.766655,128.979584,46.809593,278.845367,91.527634,110.384392,13.334442,138.270004,70.611557,76.194038
2019-11-08,62.596031,137.245590,109.796425,108.949608,52.509941,100.834045,129.988541,46.597668,279.532928,91.478523,109.919983,13.368698,137.389999,70.441437,76.194038
2019-11-11,63.091724,137.386658,108.954361,108.565208,52.190876,100.522339,129.848145,46.627041,278.999023,91.494873,109.993355,13.283057,137.059998,70.596085,76.194038
2019-11-12,63.033958,138.289368,108.434303,107.930138,51.471169,100.471817,128.391724,46.836868,279.587280,91.593071,110.498444,13.291621,137.429993,70.062508,76.202400
2019-11-13,63.637936,138.515045,108.368256,107.361877,51.048244,101.634293,126.768669,47.820938,279.677673,91.756691,111.215492,13.317313,137.979996,70.704361,76.202400
2019-11-14,63.197590,139.220230,108.112335,107.462173,50.825661,101.507935,125.847397,48.232197,280.084839,92.018539,112.364311,13.274491,138.559998,71.253410,76.210732
2019-11-15,63.948330,141.016174,111.397972,108.239304,51.337612,101.541649,127.488068,48.557423,282.111633,91.969475,112.242088,13.343005,138.210007,71.640068,76.202400
2019-11-18,64.270760,141.364105,111.307175,109.150146,50.840485,102.678856,125.979012,48.712685,282.319702,92.141281,112.445732,13.205978,138.619995,71.988068,76.219055
2019-11-19,64.075874,141.411133,111.298912,109.116699,50.321102,102.282944,125.619278,48.817596,282.238312,92.206688,113.382782,13.086081,138.690002,72.111786,76.210732
2019-11-20,63.329956,141.165817,112.223488,108.322868,50.476921,103.015839,124.162933,49.354759,281.188690,92.427597,114.556023,13.257363,138.759995,72.073128,76.219055
2019-11-21,63.045979,141.033722,112.636292,108.573532,51.693756,101.373161,125.777267,49.337975,280.736267,92.296700,113.838997,13.377262,138.000000,71.060089,76.219055
2019-11-22,62.990650,141.137543,113.981911,109.292198,51.471169,101.331047,126.233482,48.968678,281.360565,92.345840,113.985672,13.368698,137.740005,70.797157,76.227386
2019-11-25,64.095123,142.684845,114.031769,109.877167,51.129864,101.516373,128.461975,48.796619,283.541229,92.435791,114.319695,13.368698,137.080002,71.021416,76.227386
2019-11-26,63.594631,143.439621,114.023460,110.027534,51.003712,102.990555,128.172394,49.291805,284.183655,92.566689,114.987854,13.445775,137.740005,71.964867,76.235687
2019-11-27,64.448814,143.713272,114.505592,110.353447,50.974049,102.569359,127.821503,49.165237,285.450409,92.452126,114.653778,13.377262,137.009995,72.305122,76.252350
2019-11-29,64.306862,142.826370,114.289490,110.102776,50.551117,102.822067,126.979210,49.323444,284.391724,92.337616,114.409393,13.111773,137.860001,71.972588,76.252350
2019-12-02,63.563339,141.099777,114.181396,109.860443,50.766289,103.378029,125.426331,48.781307,281.975983,92.235947,112.883919,13.094644,137.789993,70.882233,76.258209
2019-12-03,62.430008,140.873291,114.015129,108.448212,50.365612,103.571808,122.881958,48.988045,280.084839,92.654121,115.250793,13.103208,139.110001,71.338478,76.249863
2019-12-04,62.981033,141.382797,115.860558,110.587410,50.936943,104.902756,122.934654,49.416256,281.813141,92.498314,114.100021,13.308748,138.919998,71.632347,76.258209
2019-12-05,63.905048,141.458298,116.010178,111.189087,50.758877,104.978600,123.750542,49.479542,282.319702,92.391716,113.544998,13.334442,139.000000,71.671005,76.274872
2019-12-06,65.139420,143.175461,116.691788,112.843605,51.575043,104.616356,125.215744,49.443691,284.898376,92.260513,112.916588,13.420083,137.619995,71.817932,76.274872
2019-12-09,64.227463,142.807510,116.791557,112.317192,51.686337,105.189194,125.312279,49.418369,284.002777,92.309753,113.161453,13.402955,137.580002,71.957138,76.283226
2019-12-10,64.602837,142.590500,116.367607,112.392387,51.241158,104.683754,125.347336,49.456348,283.686005,92.276924,113.169640,13.462904,137.970001,71.539528,76.283226
2019-12-11,65.153870,143.128281,117.190559,112.124985,51.166958,105.012291,126.338745,49.736904,284.491394,92.522903,114.059235,13.402955,138.919998,70.812614,76.283226
2019-12-12,65.319885,144.581284,117.489784,115.333832,52.190876,104.936485,128.777802,49.340317,286.943329,92.129333,112.182083,13.522853,138.429993,69.853714,76.299896
2019-12-13,66.207787,145.798355,117.523071,114.322685,51.367298,105.694611,127.681107,49.983707,287.115265,92.498314,113.479691,13.591368,139.050003,69.869194,76.283226
2019-12-16,67.341148,146.741867,117.863899,114.765617,51.938622,105.770424,127.531960,50.515297,289.087708,92.309753,112.459526,13.685574,139.039993,70.371834,76.299896
2019-12-17,67.473495,145.949326,119.335190,115.467522,51.701191,105.559837,128.418076,50.589127,289.151062,92.317924,112.304436,13.745521,139.009995,69.706787,76.291557
2019-12-18,67.312256,145.647430,119.027679,115.350517,51.842171,104.464737,129.076050,50.688271,289.169159,92.137512,111.382187,13.754086,139.020004,70.556404,76.308220
2019-12-19,67.379646,146.911728,120.823166,114.773964,51.486000,105.231308,127.233658,50.764214,290.354492,92.236885,111.560402,13.814034,139.380005,71.181686,76.316574
2019-12-20,67.240074,148.515625,121.413338,114.682037,51.894096,105.601936,129.470886,51.198753,291.627411,92.253342,111.707520,13.796907,139.520004,71.572487,76.320786
2019-12-23,68.337318,148.515625,121.729202,114.648575,52.153782,105.214470,130.286850,50.369736,292.072998,92.187637,111.544067,13.800388,139.949997,71.212952,76.320786
2019-12-24,68.402313,148.487335,121.305283,114.966148,51.953445,105.484024,129.391922,50.734673,292.082123,92.302666,111.862846,13.861299,141.270004,71.400551,76.329071
2019-12-26,69.759422,149.704437,121.222168,116.186142,52.035072,105.484024,130.041183,51.040546,293.636932,92.384811,112.132607,13.965714,142.380005,71.713173,76.337448
2019-12-27,69.732964,149.978043,121.155609,116.269730,51.857010,106.216911,130.093826,51.156567,293.564148,92.507965,112.255310,13.991818,142.330002,71.939865,76.329071
2019-12-30,70.146835,148.685455,120.781609,115.843559,51.552788,104.852234,129.427048,50.899216,291.945709,92.507965,111.846535,13.965714,142.630005,72.010193,76.337448
2019-12-31,70.659348,148.789276,121.255394,116.486977,51.775379,105.214470,129.567383,51.082741,292.654877,92.294411,110.751083,13.878700,142.899994,72.526062,76.337448
2020-01-02,72.271545,151.544266,121.338524,117.899208,52.606403,103.959312,132.067856,50.335991,295.391754,92.548988,112.001877,13.896104,143.949997,71.674103,76.362495
2020-01-03,71.568916,149.657257,119.933731,116.343353,52.183456,103.260124,130.234161,50.694595,293.155029,92.820038,113.726700,14.061429,145.860001,72.119614,76.362495
2020-01-06,72.139175,150.044128,119.784096,116.250847,52.584141,103.403336,130.146454,50.947742,294.273346,92.746185,113.080933,14.087534,147.389999,72.205605,76.354179
2020-01-07,71.799927,148.676041,120.515587,114.274521,52.153782,102.763092,128.426880,50.903439,293.446014,92.647583,112.525024,14.078833,147.970001,71.400551,76.354179
2020-01-08,72.954910,151.044250,120.498978,115.165977,51.367298,103.201141,129.567383,50.880234,295.009827,92.540817,111.781136,13.869999,146.860001,71.619400,76.370834
2020-01-09,74.504547,152.931244,120.856392,115.586433,51.760536,104.329926,129.242798,51.278927,297.010223,92.639397,112.173470,13.809090,146.029999,71.580330,76.379204
2020-01-10,74.672966,152.223557,120.582092,114.434303,51.300510,104.431023,128.207504,51.375965,296.155548,92.795471,113.170830,13.809090,146.910004,72.127441,76.379204
2020-01-13,76.268311,154.053955,121.114090,115.384605,51.790222,105.197609,128.812881,51.977146,298.192261,92.737946,112.827515,13.704673,145.820007,72.995026,76.379204
2020-01-14,75.238426,152.968994,121.795723,116.730171,51.345013,105.037560,128.690063,52.257717,297.737640,92.820038,113.407944,13.765582,145.690002,72.721458,76.379204
2020-01-15,74.916000,153.959610,122.203026,114.980949,51.263401,106.107399,127.716187,53.069855,298.410492,92.959709,114.159966,13.695971,146.539993,73.378014,76.387550
2020-01-16,75.854462,156.780655,123.192200,115.426682,51.063080,106.200043,129.734085,53.215412,300.892914,92.959709,113.800293,13.678569,146.309998,73.964241,76.404251
2020-01-17,76.694206,157.658142,123.998566,116.225624,50.870148,106.486465,130.564621,53.453773,301.829376,92.852943,112.827515,13.722076,146.580002,74.034592,76.395889
2020-01-21,76.174484,157.091995,124.081665,115.081879,50.143028,106.216911,128.859451,54.189980,301.238281,93.115738,114.012802,13.643764,146.740005,74.738037,76.404251
2020-01-22,76.446381,156.337204,123.233772,114.947334,49.853653,106.402245,126.014557,54.824913,301.274597,93.165054,114.413414,13.461034,146.789993,74.237816,76.404251
2020-01-23,76.814529,157.299606,123.466553,114.829575,49.542015,105.915825,126.120613,54.862892,301.620209,93.288193,115.214485,13.347917,147.119995,74.863098,76.412590
2020-01-24,76.593147,155.714523,123.291969,111.978569,49.208134,106.042931,124.026688,55.630737,298.937866,93.460747,116.146378,13.147785,147.979996,74.605171,76.412590
2020-01-27,74.340927,153.110443,123.649406,111.036667,48.035797,106.509003,119.918335,56.267796,294.146057,93.748184,117.953026,12.904145,148.990005,74.245621,76.420914
2020-01-28,76.443962,156.110794,124.272858,113.055054,47.969025,106.797096,120.810722,56.071613,297.228424,93.666069,117.029289,12.965056,147.660004,74.542656,76.420914
2020-01-29,78.044106,158.545013,125.137360,112.886871,47.568352,105.975143,119.962524,56.061069,296.982971,93.879601,118.173744,12.904145,148.460007,74.269058,76.429291
2020-01-30,77.931030,163.017181,124.987785,114.282913,48.072899,106.729324,119.600288,56.940723,297.946838,93.887810,118.190086,12.791028,148.470001,74.323769,76.429291
2020-01-31,74.475677,160.611252,123.749184,111.314186,46.091808,105.602295,116.048569,56.575775,292.536682,94.167068,119.269180,12.686611,149.330002,73.417099,76.429291
2020-02-03,74.271133,164.526764,124.829811,112.163612,45.060463,106.017517,114.652664,56.282570,294.709808,94.136627,119.172577,12.451674,148.360001,73.659401,76.435966
2020-02-04,76.723068,169.942413,126.018486,113.778320,44.496567,106.483582,117.956955,55.803715,299.201569,93.823868,117.567566,12.469077,146.429993,74.417564,76.435966
2020-02-05,77.348717,169.734863,128.005203,115.712624,46.544415,107.458084,121.429184,56.261478,302.656708,93.683937,116.282120,12.660507,146.610001,74.464462,76.452660
2020-02-06,78.253448,173.254120,127.622871,115.729431,45.913738,107.737724,121.261299,56.603199,303.675201,93.741547,116.806145,12.712716,147.399994,74.714600,76.461044
2020-02-07,77.189796,173.499420,126.259590,115.359383,45.609524,106.839485,117.833260,56.858448,302.056671,94.013199,118.263641,12.643106,147.789993,74.698959,76.461044
2020-02-10,77.556404,178.037628,126.234604,115.838791,45.127838,106.915741,118.672623,57.322529,304.311584,94.120178,118.591179,12.529987,148.169998,75.535278,76.452660
2020-02-11,77.088486,174.018341,126.342720,116.057426,45.556839,105.212479,120.324783,57.409019,304.839050,94.004944,117.993439,12.573493,147.660004,76.105858,76.461044
2020-02-12,78.919174,174.273071,125.594536,116.057426,46.113789,104.610825,123.328659,57.010330,306.803009,93.906166,117.395699,12.747521,147.539993,76.559204,76.469437
2020-02-13,78.357178,173.329559,124.763313,115.956505,45.857903,105.890411,123.443512,58.109364,306.475647,93.972000,117.846054,12.756223,148.380005,77.020355,76.477783
2020-02-14,78.376465,174.876968,124.796570,115.603302,45.647152,106.890305,121.915123,58.752731,306.966675,94.070763,118.361931,12.747521,149.000000,77.817596,76.477783
2020-02-18,76.941360,176.650696,123.973610,114.072670,45.067627,105.814140,120.669342,59.495274,306.175598,94.194260,119.172577,12.843237,150.910004,77.731606,76.486137
2020-02-19,78.055672,177.180542,123.807373,115.628532,45.413837,106.297150,120.916718,57.940609,307.639526,94.169579,119.164360,12.965056,151.789993,76.684265,76.486137
2020-02-20,77.254898,174.474716,123.333527,115.628532,45.052574,107.263176,120.978554,58.438431,306.375732,94.383507,120.097824,12.912848,152.410004,77.598747,76.486137
2020-02-21,75.506241,168.959091,124.630287,114.215652,44.503162,107.364883,121.225960,58.556568,303.220551,94.572861,121.219612,12.860640,154.699997,77.825424,76.502861
2020-02-24,71.919678,161.674377,122.062050,111.146004,42.418365,104.483734,116.773071,57.786617,293.164001,94.877403,123.029243,12.617001,156.089996,76.762428,76.494499
2020-02-25,69.483589,159.006439,121.007988,106.184120,40.792686,102.899101,113.972351,57.025089,284.280640,95.042015,123.684273,12.382063,153.300003,74.683334,76.494499
2020-02-26,70.585861,160.993179,120.196533,106.503693,39.897045,101.822914,113.309723,56.843685,283.234955,94.943275,123.029243,12.260244,153.970001,73.878265,76.511185
2020-02-27,65.971802,149.649765,116.381828,102.071655,37.496147,96.179260,108.909851,54.252449,270.514404,94.959702,124.363945,12.051411,154.000000,69.946724,76.527931
2020-02-28,65.933174,153.273239,112.500237,97.648018,38.715412,95.950462,109.766869,53.597233,269.377838,95.659294,127.172562,11.842578,148.380005,68.258453,76.519585
2020-03-02,72.071617,163.471878,117.134735,102.197800,40.551834,101.314468,112.735420,56.903049,281.043671,95.625488,126.236847,12.112320,149.199997,71.173866,76.542160
2020-03-03,69.782661,155.638397,113.428780,98.362862,38.610046,100.136612,109.890549,56.224503,272.996674,96.277138,128.196701,12.138425,153.889999,71.009735,76.558899
2020-03-04,73.019524,161.352722,120.029236,100.793343,39.452988,105.500595,112.558746,59.844166,284.471558,96.202858,126.835457,12.147125,154.160004,73.690681,76.592346
2020-03-05,70.650986,157.303513,118.799507,95.848289,37.714413,103.068588,107.761307,58.559155,275.015228,96.499802,129.992691,12.016605,157.490005,72.111816,76.609085
2020-03-06,69.712723,152.856964,118.816246,90.894821,35.893032,103.094009,107.266556,57.638851,270.468933,97.209129,136.758041,11.625043,157.550003,70.869034,76.609085
2020-03-09,64.198997,142.497467,114.139893,78.582657,31.505194,98.348595,91.946526,55.403870,249.346756,97.085426,140.464523,10.720099,157.809998,65.405556,76.642563
2020-03-10,68.822723,152.242004,118.489983,84.688278,32.671776,102.153389,94.084610,54.227013,262.249176,95.988411,133.264496,11.059454,154.479996,68.168854,76.625839
2020-03-11,66.432480,145.345139,110.258247,80.701942,31.595507,94.560730,88.960274,51.158676,249.464935,94.619278,128.360748,10.859322,153.929993,64.072739,76.642563
2020-03-12,59.871960,131.560837,104.912636,74.049675,27.982878,86.298637,81.512306,44.294697,225.596893,90.833511,129.156265,10.424253,147.789993,57.581963,76.650963
2020-03-13,67.045128,150.264709,112.341293,87.387856,28.690351,96.662262,88.032593,46.981319,244.882294,92.260391,126.236847,10.537372,143.279999,62.607597,76.667648
2020-03-16,58.419960,128.117157,106.351532,74.310387,25.958290,91.942284,82.528343,42.700081,218.086380,93.802742,134.412628,9.902171,141.639999,51.508686,76.676048
2020-03-17,60.988686,138.665878,114.265358,78.851761,27.704393,100.195915,88.527351,47.023739,229.861328,91.377853,125.449638,9.745544,143.559998,54.486248,76.676048
2020-03-18,59.495697,132.828644,112.901741,70.551140,24.927185,99.526451,88.456680,44.665764,218.222763,87.897293,118.372665,9.423594,140.699997,49.303078,76.692772
2020-03-19,59.039833,135.014053,106.284592,71.736946,25.913134,93.916725,91.010017,43.915119,218.686447,89.860252,121.595413,9.623726,138.039993,49.476379,76.676048
2020-03-20,55.291660,129.943100,100.294861,70.223145,24.641190,86.798615,84.374893,40.660183,209.262314,90.751045,130.738861,9.519309,140.110001,47.010838,76.701149
2020-03-23,54.117023,128.646988,92.974960,66.463905,23.670290,82.790436,81.150101,38.520630,203.911880,92.903694,136.126572,9.632426,146.300003,44.828857,76.684418
2020-03-24,59.546341,140.340393,99.700890,74.369263,26.673294,87.510391,89.534569,43.794254,222.386978,93.670799,133.592651,9.841260,153.399994,48.861958,76.684418
2020-03-25,59.218307,138.997009,99.884941,77.144539,28.065659,85.519020,92.476624,44.587311,225.716156,94.627502,133.289154,10.006587,151.300003,51.492935,76.684418
2020-03-26,62.334564,147.691376,105.883064,82.518517,29.217190,90.993195,97.627487,49.004269,238.895676,94.916206,133.945221,9.971782,153.240005,55.124302,76.684418
2020-03-27,59.753765,141.627075,103.030388,76.639931,27.809771,93.357430,93.156921,49.184509,231.779984,95.320358,137.520584,9.936976,152.250000,55.179440,76.667648
2020-03-30,61.459026,151.589218,111.270485,78.633133,28.223721,97.450356,98.696533,52.165897,239.307205,95.411079,136.388916,9.910872,152.919998,56.384651,76.667648
2020-03-31,61.333595,149.205124,109.697746,75.714851,28.577454,93.213387,102.522102,51.022961,235.740234,95.155403,135.281860,9.789053,148.050003,55.021896,76.676048
2020-04-01,58.106407,143.907150,107.756927,70.946404,28.246292,92.645615,98.378464,46.275211,225.130814,94.832176,137.177292,9.510608,149.449997,51.406292,76.669342
2020-04-02,59.076012,146.887222,111.387589,73.595535,30.406349,96.941902,103.140549,48.018242,230.325745,94.972740,138.047806,9.693337,151.899994,51.579590,76.677689
2020-04-03,58.227005,145.534378,112.240875,71.420227,29.510719,97.518135,101.311722,46.998291,226.996582,95.038834,138.376221,9.936976,152.649994,50.831253,76.652596
2020-04-06,63.306580,156.357422,116.917244,76.017281,30.459036,99.831528,106.400703,49.727345,242.243210,95.501709,138.015015,9.989183,156.880005,54.596546,76.660957
2020-04-07,62.573357,154.673431,115.009911,77.019989,31.038565,95.560646,107.717117,48.450825,242.490097,95.633965,136.569580,10.058795,156.039993,55.100666,76.644234
2020-04-08,64.174881,156.224991,119.845207,80.130013,33.002926,97.535088,112.558746,49.513180,250.630051,95.724899,135.575851,10.032691,154.649994,58.858067,76.652596
2020-04-09,64.637985,156.234421,118.146980,87.318779,32.461044,97.162239,110.464821,52.011112,254.444046,96.915154,135.822220,10.058795,158.690002,62.158600,76.635841
2020-04-13,65.906654,156.584488,116.925621,83.435478,32.182560,98.255386,100.843452,50.087826,252.120911,96.460564,134.582184,10.232822,161.410004,59.543385,76.652596
2020-04-14,69.235176,164.332855,122.162460,81.149673,31.934195,102.500824,102.910858,51.396183,259.556641,96.510170,134.549393,10.145808,162.679993,61.213329,76.660957
2020-04-15,68.603241,162.610962,123.526062,77.147438,30.466558,102.721153,98.537491,50.302006,254.041580,96.906868,138.113464,9.936976,161.850006,58.787170,76.652596
2020-04-16,69.148331,167.492676,125.207504,74.207367,29.465557,102.958427,100.030640,50.357136,255.267212,97.030884,139.682053,9.910872,161.710007,58.117634,76.644234
2020-04-17,68.210091,168.968582,127.173416,80.877777,32.528770,105.661613,103.695137,52.218910,262.163239,96.915154,137.809662,9.954378,158.570007,59.952999,76.660957
2020-04-20,66.794266,165.619415,126.880638,77.929161,30.993397,102.195755,102.179405,50.384708,257.544525,96.774673,138.918213,9.789053,159.699997,57.723763,76.652596
2020-04-21,64.729630,158.769928,125.215836,75.668900,30.827824,101.416145,97.944244,49.920315,249.724655,96.824234,140.667480,9.327879,158.610001,56.676098,76.652596
2020-04-22,66.594078,164.162582,127.984909,75.915314,31.708406,101.178879,98.648621,52.411877,255.267212,96.824234,139.230377,9.458400,161.729996,57.542587,76.652596
2020-04-23,66.335991,162.175812,130.093033,75.957809,32.701866,101.853638,100.672569,51.133240,255.248901,97.055679,139.969391,9.432297,163.339996,57.062088,76.660957
2020-04-24,68.251083,165.136978,129.549240,77.079460,32.912621,101.324760,101.680122,50.827873,258.806641,97.006111,140.297882,9.310476,162.639999,57.306271,76.652596
2020-04-27,68.299316,164.663956,129.072418,80.401932,33.070671,100.190193,102.714394,51.654877,262.538269,96.559746,137.686371,9.136450,161.559998,59.267689,76.652596
2020-04-28,67.192245,160.652603,126.646408,80.971245,33.845879,99.712509,102.946182,50.743069,261.330963,96.939926,139.271408,9.145150,160.839996,59.756069,76.652596
2020-04-29,69.399178,167.861664,125.684380,83.155067,35.719940,99.874580,107.047653,49.858814,268.172272,97.006111,138.548782,9.310476,161.729996,60.654041,76.644234
2020-04-30,70.863235,169.545715,125.517052,81.370613,34.974831,100.548485,103.766495,49.008507,265.675323,96.791168,136.930908,9.484503,158.800003,59.952999,76.660957
2020-05-01,69.722351,165.155930,124.053055,79.237785,32.468567,99.652794,98.862595,48.145481,258.641998,96.796120,138.103470,9.362685,159.779999,57.928566,76.647552
2020-05-04,70.708878,169.195618,124.036346,78.294571,33.778137,98.757103,96.045090,48.790100,259.355408,96.878960,137.453918,9.475802,160.339996,57.645000,76.647552
2020-05-05,71.770134,171.012100,125.065300,78.175606,33.740517,98.961815,97.106117,48.792225,261.751831,96.804436,136.574020,9.719441,161.020004,57.928566,76.647552
2020-05-06,72.510590,172.696106,123.877357,76.705574,33.108307,96.479454,96.000504,47.214581,259.977356,96.415115,134.370224,9.528011,158.949997,56.888783,76.655960
2020-05-07,73.260719,173.698975,123.467461,77.504326,33.296452,95.686111,95.661697,47.600510,263.114502,96.713310,136.615143,9.588921,161.389999,57.700127,76.647552
2020-05-08,75.004433,174.720673,124.396065,78.770424,34.756561,98.910645,99.959290,48.713757,267.468018,96.456535,134.838989,9.789053,160.419998,59.070744,76.647552
2020-05-11,76.184662,176.669632,124.739067,76.450653,34.425411,98.364685,96.838615,48.215458,267.522888,96.166687,133.786484,9.658532,159.419998,58.212162,76.655960
2020-05-12,75.314018,172.667740,123.091026,73.952408,33.849987,97.716393,93.619896,48.332073,262.190735,96.415115,135.159668,9.580219,160.039993,55.565407,76.655960
2020-05-13,74.404655,170.056564,123.082680,71.403221,32.169773,97.178955,93.156258,48.796463,257.553650,96.572533,136.105316,9.484503,161.580002,54.218426,76.655960
2020-05-14,74.861748,170.794495,123.509338,74.368790,32.453636,97.085129,94.680916,49.243881,260.635864,96.870667,137.437408,9.649831,163.009995,54.407475,76.664314
2020-05-15,74.419174,173.282669,125.851685,72.992226,32.223465,97.767548,96.223404,48.315109,261.834076,96.928665,137.083908,9.745544,163.929993,54.194794,76.647552
2020-05-18,76.172562,174.938278,125.918594,76.858513,34.786003,99.132423,102.553902,49.926674,269.809387,96.787842,134.074249,10.023990,162.690002,57.400795,76.647552
2020-05-19,75.732391,173.727356,124.663773,75.346024,33.711884,95.916451,99.932556,48.877041,267.038116,96.895493,134.575806,9.997885,164.259995,56.628849,76.647552
2020-05-20,77.205261,176.137070,123.542763,77.606308,34.809025,96.632996,103.151283,49.362625,271.574554,97.144020,134.978775,10.171912,164.649994,57.132973,76.647552
2020-05-21,76.629662,174.021439,122.731300,76.620598,34.187572,95.216965,101.697945,48.537758,269.699677,97.218544,135.315948,10.128407,162.250000,57.180233,76.655960
2020-05-22,77.123039,174.097290,121.610992,76.025787,34.218266,96.052925,100.280289,49.587406,270.211884,97.268242,136.130020,10.050094,163.210007,57.952187,76.647552
2020-05-26,76.600655,172.256836,121.771034,81.421600,35.223316,95.566704,104.684883,49.684940,273.540985,97.110870,134.304581,10.154510,160.889999,60.118420,76.655960
2020-05-27,76.934410,172.484497,122.049011,86.137634,35.476513,97.153358,109.151878,51.131104,277.611023,97.251671,134.057816,10.023990,161.179993,61.315731,76.647552
2020-05-28,76.968262,172.095535,123.801094,84.854523,34.555832,99.004478,107.653946,53.300362,277.098816,97.185371,133.564423,10.076198,161.720001,61.607193,76.647552
2020-05-29,76.893288,173.850647,125.300529,82.687698,34.885750,98.885056,107.110062,54.190956,278.333618,97.442169,134.518234,10.250224,162.910004,60.992771,76.647552
2020-06-01,77.838905,173.452194,123.986427,83.783882,35.507202,100.019600,107.439957,54.508656,279.458557,97.387398,133.612595,10.311135,163.660004,62.402763,76.655960
2020-06-02,78.199249,175.425491,124.879326,84.064278,36.297440,100.710579,109.954323,54.711201,281.772491,97.470383,133.126816,10.424253,162.600006,62.906929,76.655960
2020-06-03,78.629745,175.852448,125.216263,88.601875,37.778175,101.111496,113.315727,55.346592,285.522400,97.229759,131.356659,10.424253,159.600006,64.923447,76.655960
2020-06-04,77.952576,173.537613,123.598915,90.445786,37.670765,98.995964,114.983055,53.706955,284.772430,96.939362,129.454758,10.511267,161.279999,64.277565,76.655960
2020-06-05,80.172729,177.598038,124.079117,94.516022,40.724335,100.940895,120.475410,54.237873,292.070984,96.997459,128.532578,10.720099,158.009995,66.711586,76.639229
2020-06-08,80.646774,178.698608,123.632614,96.402435,41.997929,101.555077,122.793625,55.538483,295.601379,97.105293,129.026581,10.650489,159.720001,68.365799,76.647552
2020-06-09,83.193420,180.064697,122.950333,93.929695,41.061897,100.949409,119.646202,55.152576,293.397186,97.229759,130.492203,10.685294,161.259995,67.231468,76.647552
2020-06-10,85.333801,186.743607,124.500237,90.122894,38.859970,101.708626,118.085884,54.751717,291.760010,97.628036,132.427002,10.754905,163.570007,65.522133,76.655960
2020-06-11,81.236877,176.715759,118.662735,82.602737,35.430470,99.175102,108.376152,52.947914,274.940369,97.462059,134.929962,10.406850,162.389999,61.315731,76.639229
2020-06-12,81.938240,178.110367,119.740936,84.863037,36.190025,98.629143,109.802765,52.645145,278.232941,97.561653,133.629074,10.450357,162.619995,63.513474,76.655960
2020-06-15,82.951584,179.248856,118.982849,86.035652,36.167011,99.541885,110.212898,52.999088,280.830383,97.885231,133.703186,10.546073,162.330002,64.411453,76.655960
2020-06-16,85.149971,183.641327,121.686798,86.723953,36.980263,100.770287,116.008408,52.913795,286.235779,97.694405,131.653122,10.633086,162.250000,65.679688,76.655960
2020-06-17,85.031448,184.276901,121.316162,84.531631,35.775730,100.599663,114.332169,53.090759,285.046722,97.611465,132.196503,10.580877,162.559998,64.726532,76.655960
2020-06-18,85.065338,186.250259,120.802322,84.072784,35.998222,101.751282,113.761528,53.075836,285.156464,97.711014,133.596237,10.641787,162.240005,64.017593,76.647552
2020-06-19,84.579224,185.140259,121.156113,83.112549,35.277023,101.444199,113.645607,51.643036,283.526886,97.744232,133.703186,10.728802,164.029999,63.088108,76.647552
2020-06-22,86.792137,190.282303,120.785477,82.211845,35.614605,100.446114,112.156624,52.672867,285.345764,97.719299,133.719650,10.841920,165.089996,63.025066,76.647552
2020-06-23,88.644707,191.553543,120.339043,83.214561,35.829433,100.429047,112.566772,51.856243,286.659424,97.702690,132.805740,10.789711,166.479996,62.765141,76.647552
2020-06-24,87.079948,187.692291,117.778259,80.435905,34.141525,99.311562,108.830902,51.527889,279.347137,97.686150,134.230103,10.519967,165.899994,60.977013,76.647552
2020-06-25,88.235962,190.064072,117.651894,83.240021,34.655571,100.565559,111.193672,50.992729,282.341797,97.802292,134.617111,10.615683,165.800003,61.755829,76.655960
2020-06-26,85.524849,186.259766,116.085114,78.676933,33.466377,98.296448,109.125122,50.365868,275.635773,97.918457,136.058014,10.485162,166.539993,60.570518,76.647552
2020-06-29,87.495926,188.261505,117.121231,79.025345,34.003437,100.369362,111.675171,50.796566,279.686981,98.001419,135.629822,10.659190,166.630005,61.739925,76.647552
2020-06-30,88.226311,193.071472,118.460571,79.926071,34.310310,101.998672,112.789673,51.208076,283.269623,98.084412,134.971069,10.711399,167.369995,62.471794,76.647552
2020-07-01,88.059410,194.200409,118.249992,79.246300,33.535431,102.348404,112.397354,52.506550,285.253876,98.136780,134.709030,10.798412,166.619995,63.911682,76.647552
2020-07-02,88.059410,195.680405,118.746971,79.503700,33.819294,103.116158,113.877449,52.536400,286.824707,98.253128,134.849167,10.841920,166.979996,63.728699,76.655960
2020-07-06,90.415024,199.892700,120.440125,81.511444,34.057137,103.755951,115.402107,52.655807,291.252594,98.244835,134.296875,10.928933,167.979996,63.696888,76.647552
2020-07-07,90.134453,197.568329,120.330612,79.211960,33.174828,104.259232,113.413811,52.604626,288.248718,98.394485,136.184525,10.937634,169.039993,62.432034,76.647552
2020-07-08,92.233727,201.913422,120.684380,80.052834,33.098110,104.830780,114.243027,54.001194,290.453369,98.361214,135.640381,11.076857,170.089996,62.344509,76.647552
2020-07-09,92.630371,203.327011,120.027359,78.319641,31.732447,104.481026,112.103127,53.728275,288.799866,98.618935,137.800217,10.946336,169.630005,61.954723,76.647552
2020-07-10,92.792404,202.710327,119.926270,82.601128,32.722164,105.683823,114.136009,55.350853,291.748688,98.502548,137.107834,11.015946,169.190002,62.145626,76.655960
2020-07-13,92.364319,196.448914,122.318573,83.785194,32.729832,105.820305,116.418549,54.634445,289.222504,98.494247,137.561127,10.902828,169.399994,61.405811,76.655960
2020-07-14,93.892807,197.663208,124.601341,84.265663,33.811615,106.707466,122.044678,55.979839,292.970520,98.652153,137.758972,10.955037,170.190002,61.922874,76.655960
2020-07-15,94.538544,197.369110,124.887749,85.569878,34.241276,106.204178,123.364265,55.222916,295.662079,98.660484,137.116043,11.085558,170.339996,62.527477,76.655960
2020-07-16,93.375267,193.460449,125.721695,85.810104,33.972744,106.425964,123.542610,57.222878,294.688293,98.727013,137.767227,10.998545,168.729996,61.779701,76.647552
2020-07-17,93.186615,192.473816,125.805923,84.222771,33.389664,107.168129,122.976669,58.715397,295.542633,98.826752,137.478729,11.015946,170.119995,62.583164,76.655960
2020-07-20,95.150406,200.746521,126.016472,83.484871,32.607075,106.835434,120.937508,58.491516,297.931091,98.934830,137.816681,11.007245,170.940002,61.835381,76.655960
2020-07-21,93.837181,198.042709,126.134445,85.295280,34.256622,106.690437,122.051399,58.917961,298.564911,98.993019,137.899124,11.163870,173.000000,61.986530,76.655960
2020-07-22,94.100792,200.888794,126.361862,84.677505,33.458710,107.603157,123.048515,59.790016,300.264313,99.076164,138.311249,11.233481,175.630005,62.933193,76.647552
2020-07-23,89.817650,192.151230,126.024933,84.926346,33.527760,108.299355,122.707169,59.907291,296.681671,99.192528,139.926926,11.207377,177.179993,62.670666,76.655960
2020-07-24,89.595154,190.974823,124.769836,84.325714,33.320602,108.127686,123.587502,59.753757,294.770966,99.159264,139.918701,11.224780,178.699997,62.209270,76.647552
2020-07-27,91.718582,193.394073,123.977974,83.141685,33.811615,108.436737,125.662582,59.195137,296.920593,99.092743,139.399338,11.329198,182.229996,62.797951,76.647552
2020-07-28,90.211861,191.657898,123.683151,83.502052,33.412666,109.775848,123.991745,59.708984,295.037415,99.159264,140.363785,11.268287,183.750000,64.046928,76.655960
2020-07-29,91.941078,193.593262,123.438889,85.526955,33.780941,110.144997,126.237480,60.007500,298.665955,99.275635,140.124771,11.329198,185.130005,65.287910,76.655960
2020-07-30,93.053589,193.441467,123.691582,83.244637,32.123726,112.814690,122.823975,60.199387,297.600281,99.350502,141.047974,11.198676,183.759995,64.866295,76.647552
2020-07-31,102.795242,194.494537,122.781837,82.918610,32.284847,112.557175,119.365509,59.849709,299.951996,99.392090,140.957291,11.259584,185.429993,64.746979,76.655960
2020-08-03,105.385460,205.433136,124.121208,82.455246,32.415272,112.703102,118.377380,59.186596,302.037384,99.431206,140.247620,11.372703,185.639999,63.887810,76.647552
2020-08-04,106.089218,202.349823,124.011688,81.983353,33.351292,114.849167,118.143837,60.777206,303.204071,99.622726,141.584473,11.433614,189.589996,64.842438,76.655960
2020-08-05,106.473747,202.017746,125.005707,83.407661,33.642830,114.548714,121.242920,60.506413,305.087189,99.431206,140.346634,11.529327,191.350006,64.516266,76.647552
2020-08-06,110.188560,205.252884,124.289680,83.433395,33.481724,113.922066,120.721931,60.299603,307.126648,99.572784,141.130630,11.616343,193.889999,64.619682,76.647552
2020-08-07,107.683342,201.581360,125.174118,85.269539,33.328285,114.643158,121.198021,61.359276,307.347015,99.456154,140.189804,11.459717,190.809998,65.542480,76.655960
2020-08-10,109.248497,197.568329,124.694008,86.350647,34.149212,115.115311,127.575935,60.476570,308.265625,99.364555,139.562653,11.520627,190.149994,65.645912,76.655960
2020-08-11,105.999458,192.948135,123.801094,89.079140,34.502129,114.368446,128.034088,59.229248,305.721039,99.089745,137.903931,11.337897,179.940002,64.699234,76.647552
2020-08-12,109.522263,198.460144,126.067009,88.324081,34.494301,116.282745,128.070007,60.679127,309.983490,98.889885,136.649536,11.459717,179.100006,65.351540,76.647552
2020-08-13,111.460564,197.995270,124.668732,87.835022,33.649353,116.557434,126.363220,60.638618,309.423096,98.523483,135.188950,11.520627,183.330002,64.548103,76.655960
2020-08-14,111.361191,198.184982,124.870903,87.869331,33.798000,115.973717,125.725456,59.807072,309.432404,98.431908,134.660797,11.520627,182.539993,64.556038,76.647552
2020-08-17,111.070457,199.494263,125.502655,85.552673,33.359890,116.317078,124.611557,60.337978,310.415314,98.565094,134.999176,11.712057,186.500000,65.081070,76.647552
2020-08-18,111.995987,200.642151,126.429260,84.360054,33.195583,117.184097,124.297165,60.350761,311.085938,98.706696,135.964645,11.738161,188.179993,64.770844,76.655960
2020-08-19,112.136505,199.424850,126.681992,84.557388,32.827881,116.548889,123.982712,60.199387,309.790649,98.556793,135.114670,11.703356,182.240005,63.633228,76.655960
2020-08-20,114.624779,204.065781,127.549576,83.544930,32.327168,117.475967,123.497681,60.150341,310.755096,98.731682,136.336060,11.685952,183.500000,64.237846,76.655960
2020-08-21,120.531670,202.582169,128.678375,83.502052,32.084637,117.982422,124.351036,60.214317,311.857605,98.831612,137.153000,11.572835,182.029999,64.341248,76.655960
2020-08-24,121.973259,203.219345,129.017532,85.853012,33.031292,118.900948,127.270454,60.261215,315.017609,98.789955,136.930176,11.633745,181.000000,64.754929,76.655960
2020-08-25,120.972633,205.863144,128.941208,86.230530,31.982924,119.373085,126.794395,59.979755,316.119904,98.581787,135.882126,11.729460,181.220001,64.921974,76.647552
2020-08-26,122.617722,210.313828,129.144775,85.020729,31.302269,118.797966,127.405228,59.487247,319.289368,98.565094,135.362244,11.755565,183.360001,64.325363,76.647552
2020-08-27,121.151917,215.477798,129.721359,87.817848,31.091036,118.643410,128.788635,59.761539,319.987457,98.223671,133.059891,11.712057,181.240005,65.272026,76.647552
2020-08-28,120.955673,217.693588,130.281052,88.178230,31.834282,119.124138,129.022232,59.905117,322.054291,98.356911,132.960846,11.790369,184.389999,65.701584,76.655960
2020-08-31,125.057549,214.479248,130.085968,85.964531,31.247501,118.746429,127.836426,59.823685,320.887665,98.573448,133.843796,11.781667,184.830002,65.033356,76.655960
2020-09-01,130.038940,216.133972,128.483322,85.921646,30.848499,118.617668,131.196060,59.386520,323.910004,98.777786,135.374649,11.799070,185.050003,65.081070,76.655960
2020-09-02,127.344727,220.299377,130.442123,87.217239,30.660736,120.617813,134.088577,61.771580,328.595062,98.978004,136.663467,11.642446,182.619995,66.290260,76.655960
2020-09-03,117.149384,206.652512,126.812874,86.942680,30.598146,118.686363,131.833862,60.127972,317.286591,99.003014,137.051773,11.538030,181.139999,65.494743,76.647552
2020-09-04,117.226906,203.751907,125.998764,88.821732,30.574686,118.428833,133.109436,59.427242,314.696075,98.510864,134.449402,11.433614,181.639999,65.152687,76.655960
2020-09-08,109.338104,192.729813,124.870995,85.732872,29.870556,116.694786,133.414856,59.553680,306.097717,98.619331,135.275589,11.155169,181.289993,64.357155,76.655960
2020-09-09,113.699257,200.936966,126.940018,86.548012,29.690607,118.591942,137.160721,60.509418,312.142303,98.611000,134.912048,11.259584,183.050003,64.993568,76.647552
2020-09-10,109.987457,195.306992,124.574234,85.655655,28.947365,117.347214,134.618591,59.339397,306.722412,98.619331,135.597763,11.146467,182.460007,64.198074,76.647552
2020-09-11,108.543419,194.032700,125.311913,86.719604,28.869135,118.583374,138.184830,59.605099,306.878571,98.736084,135.886917,11.224780,182.449997,63.840080,76.639229
2020-09-14,111.799736,195.345123,125.795303,87.920822,28.681370,119.003998,137.897354,60.412991,310.920471,98.744453,135.878693,11.233481,183.889999,65.399277,76.655960
2020-09-15,111.974174,198.549988,126.253197,85.183739,28.376244,119.003998,133.486710,63.365898,312.491486,98.752815,135.548218,11.294390,183.449997,66.186852,76.639229
2020-09-16,108.669418,195.002731,125.837715,85.544128,29.581079,118.205650,135.741455,60.076538,311.251160,98.702744,135.143402,11.503224,183.970001,66.536896,76.655960
2020-09-17,106.934669,192.967590,124.794685,84.565971,29.573261,118.051125,138.220718,59.898666,308.513733,98.727760,135.556473,11.633745,182.960007,65.240204,76.655960
2020-09-18,103.542671,190.571045,126.499092,84.385780,29.096020,117.922363,136.891251,59.341518,304.961853,98.611000,135.135086,11.685952,183.199997,63.768482,76.639229
2020-09-21,106.682709,192.615692,123.039429,81.777443,28.501417,117.355804,130.549255,59.187241,301.567810,98.627655,135.820847,11.398808,179.520004,61.851299,76.639229
2020-09-22,108.359283,197.256607,122.284721,80.885086,27.797291,118.428833,132.184158,59.585815,304.639130,98.702744,135.713470,11.346600,178.649994,62.591122,76.639229
2020-09-23,103.814041,190.761230,122.479721,79.572327,26.905401,117.012405,129.695908,58.567928,297.574188,98.494194,135.895172,11.216079,174.789993,60.705742,76.639229
2020-09-24,104.880089,193.233841,122.674789,79.503700,26.850634,117.536057,130.378616,59.474396,298.367401,98.502510,136.415680,11.268287,175.440002,61.031910,76.647552
2020-09-25,108.814796,197.637009,123.514259,80.198677,27.100994,118.136940,131.070297,60.391567,303.191071,98.535904,136.415680,11.268287,174.940002,62.290558,76.639229
2020-09-28,111.412086,199.177643,124.743813,82.506721,27.625175,118.471741,132.660278,60.888725,308.226868,98.619331,136.027420,11.364002,176.699997,63.565228,76.647552
2020-09-29,110.568916,197.104416,124.701439,81.811737,26.819336,117.827927,132.417755,60.670139,306.548279,98.636002,136.184280,11.233481,178.190002,63.108276,76.647552
2020-09-30,112.235863,200.023972,126.244713,82.601128,26.858469,119.313004,133.980743,59.478680,308.872528,98.477539,134.879013,11.364002,177.119995,63.300671,76.639229
2020-10-01,113.185600,202.049652,124.921883,83.201721,25.919630,119.527618,131.788971,60.592995,310.855499,98.612869,135.101440,11.224780,178.699997,64.567322,76.639229
2020-10-02,109.531944,196.086884,124.006111,83.991112,25.802273,118.566216,134.690445,60.252274,307.904022,98.512589,134.597031,11.085558,178.539993,65.681648,76.639229
2020-10-05,112.904541,200.071548,125.693535,85.766365,26.396870,119.656372,137.879379,61.696579,313.364105,98.195084,131.967072,11.372703,179.410004,66.058464,76.639229
2020-10-06,109.667625,195.820587,124.022987,84.883072,26.123043,119.845222,136.118759,62.204456,308.909393,98.278679,132.678314,11.416210,177.300003,65.625542,76.647552
2020-10-07,111.528389,199.548492,125.396759,86.363892,26.209101,120.780930,139.029221,63.670185,314.286316,98.211815,131.710693,11.459717,177.220001,65.721756,76.639229
2020-10-08,111.421783,200.261734,126.253197,88.139137,27.586060,121.596420,140.726959,64.510223,317.071838,98.337143,132.421951,11.572835,177.850006,66.820053,76.639229
2020-10-09,113.360054,205.235519,128.016968,87.636871,27.179230,122.686661,142.775116,64.910950,319.903320,98.362213,132.397079,11.607640,181.080002,66.555496,76.639229
2020-10-12,120.560738,210.551575,128.754654,88.710686,27.093168,124.034340,146.071823,65.502403,325.049774,98.554390,132.818924,11.485822,180.559998,66.868134,76.647552
2020-10-13,117.362587,211.940048,125.803787,87.273148,26.772402,123.793983,145.631683,64.602371,322.928467,98.579468,133.769897,11.511925,177.720001,65.721756,76.639229
2020-10-14,117.449799,210.038040,125.583275,86.788216,26.717634,123.648071,146.970139,64.424530,320.899384,98.637970,134.075928,11.590238,178.270004,64.920067,76.639229
2020-10-15,116.984627,208.896866,124.811646,88.087173,26.952347,123.467812,148.254700,63.957344,320.502808,98.554390,133.844360,11.625043,178.919998,65.256775,76.639229
2020-10-16,115.346779,208.896866,125.583275,87.905319,26.678513,123.948555,151.587357,65.487389,320.309113,98.504242,133.472336,11.546731,178.300003,64.791779,76.647552
2020-10-19,112.400597,203.723465,122.377991,86.424507,26.146507,121.819633,150.491455,64.190933,315.439331,98.387245,132.967743,11.555432,178.389999,63.781681,76.647552
2020-10-20,113.883385,204.132339,122.573044,86.918121,26.365574,122.308914,151.802979,64.499535,316.702972,98.303741,131.702408,11.685952,179.250000,64.238632,76.639229
2020-10-21,113.263138,204.275040,122.047287,86.052139,25.943102,122.969902,150.374664,63.790192,316.103424,98.186760,131.247604,11.590238,180.600006,64.046234,76.639229
2020-10-22,112.177704,204.360580,123.022453,89.091728,27.273109,122.098946,152.404831,64.773819,317.837341,98.011284,129.882965,11.625043,178.830002,64.038208,76.647552
2020-10-23,111.489609,205.634949,123.158127,89.897087,26.725460,122.901741,152.368652,64.945236,318.916504,98.153336,130.677017,11.538030,178.639999,64.423035,76.647552
2020-10-26,111.499306,199.786285,122.081230,87.671509,26.091749,121.969467,147.497314,64.855240,313.022919,98.286980,131.892670,11.372703,178.550003,63.501083,76.647552
2020-10-27,113.001450,202.800919,121.385841,86.017502,25.677094,122.884476,142.716263,64.955963,311.943695,98.512589,132.777618,11.451015,179.020004,62.482944,76.639229
2020-10-28,107.768112,192.748871,117.324135,83.601425,24.699144,118.827438,136.615768,63.824512,301.281891,98.370560,132.901550,11.146467,176.130005,60.991821,76.639229
2020-10-29,111.760986,194.688889,116.332039,84.146980,25.794451,118.749741,139.788040,63.438782,304.343933,98.195084,131.611435,11.007245,175.399994,61.809547,76.647552
2020-10-30,105.500343,192.549149,116.264175,84.900375,25.520622,118.344055,141.939056,62.753040,301.171173,97.927719,130.313065,11.007245,176.199997,61.400692,76.647552
2020-11-02,105.413116,192.416000,117.603966,86.814178,26.592459,119.552521,147.560562,64.398796,304.546844,98.105148,131.289124,11.207377,177.910004,62.867760,76.647552
2020-11-03,107.031586,196.315094,117.442841,89.550682,26.138685,121.900421,151.555267,65.161659,309.923889,98.063293,130.527451,11.276987,178.919998,64.078293,76.647552
2020-11-04,111.402382,205.787079,118.206032,86.814178,25.997858,121.399780,140.294128,62.847336,316.850464,98.716080,133.358871,11.398808,178.820007,64.190529,76.639229
2020-11-05,115.356468,212.348999,118.511253,90.364685,25.950922,122.901741,147.397858,64.073074,323.029907,98.808182,133.590683,11.451015,182.929993,64.495178,76.647552
2020-11-06,115.225395,212.757919,120.622719,89.161003,25.645800,123.635429,145.771057,64.904510,322.956116,98.590576,131.976318,11.407509,183.190002,64.054237,76.639229
2020-11-09,112.924614,207.689087,123.870392,101.232704,28.892601,119.112274,154.384094,64.724533,327.014343,98.130257,129.202835,11.546731,175.080002,66.323021,76.647552
2020-11-10,112.584808,200.670685,125.735916,100.903625,29.533594,121.071724,155.721710,65.135963,326.534790,97.971268,128.457718,11.772967,175.660004,67.293053,76.639229
2020-11-11,116.002060,205.939240,125.328896,99.396835,29.229124,122.634132,153.154953,66.464569,328.960449,98.029854,128.921310,11.764266,174.899994,67.549576,76.639229
2020-11-12,115.730217,204.883621,125.752861,98.175804,28.227570,122.703194,152.856705,65.718842,325.769226,98.439957,131.115341,11.668550,175.960007,66.667717,76.639229
2020-11-13,115.778755,205.901169,127.109612,98.790649,28.908623,124.541817,155.188507,66.164551,330.279327,98.456696,130.941452,11.616343,177.160004,68.447456,76.647552
2020-11-16,116.788429,206.585922,127.915222,101.579086,30.575195,122.944855,156.526093,66.644562,334.402100,98.448265,130.626846,11.720758,177.149994,69.217072,76.647552
2020-11-17,115.904976,203.951691,126.643242,100.548592,30.983831,122.470100,155.369202,65.667397,332.603485,98.649147,131.479614,11.755565,176.500000,69.281189,76.647552
2020-11-18,114.584671,201.262817,124.964241,99.803864,29.814026,120.588356,156.119400,64.964539,328.600708,98.716080,131.860458,11.772967,175.490005,67.934387,76.647552
2020-11-19,115.176880,202.540482,124.769241,100.072296,29.966251,120.441605,156.263977,64.398796,329.984100,98.900238,132.539276,11.772967,175.160004,68.198906,76.647552
2020-11-20,113.914818,200.604889,124.107834,99.214989,29.597687,120.243088,155.658432,64.758820,327.724548,99.000694,133.714905,11.833878,175.690002,67.830154,76.647552
2020-11-23,110.526680,200.337936,122.844131,102.072723,31.536673,119.776970,157.963074,63.918789,329.688995,98.975555,133.102264,11.868683,172.229996,67.958427,76.647552
2020-11-24,111.808167,203.913483,122.844131,106.792290,33.635929,119.388519,159.879105,64.270241,335.001526,98.841652,131.777603,12.121022,169.589996,68.319199,76.647552
2020-11-25,112.643051,203.923096,122.681892,105.675156,32.698475,119.707878,157.827484,65.424202,334.485016,98.808182,131.371979,12.225438,169.509995,68.359276,76.639229
2020-11-27,113.186699,205.219788,122.955116,104.973740,32.201714,119.647484,158.234192,64.700821,335.416595,98.975555,132.646927,12.199336,167.789993,68.054642,76.647552
2020-11-30,115.574921,204.113770,123.535759,102.081352,30.551163,119.871956,156.887543,63.374615,333.931580,99.109512,132.481339,12.129723,166.669998,67.341148,76.639229
2020-12-01,119.137779,206.154221,125.900948,103.692101,30.847618,120.303490,156.589325,63.856842,337.584015,98.795937,130.527969,12.094918,170.179993,68.206970,76.633324
2020-12-02,119.487267,205.353302,126.490097,105.683830,32.001396,119.431671,157.140625,63.994648,338.294220,98.686913,129.491989,12.147125,171.460007,67.669830,76.641739
2020-12-03,119.351364,204.275864,127.224365,104.991035,32.217739,118.551216,157.827484,63.167900,338.201965,98.854568,130.536240,12.164528,172.809998,68.239021,76.641739
2020-12-04,118.681496,204.390274,128.308792,105.943626,33.395546,118.663445,164.678192,62.453136,341.116425,98.586311,128.621857,12.216737,172.320007,69.281189,76.650070
2020-12-07,120.137703,204.323532,127.198799,105.545273,32.770588,118.844673,161.514954,63.099010,340.415436,98.737221,129.782166,12.216737,174.889999,68.679939,76.633324
2020-12-08,120.749321,205.963501,129.401733,105.649208,33.844250,119.164116,161.632446,63.452103,341.411591,98.745613,130.395355,12.234140,175.500000,68.439438,76.633324
2020-12-09,118.225212,201.949280,130.725220,104.826515,34.292927,117.748474,162.744080,63.443485,338.349548,98.603081,129.964432,12.242841,172.500000,68.014542,76.633324
2020-12-10,119.642601,200.728851,129.999435,104.151047,35.262436,116.971542,161.641510,63.107624,338.238831,98.846207,131.116348,12.425570,172.169998,67.717941,76.633324
2020-12-11,118.836838,203.341415,130.597168,103.536209,35.094173,117.834778,162.039124,63.555447,337.842224,98.955231,131.580460,12.390765,172.490005,67.653793,76.641739
2020-12-14,118.225212,204.237717,127.284203,102.445068,33.828220,117.265053,160.918442,63.340157,336.329651,98.896500,131.215851,12.425570,171.539993,67.357162,76.633324
2020-12-15,124.147148,204.170959,128.564972,104.194351,34.485233,117.955597,164.253403,64.511383,340.876678,98.955231,130.776611,12.521286,173.940002,68.736038,76.633324
2020-12-16,124.079201,209.081436,127.796478,104.497437,35.014053,118.490784,162.228943,64.106590,341.411591,98.913292,130.428482,12.590897,174.899994,68.816231,76.641739
2020-12-17,124.943222,209.214935,131.169205,103.631470,34.837784,119.336739,161.930679,64.640518,343.320740,98.909088,130.083405,12.738821,176.740005,69.481613,76.641739
2020-12-18,122.962776,208.423538,131.929123,103.120544,34.236862,120.018639,163.548447,64.166878,341.949890,98.858727,129.693405,12.782327,176.440002,68.086685,76.641739
2020-12-21,124.486946,212.237457,130.656891,106.991455,33.611889,118.706612,162.825424,64.072151,340.727234,98.858727,130.207825,12.651806,175.880005,67.701889,76.641739
2020-12-22,128.030396,213.524673,130.400742,105.363426,33.042999,117.869301,159.589874,64.339134,340.152954,99.001404,130.879837,12.512584,174.490005,68.174889,76.641739
2020-12-23,127.137245,210.740494,129.734756,108.307732,33.467667,117.687996,161.252838,64.011879,340.458710,98.934280,129.975525,12.669209,175.649994,67.733971,76.633324
2020-12-24,128.117767,212.390076,130.187271,107.831444,33.331451,118.879234,162.283173,64.571663,341.783173,99.026573,130.489899,12.704015,176.350006,68.326958,76.641739
2020-12-28,132.699982,214.497253,130.802063,108.541550,33.443619,119.707878,161.207642,65.010841,344.719391,99.043365,130.547989,12.625703,175.710007,68.734268,76.641739
2020-12-29,130.933121,213.724930,131.613235,108.255783,33.067043,119.483452,159.653137,64.873047,344.061737,99.060173,130.382095,12.660507,176.350006,68.147766,76.641739
2020-12-30,129.816681,211.369812,133.244095,108.558876,33.331451,118.922401,162.716980,65.372543,344.552673,99.118881,130.664154,12.738821,177.699997,68.522484,76.633324
2020-12-31,128.816772,212.075394,134.379700,110.039719,33.026989,120.104980,164.506500,66.440407,346.303314,99.194427,130.854919,12.791028,178.360001,69.182266,76.641739
2021-01-04,125.632515,207.565369,133.628296,109.000526,33.251324,118.965561,164.623978,63.917130,341.588654,99.068581,130.697296,12.721417,182.330002,66.934029,76.641739
2021-01-05,127.185814,207.765594,135.199417,109.593628,34.853790,119.725143,165.970581,64.390778,343.941315,98.967842,129.726700,13.078174,182.869995,67.031799,76.633324
2021-01-06,122.904541,202.378433,136.471664,114.739677,35.743164,120.985413,175.207275,67.542717,345.997528,98.481064,127.063599,13.095576,179.899994,67.145851,76.641739
2021-01-07,127.098427,208.137451,136.932724,118.507645,36.023598,119.854652,175.541626,68.283348,351.138214,98.380333,125.943642,13.156486,179.479996,67.015503,76.641739
2021-01-08,128.195480,209.405624,136.650955,118.638496,36.424229,119.802856,175.568741,69.867935,353.138855,98.262840,125.537117,13.260902,173.339996,67.667152,76.633324
2021-01-11,125.215019,207.374664,136.078873,120.409088,37.529930,118.991455,175.207275,68.627831,350.758514,98.103394,125.329681,13.165188,173.000000,66.771126,76.641739
2021-01-12,125.040276,204.933777,135.020142,122.301765,38.363224,118.300880,178.533173,68.679489,350.832581,98.187317,125.230133,13.417528,174.119995,66.925903,76.633324
2021-01-13,127.069313,206.278152,134.815186,122.415154,38.795891,118.482170,177.041931,70.479362,351.777344,98.497818,126.640488,13.382723,173.369995,67.740463,76.633324
2021-01-14,125.147102,203.112564,137.171844,123.130394,40.310226,117.221893,178.406631,71.073586,350.545441,98.304810,125.454170,13.504542,173.279999,68.139633,76.641739
2021-01-15,123.428764,202.759766,136.872971,120.923668,38.371235,116.341438,175.894104,70.651604,347.989014,98.405540,125.951965,13.313110,171.130005,68.921616,76.641739
2021-01-19,124.098625,206.373505,138.990524,120.400314,39.132408,115.322853,176.321167,71.314720,350.721466,98.539787,126.358459,13.356619,172.580002,68.726105,76.641739
2021-01-20,128.176010,213.906082,138.648972,118.594864,39.685257,113.881332,174.758377,72.382591,355.575012,98.548164,126.482895,13.365319,175.389999,70.037590,76.641739
2021-01-21,132.874725,214.506790,138.093979,117.600540,38.547508,113.769295,174.622116,72.089767,355.899109,98.405540,125.595192,13.356619,175.279999,69.703613,76.641739
2021-01-22,135.010513,215.441193,139.647995,116.693436,38.002663,112.892235,174.394943,72.520393,354.639435,98.405540,126.001717,13.130383,173.899994,69.866516,76.633324
2021-01-25,138.748154,218.854706,141.722855,115.236824,37.578014,114.837418,170.215393,74.811127,356.038086,98.657295,127.486679,13.269604,174.050003,70.395988,76.641739
2021-01-26,138.981110,221.524475,145.565216,114.765839,36.752735,115.575569,170.097366,73.398788,355.482391,98.623756,127.246078,13.295709,173.619995,70.892891,76.633324
2021-01-27,137.913223,222.067963,143.345184,111.521210,36.336082,111.485428,164.118820,69.058426,346.794189,98.632149,127.569717,13.260902,172.520004,69.638435,76.633324
2021-01-28,133.088333,227.817535,144.438156,113.483696,36.904968,113.204857,167.489685,71.013290,349.776703,98.564995,126.864510,13.199993,172.679993,70.013153,76.641739
2021-01-29,128.108032,221.171692,139.289368,112.227722,35.927460,111.337799,166.126785,69.644028,342.774323,98.455872,126.101288,13.217395,172.610001,69.206718,76.641739
2021-02-01,130.224396,228.504013,138.930756,113.056313,35.991554,111.997765,167.834885,70.358818,348.479950,98.550003,126.247444,13.469735,174.229996,70.787003,76.641739
2021-02-02,131.049622,228.370544,137.684158,116.536461,36.560444,111.841446,174.903763,71.418060,353.407562,98.398712,125.433449,13.574153,172.110001,71.210579,76.633324
2021-02-03,130.030289,231.698212,137.043747,117.870903,37.994648,111.980400,173.949722,71.521385,353.685364,98.281021,124.320534,13.669868,171.850006,71.031372,76.633324
2021-02-04,133.379562,230.754227,138.315994,120.583511,38.723778,112.049866,174.131485,71.478340,357.705353,98.238991,123.988213,13.739479,168.149994,71.520119,76.641739
2021-02-05,132.966370,230.935410,140.416458,120.348000,40.021778,112.518837,175.358032,71.995033,359.113190,98.112892,122.950035,13.809090,169.809998,71.772652,76.641739
2021-02-08,133.112183,231.192902,140.817795,122.231987,41.744442,112.171448,179.401291,71.822823,361.706604,98.213791,123.489899,14.026625,171.520004,72.163658,76.641739
2021-02-09,132.237137,232.432373,141.970474,121.743576,41.255531,111.737251,179.246826,72.193123,361.465851,98.255783,123.581284,14.078833,172.080002,72.416168,76.641739
2021-02-10,131.634369,231.526596,142.431549,121.813370,41.654804,111.346466,179.646591,72.262024,361.308380,98.348289,124.403557,14.052729,172.710007,72.807152,76.633324
2021-02-11,131.381577,233.118958,141.791183,121.473190,40.611805,111.441986,180.218994,72.296455,361.891998,98.230568,123.722450,14.026625,171.210007,72.961929,76.641739
2021-02-12,131.614899,233.595703,142.235184,123.200180,41.165905,110.825439,179.891937,71.590279,363.679596,98.003616,122.185974,14.200651,170.690002,72.978218,76.633324
2021-02-16,129.495377,232.365662,140.945877,126.165627,42.404465,111.085953,183.880615,69.919609,363.364594,97.541237,120.325424,14.392082,168.240005,72.416168,76.641739
2021-02-17,127.210564,233.378677,141.449631,126.558167,43.064491,111.554893,183.807938,69.480392,363.448090,97.734589,121.089577,14.435589,166.330002,72.326553,76.641739
2021-02-18,126.111931,232.986877,141.517944,126.985596,42.388172,112.484093,181.645493,69.523453,361.901184,97.684135,120.599503,14.383382,166.320007,72.017021,76.633324
2021-02-19,126.267502,230.291840,139.161301,129.105057,42.673355,110.391235,190.722321,67.258545,361.262085,97.381538,118.996475,14.374680,167.009995,72.432472,76.641739
2021-02-22,122.504829,224.118088,139.075363,130.317429,44.246006,109.922272,198.127350,64.674995,358.483368,97.078896,118.091187,14.696630,169.509995,73.035240,76.633324
2021-02-23,122.368698,222.933044,137.846756,131.364105,44.857136,110.738586,200.053543,64.339134,358.918701,97.104111,117.750618,14.766239,169.119995,73.491402,76.633324
2021-02-24,121.872871,224.156296,139.694016,133.675430,46.201630,110.860176,202.134277,63.520985,362.873749,97.070480,116.978218,14.992476,169.000000,74.053474,76.624954
2021-02-25,117.633781,218.842697,139.840027,131.861267,45.435680,109.922272,201.543640,64.113991,354.130005,96.179413,115.067879,14.870659,165.820007,72.636116,76.633324
2021-02-26,117.896294,222.082489,136.145584,128.363632,44.303047,107.273651,196.146606,63.611900,352.305237,96.961197,118.871902,14.557407,161.809998,71.577148,76.633324
2021-03-01,124.245178,226.440414,136.884460,131.268173,45.957184,107.933647,199.671921,65.715553,360.845245,96.910690,117.301926,14.435589,161.529999,71.894829,76.624954
2021-03-02,121.649231,223.506454,136.626694,130.840744,45.688286,107.594963,196.092117,65.395256,358.029480,96.927544,117.310204,14.496499,162.410004,71.202431,76.624954
2021-03-03,118.674103,217.476044,134.220993,133.370178,46.054955,106.952354,195.265305,62.780830,353.287201,96.573860,116.037941,14.583512,160.619995,70.795158,76.633324
2021-03-04,116.797668,216.682861,131.514679,131.320465,47.839466,106.075279,193.320892,61.715996,348.915222,96.295990,115.289513,14.809750,159.039993,69.988724,76.633324
2021-03-05,118.051872,221.337051,134.117935,131.625732,49.648426,109.401253,200.035385,61.205235,355.334137,96.228622,115.514053,15.114299,159.139999,70.754440,76.633324
2021-03-08,113.132225,217.313599,135.234863,133.370178,49.599533,110.556221,201.325577,61.343750,353.565033,95.849686,114.615906,14.905462,157.490005,71.365349,76.624954
2021-03-09,117.731018,223.420441,135.492584,132.428192,48.833580,109.574921,196.982513,64.079384,358.612976,96.211754,116.204262,14.905462,160.839996,71.837814,76.624954
2021-03-10,116.651833,222.120697,136.738419,135.306458,50.332893,110.582268,200.853104,64.460289,360.845245,96.371796,116.437050,15.001179,161.660004,72.554649,76.624954
2021-03-11,118.576904,226.622009,136.729874,134.600006,49.958069,110.208870,199.671921,64.806572,364.503906,96.363312,115.597168,15.227415,161.520004,73.401810,76.633324
2021-03-12,117.672684,225.303162,137.125015,136.196152,50.495857,111.277000,208.067322,65.507774,364.994781,95.816025,113.144005,15.157804,161.490005,74.631813,76.624954
2021-03-15,120.550591,224.404755,137.829559,135.515793,49.208401,111.641724,209.648285,65.377922,367.171478,95.917061,113.809349,15.105596,162.199997,75.739647,76.624954
2021-03-16,122.086769,227.176300,138.645782,133.893494,48.165405,111.971733,205.759537,65.256721,366.708405,95.883392,113.351952,15.044687,162.350006,75.430115,76.624954
2021-03-17,121.299217,226.535995,138.130280,135.271576,48.377254,111.520149,212.274124,63.161728,367.958832,95.874954,112.503700,15.044687,163.509995,75.495277,76.633324
2021-03-18,117.186562,220.496078,137.872574,137.504456,46.291264,111.763298,209.593750,61.577480,362.605164,95.504471,111.364464,14.331172,162.559998,74.729561,76.624954
2021-03-19,116.661545,220.142456,137.503067,135.315216,46.030525,111.164116,204.696426,61.326431,361.934174,95.580238,112.054680,14.644422,163.240005,73.711349,76.624954
2021-03-22,119.967239,225.532532,137.898315,131.678070,45.557896,113.048523,205.359741,62.062298,364.824188,95.765472,113.310356,14.618318,163.000000,74.232666,76.624954
2021-03-23,119.140808,227.052002,137.769440,130.361023,44.995670,115.150078,198.299988,64.079384,361.952759,96.009682,114.333160,14.209352,161.809998,74.126793,76.633324
2021-03-24,116.758774,225.025986,139.109726,131.372803,45.908291,115.115334,201.007568,63.049171,360.112762,96.127579,114.948593,14.583512,162.369995,73.711349,76.624954
2021-03-25,117.244904,222.044266,139.161301,133.056183,45.777916,115.914261,203.751495,63.585915,362.138611,96.077042,114.042175,14.252860,161.779999,74.461861,76.624954
2021-03-26,117.847694,226.000793,141.704483,135.271576,47.024628,117.625008,208.521622,64.113991,367.974457,95.917061,113.642960,14.592216,162.240005,76.067749,76.624954
2021-03-29,118.022697,224.815720,142.658127,133.169571,46.772022,119.466042,209.175797,64.754646,367.788696,95.757065,112.678375,14.609618,160.309998,75.625320,76.624954
2021-03-30,116.574036,221.575974,141.773224,134.739517,46.193489,117.625008,211.774399,64.252502,366.812897,95.832848,113.268814,14.374680,157.570007,75.723640,76.633324
2021-03-31,118.761612,225.322281,141.206131,132.777084,45.492718,117.607643,210.674988,65.455856,368.299652,95.849686,112.636803,14.452991,159.960007,75.264824,76.624954
2021-04-01,119.588058,231.610687,139.900223,134.067978,46.763878,116.608971,211.465469,65.594353,372.277039,96.171829,114.506210,14.696630,161.979996,76.633133,76.633324
2021-04-05,122.407600,238.032867,140.415680,134.778595,46.038662,118.493408,212.346817,66.468704,377.620361,95.977867,114.006561,14.479096,161.919998,76.928085,76.624954
2021-04-06,122.708992,236.876511,140.381332,133.831039,45.908291,118.536827,209.557434,67.143959,377.397430,96.315224,114.781052,14.531304,163.220001,77.124733,76.616600
2021-04-07,124.352150,238.826065,140.570328,135.927887,46.112003,118.745262,209.348419,67.014091,377.834015,96.163399,113.981598,14.574812,162.759995,77.182068,76.616600
2021-04-08,126.743874,242.027618,140.020477,136.094635,45.631241,119.196823,209.412033,67.317101,379.627563,96.399529,114.922562,14.653123,164.509995,76.895309,76.624954
2021-04-09,129.310638,244.512466,138.542694,137.112350,45.525307,118.423935,209.657349,67.472939,382.387512,96.289879,114.506210,14.600916,163.270004,76.805176,76.616600
2021-04-12,127.599495,244.569778,138.877777,136.822845,45.223824,118.901550,209.820892,67.213219,382.526978,96.264618,114.456276,14.609618,162.279999,77.255821,76.616600
2021-04-13,130.700974,247.035477,137.021942,135.190948,45.394947,117.329758,208.385345,68.425209,383.660645,96.542915,115.313980,14.766239,163.429993,77.640930,76.616600
2021-04-14,128.367538,244.263977,137.399963,132.664215,46.706837,117.755272,211.320084,68.503120,382.350342,96.466995,114.947533,15.105596,162.720001,77.231247,76.616600
2021-04-15,130.769012,248.000702,137.803802,133.506424,46.429794,119.179474,211.265579,69.412109,386.457794,96.846489,116.871147,15.201309,165.350006,78.583153,76.624954
2021-04-16,130.438446,249.185730,139.393295,134.497818,46.169044,119.188141,212.028778,70.070053,387.749542,96.593475,115.963478,15.175206,166.350006,78.755219,76.624954
2021-04-19,131.099640,247.274368,139.779922,133.927582,46.022362,118.632370,211.147491,69.074478,385.844421,96.517601,115.630379,15.192608,165.889999,78.910904,76.616600
2021-04-20,129.417572,246.815674,143.036179,130.962158,45.052700,119.622330,206.822556,69.715126,383.019501,96.669365,116.163284,15.166506,166.479996,79.558182,76.616600
2021-04-21,129.796753,249.032852,143.130722,132.076355,45.631241,118.840775,211.211075,67.498894,386.643677,96.762146,116.396461,15.105596,168.130005,80.082558,76.616600
2021-04-22,128.280029,245.773987,141.919266,129.295151,45.036407,117.660942,207.967377,67.801903,383.112366,96.787437,116.904434,15.227415,167.039993,79.648308,76.624954
2021-04-23,130.594009,249.577637,142.211395,131.769287,45.280849,117.057892,210.020966,67.732643,387.266266,96.770592,116.629601,15.349233,166.399994,80.115334,76.624954
2021-04-26,130.982941,249.959900,141.008545,132.093903,45.370499,114.715698,210.431641,67.464256,388.074738,96.686287,116.463066,15.453650,166.839996,80.352951,76.616600
2021-04-27,130.662094,250.361237,140.200912,132.699265,45.965336,114.645760,210.230881,66.901566,387.991028,96.450150,115.447174,15.584172,166.419998,80.344765,76.624954
2021-04-28,129.874573,243.279602,139.169891,133.559097,47.350555,114.838058,212.019730,66.737091,387.879578,96.500755,115.522110,15.610276,166.910004,80.172668,76.616600
2021-04-29,129.777344,241.320435,141.077271,136.156052,48.026878,115.808151,207.611435,66.849632,390.351440,96.450150,115.180763,15.714692,166.220001,80.860931,76.616600
2021-04-30,127.813385,241.005081,139.814285,134.945313,46.641651,116.603447,208.195572,67.100677,387.786682,96.551331,115.447174,15.584172,165.660004,81.180473,76.624954
2021-05-03,128.863403,240.699234,141.945068,134.550491,47.929104,117.984283,208.250320,66.399460,388.623016,96.612999,115.516418,15.758199,167.809998,81.024788,76.624954
2021-05-04,124.303497,236.809555,144.144562,136.410446,48.230587,117.582275,213.032883,65.525093,386.225494,96.731216,116.300301,16.001835,166.580002,80.500420,76.616600
2021-05-05,124.546577,235.548096,143.543137,138.200241,49.681015,116.638412,217.112640,63.871597,386.346283,96.807243,116.492081,16.062746,167.270004,79.164894,76.624954
2021-05-06,126.141083,238.663620,144.118744,140.981491,50.153625,118.106651,216.373306,64.070724,389.431458,96.824127,116.683899,16.141060,170.059998,79.607338,76.624954
2021-05-07,126.813103,241.272675,144.771774,141.464020,50.870689,118.115387,219.951111,64.520882,392.265747,96.798813,116.108467,16.297682,171.589996,80.656097,76.616600
2021-05-10,123.540733,236.226624,146.292496,141.446503,50.992920,120.317764,221.429688,64.754646,388.381348,96.646759,114.932663,16.184566,172.110001,80.631500,76.616600
2021-05-11,122.625259,235.318741,145.098236,139.095200,49.371380,119.723465,218.408615,64.122658,384.915131,96.435623,114.282204,16.358591,172.139999,79.615517,76.616600
2021-05-12,119.567177,228.409103,144.514023,138.138840,49.635925,118.456230,216.601517,61.932415,376.737518,96.097794,113.081299,16.341192,170.429993,77.599945,76.608208
2021-05-13,121.709778,232.260529,146.026138,141.692108,49.024158,120.361465,219.111465,62.876038,381.263092,96.317406,113.256424,15.888721,171.130005,78.607742,76.608208
2021-05-14,124.125076,237.153671,146.249573,143.894287,50.239437,120.614899,221.082886,63.300247,387.117584,96.536987,114.315521,16.019239,172.690002,79.541801,76.608208
2021-05-17,122.975861,234.315262,146.395584,144.473312,51.413357,120.370186,223.419327,62.244106,386.132507,96.452522,114.073685,16.219370,174.699997,79.623726,76.616600
2021-05-18,121.592896,232.308350,146.447113,142.437836,49.958344,119.137932,218.563828,62.581703,382.805725,96.334251,113.781792,16.141060,175.039993,79.640099,76.616600
2021-05-19,121.437073,232.883072,146.129257,141.349945,48.759609,119.382645,216.190765,62.902020,381.802124,96.199142,113.506607,15.810407,175.160004,79.386116,76.608208
2021-05-20,123.988747,236.101593,146.979858,141.104294,48.643860,120.606186,214.474899,64.313110,385.909485,96.528526,114.440666,15.645080,175.960007,80.279205,76.608208
2021-05-21,122.157791,234.846710,146.885300,142.709854,48.709999,120.606186,216.528488,64.442963,385.593567,96.570747,114.807587,15.793004,176.039993,80.197273,76.616600
2021-05-24,123.784210,240.220505,147.447266,143.481903,49.280445,120.571236,218.180466,64.088036,389.524353,96.663651,115.232880,16.010538,176.350006,81.196861,76.608208
2021-05-25,123.589432,241.120956,147.040955,141.999207,48.164368,120.981926,216.464600,63.516678,388.660187,96.900146,116.300301,15.958330,177.949997,81.172279,76.608208
2021-05-26,123.540733,240.900650,146.167770,141.981659,48.726536,120.711029,216.957504,63.603245,389.431458,96.866348,116.100174,15.984435,177.639999,81.532799,76.608208
2021-05-27,122.011665,238.812393,145.943008,144.192566,48.412399,117.966850,220.215790,63.196358,389.635864,96.748146,115.633194,16.236776,177.710007,81.344337,76.616600
2021-05-28,121.359161,239.166840,146.323380,144.096069,48.255302,117.853195,220.033218,63.386810,390.332825,96.748146,115.449669,16.184566,178.380005,81.835953,76.616600
2021-06-01,121.037781,236.982849,143.107269,145.684082,49.983139,116.131500,221.566574,62.764565,389.989044,96.703316,115.423843,16.471712,177.899994,83.310753,76.608208
2021-06-02,121.797432,236.887070,143.686539,145.692810,50.379963,116.638412,222.205505,63.278023,390.602386,96.830162,115.691055,16.558727,178.770004,84.285797,76.608208
2021-06-03,120.317085,235.363968,143.548187,145.789352,50.578381,118.727173,222.552292,62.982140,389.152618,96.601822,115.256775,16.419504,175.270004,83.974434,76.608208
2021-06-04,122.605774,240.230103,143.487686,146.026245,50.801594,118.814537,222.716583,62.956017,392.711853,96.999321,116.835167,16.602232,177.160004,84.015404,76.616600
2021-06-07,122.615517,243.122925,142.510742,145.341904,50.470917,119.225304,218.828461,63.069168,392.330841,96.931694,116.476059,16.628340,177.869995,85.006821,76.599869
2021-06-08,123.433586,241.935150,141.257172,144.762863,51.363754,117.844437,219.193573,62.781960,392.414429,97.109276,117.294495,16.793661,177.320007,85.711449,76.599869
2021-06-09,123.813408,242.912247,143.159149,142.955505,51.793648,117.800758,214.164612,63.051754,391.828918,97.303841,118.330086,16.715349,176.979996,85.826141,76.599869
2021-06-10,122.820023,246.408493,144.447296,140.727020,51.876324,118.674713,206.023331,63.974243,393.650360,97.506828,119.039932,16.776260,177.740005,86.440659,76.599869
2021-06-11,124.027695,247.031158,142.614471,140.630554,51.396820,117.861954,201.432465,63.956841,394.300842,97.464569,118.847893,16.724051,175.740005,86.096527,76.608208
2021-06-14,127.076027,248.946930,142.968979,138.244156,51.314152,117.905640,199.890015,63.800182,395.183716,97.219246,117.937523,16.628340,174.710007,86.432457,76.599869
2021-06-15,126.257957,247.481384,142.208191,136.147278,53.182529,117.678421,200.300690,63.904629,394.458832,97.261520,117.795570,16.558727,174.050003,85.506592,76.599869
2021-06-16,126.754631,246.542587,142.156311,137.103607,52.992390,116.044128,198.201538,63.791489,392.256439,96.948593,117.695366,16.463011,171.110001,84.949471,76.608208
2021-06-17,128.351883,249.914444,142.839249,133.146698,51.248024,117.101601,191.164597,64.905457,392.126373,97.253098,119.457466,16.036642,165.850006,84.842926,76.599869
2021-06-18,127.056580,248.506256,140.038177,129.777725,49.933540,115.388641,190.626129,63.774082,386.836456,97.515289,121.704002,16.201967,164.929993,83.400894,76.608208
2021-06-21,128.848572,251.571548,141.646179,131.979843,51.744049,116.297569,194.596390,64.687881,392.374359,97.261520,119.666313,16.402103,166.949997,85.121521,76.599869
2021-06-22,130.484680,254.330307,141.456009,131.786819,52.736107,116.341255,194.523361,64.496445,394.472107,97.363037,119.958557,16.428204,166.250000,84.679077,76.599869
2021-06-23,130.212021,254.100418,140.600128,132.585220,53.124664,116.175217,195.125702,63.834995,393.996613,97.312279,119.649620,16.532623,166.139999,84.531578,76.599869
2021-06-24,129.929626,255.460663,141.239853,133.804749,53.339611,116.253868,200.191162,63.425980,396.327362,97.346130,119.841652,16.593531,166.039993,84.349213,76.608208
2021-06-25,129.637405,253.860916,141.966110,135.155884,53.455345,117.914391,197.425735,64.278839,397.735168,97.151566,118.597298,16.523920,166.589996,84.918610,76.608208
2021-06-28,131.263901,257.405243,141.801819,135.401550,52.091270,118.263962,197.389206,65.401512,398.537018,97.430695,119.816559,16.515219,166.580002,84.671036,76.599869
2021-06-29,132.773407,259.972290,141.810455,135.234833,51.768848,117.459900,196.321350,64.470299,398.751373,97.481445,120.017014,16.593531,164.830002,84.439995,76.599869
2021-06-30,133.386978,259.493347,142.424316,136.463104,52.149136,117.923103,198.630508,63.774082,399.087006,97.549118,120.551514,16.750156,165.630005,83.994408,76.599869
2021-07-01,133.688919,260.163910,143.479065,137.814255,52.297943,118.194061,197.790833,64.566040,401.296570,97.494904,120.558174,16.811066,166.199997,84.357468,76.608208
2021-07-02,136.308685,265.959167,146.089935,137.681824,52.223541,118.770874,198.749100,64.644356,404.363922,97.706650,121.285690,16.967691,167.289993,84.613281,76.599869
2021-07-06,138.315002,265.968658,145.216751,135.369980,50.735458,118.840775,194.879272,65.384102,403.627350,98.020035,122.707283,16.506516,168.119995,85.232170,76.591469
2021-07-07,140.798462,268.143097,146.461716,135.528809,49.941811,119.732224,195.947159,65.558151,405.053772,98.189415,123.794403,16.306387,168.759995,85.529221,76.591469
2021-07-08,139.503159,265.738800,146.176392,133.190399,49.718594,119.714722,193.592361,65.384102,401.753448,98.299522,124.279411,16.445606,168.649994,85.289902,76.599869
2021-07-09,141.324341,266.236938,146.755676,137.452438,50.619720,119.758423,198.438797,65.262276,406.042023,97.977699,122.531693,16.637037,169.210007,86.692734,76.599869
2021-07-12,140.730240,265.643005,146.522202,139.420212,50.570107,119.854584,199.497574,65.349297,407.496490,97.918419,122.372803,16.663141,169.000000,87.435379,76.599869
2021-07-13,141.840530,269.148956,146.340652,137.346542,50.330360,119.706001,196.403519,65.149124,406.107330,97.706650,121.436234,16.802362,169.220001,86.214119,76.599869
2021-07-14,145.258987,270.614441,147.334869,136.878891,49.214306,120.588707,193.163437,65.880157,406.713348,98.036957,122.816010,16.637037,171.039993,86.816498,76.591469
2021-07-15,144.606445,269.196808,145.562576,137.178909,48.734810,121.619980,192.953506,66.854874,405.324158,98.248756,124.170647,16.550024,171.070007,86.956772,76.599869
2021-07-16,142.570953,268.928589,145.329178,134.046341,47.387260,122.799820,189.795578,67.812187,402.145020,98.164040,123.936577,16.550024,169.410004,86.899017,76.599869
2021-07-19,138.733749,265.346130,144.274414,129.687225,45.758629,122.738617,186.345383,67.002831,396.206146,98.680664,126.654289,15.888721,169.610001,85.314682,76.591469
2021-07-20,142.337219,267.558868,145.631729,132.105057,46.262932,122.083199,190.823257,67.159470,401.884003,98.587532,125.433327,16.123659,169.389999,87.328094,76.591469
2021-07-21,141.606796,269.551270,146.530869,134.884644,47.751015,121.654907,193.365051,66.036827,405.137787,98.265663,123.844604,16.445606,168.759995,87.319847,76.591469
2021-07-22,142.970276,274.091644,146.954498,133.181610,47.213661,121.188797,191.924408,66.245667,405.986145,98.494339,125.015259,16.576126,169.089996,86.626717,76.599869
2021-07-23,144.684357,277.472992,148.519257,132.925705,47.155785,122.938934,192.263901,67.185585,410.162903,98.426582,124.179077,16.663141,168.559998,87.344627,76.591469
2021-07-26,145.103165,276.879120,148.588470,133.816910,48.346249,123.369865,193.640305,66.933197,411.169891,98.341881,123.811119,16.784962,168.160004,87.385857,76.599869
2021-07-27,142.941055,274.474854,149.271454,133.640457,47.808891,123.871155,192.603409,67.759964,409.295929,98.570541,125.132347,16.689247,168.440002,87.880974,76.591469
2021-07-28,141.197739,274.168274,148.856476,133.861023,48.131306,122.033104,194.016495,67.751266,409.128113,98.663734,125.140724,16.767559,169.289993,87.575653,76.591469
2021-07-29,141.840530,274.436432,148.856476,135.008148,48.718266,122.666275,195.044235,68.021049,410.824799,98.502800,124.446571,17.063408,171.169998,87.592155,76.599869
2021-07-30,142.054779,272.913422,148.873795,133.931656,47.593941,125.084808,189.712982,67.794754,408.829803,98.638321,125.031990,16.967691,169.820007,87.707680,76.591469
2021-08-02,141.723648,272.827240,148.934296,133.393387,47.602211,124.777016,188.253967,68.586739,407.972046,98.847839,126.147209,16.784962,169.610001,87.517876,76.591469
2021-08-03,143.515686,275.030334,150.767120,134.911118,48.114769,126.597473,191.318787,69.117599,411.291016,98.881752,126.214180,16.706648,169.490005,87.625175,76.591469
2021-08-04,143.116379,274.446075,149.876617,133.455154,46.990444,125.260674,187.666748,69.509232,409.267853,98.873283,126.473755,16.436905,169.529999,87.352867,76.591469
2021-08-05,143.223480,277.329315,150.161926,135.140549,47.288055,125.322258,190.116745,70.048805,411.859741,98.652733,125.829010,16.680546,168.860001,88.376076,76.591469
2021-08-06,142.540710,277.271820,149.660492,138.979019,47.833691,124.363663,191.181168,70.153236,412.540344,98.211670,123.727585,16.541323,164.639999,88.219284,76.599869
2021-08-09,142.491974,276.189331,150.179230,138.828979,47.288055,125.040840,191.676620,70.109726,412.204681,98.033569,123.283852,16.306387,161.720001,87.748955,76.599869
2021-08-10,142.014053,274.379089,150.231094,140.532043,48.098248,125.119972,196.429779,70.083618,412.717468,97.906372,122.714523,16.602232,161.770004,86.915520,76.591469
2021-08-11,142.267639,274.867523,150.257019,142.208603,48.238773,125.427788,203.394348,71.684937,413.743042,97.999664,122.639122,16.750156,164.000000,87.427124,76.591469
2021-08-12,145.223022,277.607117,151.467377,142.764526,48.129677,125.717987,202.091385,72.233185,414.982941,98.008141,122.438232,16.689247,164.039993,87.616905,76.591469
2021-08-13,145.427841,280.519104,152.375153,141.167389,47.642921,126.324837,200.558975,72.624825,415.738129,98.364342,124.372269,16.593531,166.389999,88.095520,76.599869
2021-08-16,147.398087,282.195435,153.749802,140.240891,46.946362,127.204323,199.769852,73.059975,416.717072,98.415260,124.673653,16.550024,167.220001,87.988235,76.583099
2021-08-17,146.490997,280.739410,155.158981,138.546600,46.627457,127.415337,195.851685,73.068649,413.985443,98.338898,124.623497,16.367296,166.970001,87.897461,76.583099
2021-08-18,142.755325,279.021484,153.187836,137.284805,45.645569,126.025826,192.520813,73.468987,409.454315,98.347389,125.042068,16.175867,167.100006,87.097061,76.583099
2021-08-19,143.086945,284.818298,154.380890,136.137665,44.252449,127.512123,187.602509,73.582153,410.088348,98.517044,125.963036,15.949628,166.610001,87.517876,76.599869
2021-08-20,144.540253,292.102631,155.133041,136.525909,44.260845,127.600021,188.052139,75.087715,413.351501,98.525497,126.046753,15.575470,166.699997,87.955231,76.599869
2021-08-23,146.022827,292.380890,154.463364,138.273102,46.081966,126.949234,191.906036,73.451599,416.987457,98.525497,125.963036,16.141060,168.729996,87.790230,76.583099
2021-08-24,145.935013,290.432678,152.532700,139.128998,46.459618,125.920258,195.071732,73.225327,417.649414,98.381340,124.983421,16.480415,168.649994,87.402359,76.583099
2021-08-25,144.706085,289.847137,151.523880,141.996841,46.543533,125.471733,197.062927,73.564728,418.525818,98.194687,123.945282,16.628340,167.479996,87.344627,76.583099
2021-08-26,143.906250,287.044800,150.715073,142.729202,45.914120,125.251907,193.832977,73.271851,416.055176,98.203186,124.288536,16.497816,167.669998,87.377602,76.591469
2021-08-27,144.940125,287.649506,150.393280,143.876389,46.803707,125.155136,195.291946,72.922142,419.775085,98.474640,125.134132,16.706648,170.190002,88.293556,76.591469
2021-08-30,149.348831,291.363647,151.028137,141.573257,46.291775,125.700378,194.025696,73.394241,421.621124,98.584915,125.460625,16.767559,169.350006,89.176491,76.591469
2021-08-31,148.090622,289.722534,150.567215,141.140869,45.754669,125.225533,193.493484,73.429214,420.996460,98.440681,124.606636,16.689247,169.690002,89.597336,76.583099
2021-09-01,148.753845,289.674438,151.097733,140.937973,45.125240,126.500710,190.823257,74.609467,421.220184,98.472099,124.815399,16.610935,169.699997,91.033134,76.583099
2021-09-02,149.865768,289.021790,152.132645,141.590973,46.224632,126.597473,194.328476,75.606140,422.516144,98.574081,125.360382,16.802362,169.250000,91.511726,76.599869
2021-09-03,150.499771,289.012268,152.228271,140.735016,46.048393,126.685394,193.034698,74.915459,422.413513,98.404182,124.220238,16.819767,171.059998,91.528229,76.583099
2021-09-07,152.830948,288.090942,149.862793,140.487900,45.779842,126.210480,191.071045,74.338432,420.903137,98.140877,123.172333,16.628340,167.710007,90.496773,76.583099
2021-09-08,151.289841,288.119720,149.497498,139.861404,45.360222,127.169098,189.731369,75.571167,420.390442,98.302223,124.010612,16.750156,167.289993,90.950607,76.583099
2021-09-09,150.275452,285.278961,146.166672,140.470291,45.393803,126.632629,188.492554,75.046608,418.591095,98.616524,125.511192,16.628340,168.029999,89.102242,76.583099
2021-09-10,145.301056,283.800934,145.210037,138.855469,45.301483,126.755753,188.116364,74.251030,415.290680,98.421135,124.404633,16.845873,167.179993,87.798454,76.591469
2021-09-13,145.866760,285.029388,144.192474,141.061462,46.468002,128.118896,189.208298,73.945045,416.353516,98.548576,125.159142,16.976393,167.740005,88.392570,76.591469
2021-09-14,144.472000,287.716675,143.322815,138.599594,45.805019,127.899033,185.657242,73.997505,414.106689,98.769424,126.676476,16.967691,168.820007,88.235786,76.583099
2021-09-15,145.359558,292.544067,143.862000,139.561401,47.349190,127.626411,188.777039,73.971260,417.565491,98.675972,126.232162,17.246134,167.830002,88.516350,76.583099
2021-09-16,145.125473,292.928009,143.688065,139.499603,46.845654,126.738167,186.822556,73.437950,416.903534,98.506111,125.653740,17.124317,164.029999,88.590607,76.591469
2021-09-17,142.462723,287.793396,143.279343,139.137817,46.291775,126.940445,183.289825,71.374718,412.842468,98.421135,125.050117,16.985092,163.770004,87.798454,76.583099
2021-09-20,139.419556,282.447723,142.461807,134.972870,45.058109,125.665222,175.095703,71.418434,405.958710,98.608047,126.601028,16.784962,164.940002,87.262085,76.591469
2021-09-21,139.897507,282.927673,143.087982,134.990540,45.016144,125.858727,174.196442,71.619507,405.575195,98.650497,126.492096,16.802362,166.039993,87.303345,76.583099
2021-09-22,142.257904,286.555298,142.566193,137.575974,46.333725,126.289650,175.582031,71.602013,409.531586,98.684509,127.246460,16.993793,165.419998,88.153275,76.583099
2021-09-23,143.213760,287.495850,143.374985,142.226273,47.903091,126.808510,180.417725,71.051231,414.507263,98.200333,124.371109,17.254837,163.509995,87.979980,76.591469
2021-09-24,143.301544,287.294342,142.940155,143.867569,48.331093,126.245674,180.601273,70.552902,415.190155,98.030434,123.155624,17.333149,163.300003,87.039276,76.583099
2021-09-27,141.789688,282.323059,141.905243,147.344238,49.766174,124.583511,183.519211,68.856834,414.002350,97.894516,122.702911,17.568087,163.639999,85.868553,76.583099
2021-09-28,138.414917,272.101807,141.592178,146.550095,50.286491,123.642487,184.023880,67.554176,405.659363,97.486794,120.791550,17.428864,162.050003,85.287346,76.583099
2021-09-29,139.312286,272.562592,142.644455,146.435318,50.252922,124.900139,181.564743,68.498375,406.342194,97.554756,121.001114,17.446266,161.320007,85.926682,76.591469
2021-09-30,138.015045,270.566284,140.452881,144.441132,49.363346,122.947723,176.150925,68.646996,401.375732,97.537766,120.984390,17.559385,164.220001,84.506889,76.591469
2021-10-01,139.136703,277.457123,139.557144,147.476578,51.134109,122.754234,178.316437,69.250252,406.145721,97.835533,122.002541,17.794321,164.589996,85.702522,76.591469
2021-10-04,135.713135,271.708374,138.470032,147.317764,51.797100,122.059486,177.215332,69.381386,400.908020,97.767494,121.691978,18.081467,165.360001,85.719101,76.574707
2021-10-05,137.634644,277.130829,138.783112,149.723495,51.713181,122.534386,176.637253,69.486305,405.079559,97.537766,120.516815,18.307703,164.589996,85.129601,76.583099
2021-10-06,138.502686,281.305603,139.070084,150.043045,50.764847,124.170166,176.049957,70.972549,406.763031,97.580307,121.196716,18.003155,165.029999,85.943291,76.583099
2021-10-07,139.760925,282.975586,140.313736,150.992905,50.907509,125.163986,179.619431,70.745239,410.279785,97.308105,119.929298,18.229391,164.160004,86.175797,76.583099
2021-10-08,139.380569,282.975586,139.957138,151.108322,52.183144,124.645088,179.078018,70.124512,409.531586,97.095383,119.089912,18.290300,164.229996,85.362076,76.583099
2021-10-11,139.292770,282.380585,139.365784,147.930298,51.662819,125.163986,176.995102,68.043770,406.566650,96.942284,118.787720,18.412119,163.919998,85.577965,76.583099
2021-10-12,138.024750,281.084900,137.139374,146.794006,51.394276,124.979263,174.269821,68.952995,405.565857,97.299591,120.819008,18.412119,164.660004,86.698853,76.583099
2021-10-13,137.439560,284.376740,138.452591,142.923508,51.251606,125.269485,173.370575,70.107025,407.024902,97.520760,121.994133,18.516535,167.589996,87.329849,76.583099
2021-10-14,140.219345,290.557434,139.244019,145.116180,52.032085,126.685394,178.316437,71.217339,413.871307,97.707939,122.447380,18.707968,168.000000,88.392639,76.574707
2021-10-15,141.272781,291.958649,140.278946,147.903641,52.527233,127.010796,182.619980,71.400940,417.023315,97.469704,121.733955,18.864594,165.330002,88.326202,76.583099
2021-10-18,142.940643,294.914612,139.252716,147.850372,52.502056,125.181511,181.849182,70.806435,418.257935,97.401649,122.304672,18.751472,164.919998,88.550400,76.574707
2021-10-19,145.096176,295.816711,142.514008,149.643616,53.290936,123.704063,184.565292,71.715668,421.484680,97.120895,120.617546,18.794981,165.449997,88.591896,76.574707
2021-10-20,145.583923,295.029816,142.435745,151.658707,53.584652,124.187721,187.363922,73.368019,423.140137,97.052856,119.803360,19.003813,166.899994,89.986794,76.574707
2021-10-21,145.798492,298.244781,142.105270,150.469177,52.611153,123.294006,185.482880,73.271851,424.243805,96.848679,119.660637,18.716669,166.750000,90.111351,76.574707
2021-10-22,145.027939,296.709290,142.383545,152.493179,52.972015,124.621361,185.132263,73.805145,423.804230,97.035843,120.978485,18.803682,167.770004,90.534782,76.574707
2021-10-25,144.979126,295.720825,142.696640,151.747482,54.004272,124.639061,186.571609,73.691490,426.076996,97.129410,120.793854,18.899397,168.929993,90.825386,76.583099
2021-10-26,145.642441,297.621033,144.149002,152.155838,55.254711,126.408867,184.200378,74.723137,426.460480,97.308105,121.792694,18.925503,167.679993,91.074471,76.566345
2021-10-27,145.184021,310.155090,142.400925,148.986649,53.819633,125.506241,180.961838,74.320976,424.571228,97.631355,124.008606,18.577448,168.119995,90.302307,76.566345
2021-10-28,148.812363,311.287537,141.626923,151.232605,53.970699,126.258408,188.306244,75.553673,428.667847,97.554779,123.588905,18.673161,168.080002,91.564339,76.583099
2021-10-29,146.110565,318.264679,141.653030,150.815369,54.104969,126.532768,188.232391,74.600723,429.537659,97.529243,123.966614,18.577448,166.649994,90.534782,76.583099
2021-11-01,145.291290,316.105377,141.774796,150.735504,55.078480,126.223068,189.496475,74.828033,430.276520,97.469589,123.074074,18.716669,167.520004,90.983147,76.583099
2021-11-02,146.325211,319.713898,144.009842,151.330276,54.398705,127.479614,191.101852,74.679413,432.016174,97.665627,123.620338,18.768877,167.160004,91.414894,76.566345
2021-11-03,147.758972,320.548981,143.548935,151.383530,53.651791,128.355652,187.807983,74.522057,434.653748,97.469589,122.342850,18.290300,165.770004,91.722107,76.566345
2021-11-04,147.242050,322.890625,143.148865,149.394974,54.054626,128.594604,187.844879,74.102402,436.702026,97.793396,123.628769,18.177183,167.649994,90.850296,76.574707
2021-11-05,147.769501,322.526001,142.131332,149.181992,54.566551,129.231750,189.957779,74.775574,438.217255,98.176872,125.477722,18.429523,169.839996,91.315262,76.574707
2021-11-08,146.949020,323.418579,141.644302,150.078537,55.154015,128.267151,197.680481,73.953766,438.591370,97.997894,125.242386,18.542639,170.449997,91.240547,76.583099
2021-11-09,147.310364,322.420410,141.331268,148.942276,55.691120,128.656494,193.583832,74.259766,437.141724,98.270584,126.872887,18.690563,171.289993,91.398277,76.566345
2021-11-10,144.487473,317.477783,142.861877,148.800232,54.593960,129.921967,190.686676,74.487061,433.625000,97.605972,124.553253,18.455626,173.149994,90.974831,76.566345
2021-11-11,144.438614,319.042084,141.809555,148.791367,54.696022,129.550293,192.402832,74.635704,433.765228,97.427032,124.368347,18.586147,174.119995,91.124298,76.574707
2021-11-12,146.509430,323.159363,143.505447,148.125580,54.279282,129.691833,193.085602,75.457512,437.038757,97.409973,123.822113,18.560043,174.449997,91.057869,76.574707
2021-11-15,146.519196,322.535583,142.209595,147.859268,54.747055,130.435181,191.646255,76.357994,437.188446,97.052086,122.267311,18.568745,174.179993,91.697197,76.574707
2021-11-16,147.495987,325.837036,141.470413,146.794006,55.299881,130.249359,189.542587,76.043259,438.918762,97.018013,121.956329,18.542639,172.919998,91.091080,76.566345
2021-11-17,149.928223,326.058167,142.000900,146.003891,54.696022,130.169708,187.282089,76.742645,437.852509,97.248085,122.922813,18.377314,174.500000,91.373383,76.566345
2021-11-18,154.206589,328.125305,141.235550,144.743332,54.100670,130.187393,185.842697,76.585304,439.339691,97.333290,123.385078,18.438223,173.940002,91.389999,76.574707
2021-11-19,156.824371,329.894470,141.661713,142.852478,51.600189,129.921967,184.938492,77.206024,438.554016,97.520737,124.687752,18.142380,172.610001,90.850296,76.574707
2021-11-22,157.283478,326.740784,139.797165,145.897400,52.314598,130.789124,186.728470,76.375496,437.319397,97.052086,123.225342,18.272900,168.740005,90.401932,76.574707
2021-11-23,157.664429,324.673676,140.663803,149.386154,53.692425,132.240402,189.450333,76.331757,437.899261,96.668663,121.443642,18.603548,167.279999,91.132607,76.566345
2021-11-24,158.182129,324.894714,140.269836,148.214340,53.990101,131.550171,191.055710,76.582039,439.068359,96.890213,123.393478,18.533937,167.119995,92.236870,76.574707
2021-11-26,153.171204,316.981781,139.359467,143.749084,52.093483,130.497131,183.360703,75.598526,429.275848,97.580406,126.511505,17.428864,166.850006,89.671288,76.566345
2021-11-29,156.521591,323.664001,139.840988,143.127716,52.382656,131.868759,180.768066,77.855331,434.541504,97.631516,125.494560,17.428864,166.619995,90.335526,76.574707
2021-11-30,161.464188,317.856659,136.497025,140.997162,50.894268,127.939758,178.396820,76.204430,426.086365,97.793396,127.402412,16.950287,165.500000,88.625130,76.566345
2021-12-01,160.946472,317.366364,138.379089,140.162720,50.851742,129.550293,176.662247,77.135262,421.353729,97.812195,128.188248,16.802362,166.160004,87.163826,76.574707
2021-12-02,159.959869,316.799103,137.512451,143.109940,52.118996,130.311325,181.570770,77.820206,427.807281,97.795143,128.348175,16.950287,165.240005,89.779213,76.574707
2021-12-03,158.084442,310.568604,139.517090,140.517792,51.787304,132.629745,182.502701,77.302109,424.084808,98.187607,129.879623,16.967691,166.630005,89.480309,76.566345
2021-12-06,161.483719,313.626190,142.633377,142.177826,52.374149,134.638474,185.713547,78.285614,429.107391,97.846313,128.095688,17.263538,166.220001,91.049568,76.566345
2021-12-07,167.207733,322.019958,143.001022,144.317230,52.960991,134.284515,188.675323,79.392075,437.983459,97.692734,127.060738,17.524578,166.809998,92.361435,76.566345
2021-12-08,171.017212,322.068024,143.858948,142.666092,53.114086,134.886276,188.398453,79.313042,439.143188,97.436768,124.864532,17.759516,166.899994,93.025658,76.574707
2021-12-09,170.509247,320.269989,145.224487,142.444153,53.250168,135.673843,188.343094,78.952988,436.178284,97.445282,125.562935,17.489773,165.880005,91.680595,76.566345
2021-12-10,175.285797,329.346436,144.865601,141.875992,53.590370,137.567505,187.724945,79.277901,440.284302,97.470871,125.260002,17.689905,166.580002,91.962906,76.574707
2021-12-13,171.661911,326.327362,147.456696,140.189331,52.416664,139.523178,185.685837,80.559975,436.384064,97.812195,127.111168,17.602890,167.000000,92.826408,76.574707
2021-12-14,170.284622,315.693451,149.067352,141.263458,52.340122,140.036423,186.045700,79.058380,433.381744,97.624474,126.808258,17.446266,165.440002,91.639076,76.574707
2021-12-15,175.139297,321.760284,149.811478,140.207077,52.110489,140.576202,186.885315,80.788284,440.153320,97.547676,125.588181,17.533279,166.149994,92.926025,76.574707
2021-12-16,168.262634,312.385864,151.448395,142.399780,52.195538,142.567245,190.225372,80.990280,436.271820,97.681808,125.637032,17.637699,168.160004,92.892799,76.566345
2021-12-17,167.168640,311.328247,147.264114,139.159561,51.055862,139.337357,185.796539,79.857468,431.628662,97.801331,127.060677,17.428864,167.800003,92.776558,76.574707
2021-12-20,165.810867,307.588135,146.843918,136.656189,50.315914,139.691315,180.343628,78.979355,427.038940,97.656158,126.108780,17.307043,167.089996,92.054214,76.566345
2021-12-21,168.975723,314.683777,146.371231,138.564804,51.455597,139.602829,182.973175,79.427185,434.622711,97.579269,125.628639,17.672503,167.020004,93.092087,76.557961
2021-12-22,171.564224,320.366180,147.001495,139.106323,51.872353,140.983246,186.516220,79.734535,438.968353,97.664680,126.209885,17.881336,168.589996,94.046906,76.557961
2021-12-23,172.189362,321.798798,147.281631,139.603409,51.897850,141.673492,190.253021,79.646721,441.699677,97.545105,125.114731,17.977051,168.970001,93.947296,76.557961
2021-12-27,176.145370,329.259918,148.524643,140.402374,52.637798,143.328262,190.419113,80.191162,447.950684,97.596344,125.418007,18.203287,169.369995,95.542168,76.566345
2021-12-28,175.129486,328.106140,149.119919,140.828491,52.467697,144.098145,190.640549,80.682907,447.584656,97.553658,124.920975,18.168480,168.639999,95.894165,76.557961
2021-12-29,175.217422,328.779144,150.170349,140.757462,52.008430,145.292801,191.295609,80.779518,448.157166,97.263237,123.556297,18.255493,168.589996,96.539490,76.557961
2021-12-30,174.064819,326.250488,150.835648,140.686447,51.702255,144.036240,190.142334,81.464470,446.918274,97.476784,124.592392,18.168480,169.800003,96.958549,76.566345
2021-12-31,173.449417,323.366028,149.750198,140.571045,52.042442,144.752930,190.751251,81.982536,445.791931,97.442627,124.836739,18.081467,170.960007,97.226730,76.566345
2022-01-03,177.786377,321.856445,150.161606,143.544922,54.041134,144.151245,190.991180,80.489746,448.372986,96.776337,121.559769,18.151077,168.330002,96.464066,76.557961
2022-01-04,175.530014,316.337494,149.758926,148.986649,56.073849,144.655655,201.214218,79.629150,448.222900,96.767792,121.054337,18.368612,169.570007,96.346725,76.566345
2022-01-05,170.860931,304.194000,150.756851,146.262878,56.771255,145.310486,202.755066,78.794907,439.616028,96.468864,120.397240,18.290300,169.059998,93.589417,76.566345
2022-01-06,168.008606,301.790283,150.240402,147.816772,58.106556,144.089294,204.821884,75.317528,439.203064,96.366371,120.708939,18.446924,166.990005,93.673218,76.566345
2022-01-07,168.174744,301.944183,152.271225,149.281387,58.582829,144.009659,206.851730,75.879532,437.466675,96.084496,119.841248,18.481731,167.750000,93.053032,76.566345
2022-01-10,168.194260,302.165283,151.518433,149.424271,58.234123,142.045166,204.498947,74.017891,436.922302,95.999069,120.136116,18.403418,168.259995,92.516655,76.557961
2022-01-11,171.017212,302.847870,149.907761,149.576096,60.683586,140.399246,202.939636,74.456940,440.901855,96.178482,120.936440,18.760172,170.289993,92.659142,76.549599
2022-01-12,171.456772,306.011169,148.629684,150.424484,60.504971,140.708969,205.200150,74.720383,442.093872,96.178482,120.473015,18.908098,170.740005,92.768089,76.557961
2022-01-13,168.194260,293.060059,147.728073,150.236954,60.071217,140.071808,209.444412,74.553543,436.002502,96.349274,121.542892,18.707968,170.160004,92.583710,76.566345
2022-01-14,169.053864,298.252106,146.922745,141.002884,61.125847,141.416855,211.234390,73.060722,436.180756,95.811165,119.706436,18.951605,169.669998,91.745636,76.566345
2022-01-18,165.859726,290.992920,146.274994,135.090897,62.154961,138.691376,212.092438,71.348366,428.456238,95.230301,118.021629,19.099527,169.389999,90.781830,76.549599
2022-01-19,162.372574,291.646637,145.819748,133.001175,62.180470,143.354843,205.509781,72.525040,424.007294,95.435341,118.838806,19.203945,172.080002,89.558205,76.566345
2022-01-20,160.692474,289.983337,144.655502,131.867004,62.316563,144.128860,200.846268,73.332954,419.314331,95.486557,119.571632,19.134333,171.649994,88.410004,76.566345
2022-01-21,158.641235,284.627869,144.322876,129.562943,61.380997,144.680405,198.491333,72.533836,411.082855,95.862404,120.995361,19.151737,171.089996,88.192131,76.557961
2022-01-24,157.869537,284.954651,142.659637,129.446823,61.908306,143.506058,198.713821,71.936714,412.828705,95.751381,120.001320,19.108229,172.029999,88.359749,76.566345
2022-01-25,156.072266,277.378357,146.738922,130.857849,63.728405,141.940231,198.695313,65.947830,407.788513,95.657387,119.807556,19.282257,172.580002,88.007751,76.549599
2022-01-26,155.984344,285.281708,147.395432,132.099197,63.081997,140.703552,198.676758,63.787628,406.765503,95.119308,118.358604,19.325762,169.789993,86.633278,76.557961
2022-01-27,155.525223,288.291077,149.329987,129.768356,63.889999,141.575470,196.711227,63.673466,404.756775,95.435341,120.532013,19.421478,167.600006,85.200157,76.566345
2022-01-28,166.377441,296.386841,150.380402,130.929337,64.026070,142.794296,186.503403,63.664696,414.809113,95.503670,120.574173,19.438883,167.100006,87.957466,76.549599
2022-01-31,170.724182,299.002014,150.818115,132.706482,64.604416,142.749863,186.874237,68.599815,422.280273,95.495110,119.950783,19.508493,168.089996,89.038597,76.566345
2022-02-01,170.558121,296.867615,149.583847,134.983719,68.746384,142.118179,190.388123,67.818245,425.133636,95.461754,119.552574,19.586805,168.229996,88.720116,76.557961
2022-02-02,171.759552,301.386505,151.238297,133.903122,68.567780,144.662659,190.007996,68.257317,429.263367,95.564377,119.957535,19.665117,168.839996,89.851540,76.566345
2022-02-03,168.887802,289.646790,151.229568,132.795761,67.768303,146.032776,185.974899,66.536179,419.173584,95.179474,119.021164,19.708626,168.600006,88.896111,76.566345
2022-02-04,168.604172,294.156128,150.240402,136.242905,69.239670,143.710709,183.953796,66.746933,421.144592,94.580688,117.266510,19.865250,168.860001,88.016129,76.549599
2022-02-07,167.890198,289.358337,149.741425,136.698395,70.073158,142.634171,185.261032,66.457153,419.793030,94.666245,117.342384,19.908756,170.110001,87.890411,76.549599
2022-02-08,170.990601,292.829254,150.135345,139.270325,68.261581,142.313889,186.818634,66.263947,423.247070,94.375450,116.557899,19.734730,170.630005,87.479729,76.557961
2022-02-09,172.408737,299.223206,150.117889,139.850784,67.934807,141.993607,188.765625,67.317719,429.441742,94.435287,116.777237,19.934862,171.210007,89.457626,76.549599
2022-02-10,168.340088,290.733246,148.305801,139.270325,67.281258,139.831650,188.274231,66.255188,421.726563,93.562805,114.921310,19.830444,170.559998,87.345650,76.549599
2022-02-11,164.936523,283.676025,146.808929,137.457458,68.975342,139.048752,186.577606,65.824905,413.410675,94.178680,116.625351,20.126291,173.809998,86.549461,76.549599
2022-02-14,165.171249,283.637512,144.961868,136.180435,67.917625,139.449112,185.325928,65.789787,412.059052,93.631218,115.174416,20.230709,174.740005,85.761665,76.541229
2022-02-15,168.995392,288.896881,146.458740,138.171921,67.066284,139.520279,188.589478,65.939049,418.704254,93.477257,113.866852,19.900055,173.080002,86.532707,76.557961
2022-02-16,168.760651,288.559662,146.371231,138.421951,67.375854,140.579010,188.802704,66.061981,419.173584,93.588455,114.541748,19.926159,174.860001,86.934998,76.557961
2022-02-17,165.171249,280.109955,145.478348,135.233780,67.272675,142.189346,180.551147,66.193710,410.219421,93.785187,115.393715,20.091486,177.250000,86.013084,76.549599
2022-02-18,163.625931,277.412292,143.918961,135.867828,66.524521,142.260513,177.964447,65.113609,407.563263,93.981934,116.608490,20.169798,177.119995,85.493492,76.557961
2022-02-22,160.711411,277.209961,141.963226,135.626694,65.750580,140.507843,177.278381,64.788681,403.189453,93.879303,116.912186,20.456944,177.490005,85.183395,76.557961
2022-02-23,156.554733,270.032074,142.033722,132.786804,66.017174,138.755157,173.069153,63.506615,396.037354,93.460129,115.300941,20.648373,178.289993,83.775398,76.549599
2022-02-24,159.166107,283.828949,139.320206,129.089615,65.183029,135.018478,171.233414,66.246407,401.997406,93.631218,115.376862,20.735390,177.139999,85.183395,76.549599
2022-02-25,161.229782,286.449554,146.244843,132.143829,66.937286,140.783646,173.430740,67.756805,410.867096,93.725319,115.461220,20.422136,176.550003,87.236687,76.549599
2022-02-28,161.493805,287.875549,144.985031,126.633804,67.436043,138.692886,173.912842,69.112175,409.815887,94.401054,117.991936,20.770195,178.380005,85.937653,76.549599
2022-03-01,159.615982,284.175842,144.482864,121.855942,68.081017,136.397476,169.508942,68.379311,403.574219,94.933067,119.356133,21.605526,181.619995,85.485100,76.568039
2022-03-02,162.902191,289.224426,146.280045,124.383240,69.250511,136.824509,178.576340,68.476433,410.998535,93.793709,115.276268,22.310337,179.729996,87.085846,76.568039
2022-03-03,162.579453,285.110382,148.429657,123.499161,69.689087,137.331680,180.653137,69.571358,408.952332,94.110680,116.450386,22.553974,180.800003,87.798210,76.576416
2022-03-04,159.586624,279.271698,149.310669,120.025223,72.311874,138.025604,181.404114,70.825203,405.629669,94.487564,118.460808,23.502426,183.679993,88.200508,76.576416
2022-03-07,155.801636,268.721771,151.715805,115.390343,74.917488,135.979324,182.368362,74.330711,393.672119,93.939346,117.556976,24.015808,186.410004,86.457291,76.576416
2022-03-08,153.982483,265.773529,148.641098,114.577644,75.485039,130.596741,194.699310,72.361618,390.687408,93.605263,116.374435,24.424772,191.509995,86.038246,76.576416
2022-03-09,159.371506,277.961456,149.204926,119.167915,71.193970,132.358337,194.495331,70.922333,401.162048,93.408234,115.234016,22.484364,185.820007,87.362404,76.576416
2022-03-10,155.038788,275.157776,149.469269,117.756889,73.404007,128.950836,196.358887,70.781052,399.350555,92.885689,113.578407,22.214622,186.399994,87.580322,76.576416
2022-03-11,151.331970,269.839386,149.196121,115.104546,73.025635,127.420555,199.177414,70.021675,394.272858,92.868553,113.958534,22.597483,185.089996,86.884705,76.568039
2022-03-14,147.312256,266.341919,151.257675,116.247620,70.411423,129.048691,199.742966,70.004021,391.391357,91.969063,111.297745,21.936176,182.300003,86.205856,76.576416
2022-03-15,151.684097,276.660736,155.178085,118.310577,66.404144,133.692856,200.688660,72.388107,399.998199,92.174667,111.103416,21.396692,178.889999,86.784142,76.559647
2022-03-16,156.085297,283.636322,153.750870,123.597389,66.154755,133.239090,200.336304,72.856094,408.867889,92.243195,112.193092,21.213963,180.009995,87.814987,76.576416
2022-03-17,157.092636,284.435883,155.759552,125.160210,67.917625,133.657257,205.546844,73.015045,413.983185,92.397354,111.356834,22.232025,180.889999,89.172684,76.576416
2022-03-18,160.378845,289.455627,154.032791,125.115578,67.651031,133.586090,204.814423,72.732475,418.517487,92.602974,112.716820,22.336441,179.300003,89.172684,76.568039
2022-03-21,161.748154,288.232056,154.904968,124.713722,70.686607,134.093201,207.410446,72.229164,418.395050,91.694946,110.106682,23.171774,180.669998,88.627922,76.568039
2022-03-22,165.112579,292.953033,154.173752,127.366020,70.377022,135.125275,206.483276,73.156311,423.290863,91.446518,108.696060,23.119566,179.360001,88.854202,76.568039
2022-03-23,166.472031,288.549896,153.592331,124.829796,71.486343,134.182205,205.982620,72.909088,417.839508,91.823448,111.078094,23.693855,181.809998,87.857323,76.584778
2022-03-24,170.247269,292.991577,154.385193,125.642471,71.701340,134.413467,206.019669,73.906868,424.138214,91.617844,110.208054,23.458920,183.130005,88.413490,76.584778
2022-03-25,170.882996,292.586914,155.865280,126.740913,73.266411,135.970444,207.085922,74.118797,426.209503,90.889725,108.679146,23.632946,182.380005,89.517410,76.568039
2022-03-28,171.743713,299.350525,156.666946,125.803223,71.211174,136.904617,205.685944,74.551468,429.241150,91.112419,109.608307,22.606184,179.059998,90.469627,76.568039
2022-03-29,175.029892,303.888458,156.587692,126.080055,70.832802,138.310349,204.934921,74.719215,434.551208,91.540749,110.436119,22.693199,179.139999,93.124046,76.568039
2022-03-30,173.866013,302.395081,158.217484,125.508530,72.045296,137.358337,206.826279,75.496246,431.868042,91.789169,111.297745,23.102163,180.580002,92.449913,76.584778
2022-03-31,170.775436,297.047791,156.138351,121.739876,71.021973,135.943756,206.585266,74.798698,425.221008,91.746323,111.568008,22.675795,180.649994,91.320740,76.584778
2022-04-01,170.481979,298.117310,156.984146,120.837898,71.477745,137.981140,203.757462,75.681702,426.426086,91.583336,111.992722,22.823719,179.500000,93.098763,76.584778
2022-04-04,174.521301,303.464508,155.468826,121.373711,71.512146,137.082581,204.721695,75.602211,430.079102,91.660522,111.214417,23.258789,180.369995,92.643723,76.576416
2022-04-05,171.215546,299.523926,156.473160,119.961258,71.142365,137.562988,200.280685,76.229149,424.646545,90.733971,108.701797,23.067358,179.240005,92.188675,76.568039
2022-04-06,168.056473,288.559662,160.543335,118.296883,71.933525,139.529175,200.456848,76.370430,420.400482,90.502350,107.821960,22.884630,179.660004,93.284157,76.576416
2022-04-07,168.359680,290.361237,160.129288,117.937019,73.137436,141.335236,200.169449,76.891396,422.518860,90.305038,107.009796,22.962940,180.339996,92.357201,76.576416
2022-04-08,166.354630,286.122009,160.446426,120.096214,74.676712,142.438446,201.217072,76.017235,421.389038,89.850334,105.850769,23.250086,181.470001,92.508904,76.568039
2022-04-11,162.109985,274.839813,158.437759,119.655380,72.105499,141.895737,200.308502,74.683907,414.186554,89.464279,104.175728,23.058655,182.369995,91.514526,76.576416
2022-04-12,163.978043,271.756714,158.490601,118.341843,73.610374,141.468704,200.911163,74.074638,412.651917,89.747383,104.031906,23.746065,183.770004,91.379723,76.576416
2022-04-13,166.657883,277.113617,159.160187,114.527267,74.650909,141.869034,202.366760,73.774429,417.378204,89.927559,104.243439,24.268150,184.649994,92.028572,76.576416
2022-04-14,161.660065,269.608093,158.490601,113.465675,75.528038,141.077209,211.211685,73.121002,412.181152,89.198303,102.153778,24.450876,184.039993,91.632507,76.568039
2022-04-18,161.444946,270.272919,156.517197,115.570892,76.147186,139.733810,213.167969,72.149712,412.350555,88.923767,101.646202,24.729321,184.610001,91.261734,76.576416
2022-04-19,163.723770,274.878357,161.292175,117.963997,75.467842,141.824554,215.244751,72.255661,419.007111,88.383270,100.884796,24.094122,181.820007,93.250435,76.568039
2022-04-20,163.557480,275.899567,162.005753,118.377831,75.639809,145.596848,217.951981,71.973106,418.696350,88.889465,102.915199,24.120224,182.710007,94.800972,76.584778
2022-04-21,162.765274,270.552368,161.538879,117.460182,74.840088,145.483200,215.624863,67.266716,412.435364,88.400436,102.153778,24.085419,182.059998,94.143692,76.584778
2022-04-22,158.236938,264.020020,159.935440,114.086426,73.206215,144.266449,201.502029,65.297646,401.118469,88.314644,101.510841,23.624247,180.289993,92.492058,76.576416
2022-04-25,159.303009,270.465576,163.873489,114.050461,70.738197,145.429520,201.874649,65.377121,403.443970,88.906631,102.526031,23.450218,177.050003,92.256104,76.584778
2022-04-26,153.356552,260.349182,162.701767,110.676712,70.764000,142.960205,195.912506,64.962105,391.759918,89.181160,103.558159,23.772169,177.320007,90.739281,76.576416
2022-04-27,153.131577,272.874329,160.428818,109.237259,72.784851,142.575546,199.322098,64.697189,392.861359,88.820831,102.229897,23.937494,175.979996,90.140968,76.576416
2022-04-28,160.046326,279.050110,161.626953,110.964600,74.986267,146.198990,197.906097,64.891449,402.784912,88.786491,102.382217,24.137627,176.929993,91.801041,76.593155
2022-04-29,154.187851,267.382477,158.983963,107.383934,73.309418,143.640198,196.136063,62.710468,387.899780,88.254593,101.053986,23.954899,176.910004,87.587685,76.576416
2022-05-02,154.491074,274.078705,157.380554,108.364578,74.306931,141.698730,197.561462,61.695023,390.234680,87.774178,99.302368,24.320356,173.630005,85.472557,76.584778
2022-05-03,155.977707,271.486969,157.072205,110.685699,75.837616,139.757263,199.005371,62.480885,392.023651,87.971848,99.971848,23.981003,174.089996,86.534325,76.576416
2022-05-04,162.374054,279.387360,158.754913,114.347351,78.855995,140.786163,207.361725,64.511772,403.961761,88.539024,100.522667,24.729321,175.800003,87.528694,76.593155
2022-05-05,153.327209,267.218719,155.724258,111.486412,77.660683,138.191589,201.157333,63.434509,389.603882,87.662453,97.768501,24.598801,175.130005,85.194481,76.593155
2022-05-06,154.052002,264.694427,155.380692,111.306465,78.847382,139.569382,199.964890,63.990795,387.278351,87.292900,96.327858,24.624905,175.419998,84.183258,76.593155
2022-05-09,148.939163,254.915192,156.226440,109.633110,72.630043,139.220459,192.176834,62.436733,374.878723,87.722603,97.175316,23.511129,172.880005,80.475502,76.584778
2022-05-10,151.338821,259.655548,156.015030,106.961098,73.111633,138.486847,189.102585,61.800976,375.744843,87.988991,98.056625,23.371904,171.419998,79.009224,76.584778
2022-05-11,143.493256,251.032410,155.169281,106.286354,74.633698,136.536423,191.170731,61.986401,369.775757,88.315620,99.946404,23.946198,172.820007,78.840706,76.584778
2022-05-12,139.634140,246.022400,156.702194,106.196381,74.972511,135.981735,189.139847,60.494141,369.389771,88.478905,99.759964,24.059317,170.169998,79.455856,76.593155
2022-05-13,144.090744,251.581589,155.803604,107.141029,77.196495,137.440079,190.350937,61.633205,378.221130,88.100761,98.285416,24.389967,168.789993,81.554100,76.601563
2022-05-16,142.552933,251.947784,156.887238,106.394325,79.012169,138.782074,193.015305,61.915771,376.686401,88.298424,98.183739,24.790230,170.399994,81.040085,76.593155
2022-05-17,146.177032,257.073395,157.539154,109.921005,80.019920,138.388397,198.511627,63.593456,384.434998,87.817131,96.997299,24.520489,169.330002,82.143997,76.593155
2022-05-18,137.929840,245.368927,154.614258,108.040688,78.751564,129.763733,193.713928,62.692791,368.937805,88.169502,99.065086,23.989704,169.419998,79.759216,76.593155
2022-05-19,134.531052,244.461151,153.239914,106.439301,79.177223,126.775528,192.614685,62.215988,366.678253,88.392975,99.302368,24.294250,171.910004,79.405312,76.609879
2022-05-20,134.766113,243.901016,155.918121,105.566612,79.802727,126.856071,184.286316,62.887051,366.838257,88.659409,100.429443,24.329056,172.029999,79.910896,76.609879
2022-05-23,140.172852,251.713684,159.101227,112.098190,81.566284,129.772675,190.183289,64.061447,373.701843,88.367165,98.776932,24.511786,172.830002,80.837860,76.609879
2022-05-24,137.479263,250.718994,160.839050,113.681587,82.009346,132.080963,191.580627,65.933403,370.849152,89.046173,100.726028,24.494385,174.130005,81.520401,76.601563
2022-05-25,137.635986,253.519547,159.260834,114.473305,83.659958,129.915848,194.990219,66.039368,374.125519,89.415688,101.124336,24.668411,173.080002,82.211403,76.609879
2022-05-26,140.829086,256.783661,159.118942,116.452560,83.955322,131.052078,198.418488,66.260117,381.601166,89.346947,100.666710,24.938154,172.759995,82.312531,76.626656
2022-05-27,146.568771,263.872009,160.564194,118.098938,84.780632,133.056152,202.284531,68.759903,390.969055,89.493027,100.912476,25.234001,172.850006,84.520340,76.609879
2022-05-31,145.785202,262.549042,159.181015,118.962624,83.399323,132.304657,201.082825,67.214737,388.775330,88.925797,98.776932,25.059975,171.139999,83.483833,76.601563
2022-06-01,145.657883,263.080200,157.567322,116.875397,84.997810,130.300583,202.685165,67.640991,385.630737,88.560753,98.664024,25.181793,172.229996,82.792854,76.602356
2022-06-02,148.106567,265.166107,157.070740,118.755692,84.850105,131.705200,204.948868,69.727837,392.974487,88.672691,98.714981,25.756084,174.350006,83.930466,76.619110
2022-06-03,142.396255,260.762451,156.423492,117.100319,86.083755,130.524231,207.650497,69.878822,386.525085,88.526299,98.502731,25.999722,172.580002,82.809700,76.602356
2022-06-06,143.140656,259.535950,156.405762,116.713470,85.866554,130.014252,208.330521,71.210869,387.702026,87.983902,96.686005,26.112841,171.820007,82.548470,76.610756
2022-06-07,145.657883,263.157471,158.125931,117.019356,89.801964,131.463654,211.563171,70.846764,391.420898,88.319687,97.730186,26.286867,172.940002,83.686104,76.602356
2022-06-08,144.923264,261.139038,157.186050,115.157043,90.861824,129.826355,214.078445,69.701225,387.165405,87.958076,96.864265,26.521805,172.779999,81.756348,76.610756
2022-06-09,139.712463,255.711731,154.020660,112.736946,88.898483,127.482346,208.367798,68.679962,377.957458,87.863365,97.186882,26.565311,172.229996,79.818214,76.619110
2022-06-10,134.315567,244.316299,152.992157,107.554871,87.273911,126.999229,200.458618,67.410118,366.998413,87.183189,96.584114,26.304270,174.539993,78.048599,76.602356
2022-06-13,129.173309,233.954132,151.449371,104.352074,83.269012,123.599419,192.726501,64.302010,353.064087,85.753960,93.553436,26.008425,169.929993,74.147011,76.610756
2022-06-14,130.035233,236.107712,149.126358,102.615730,83.486206,119.743393,192.549484,63.476158,352.000122,85.245964,92.373390,25.721279,168.570007,73.582413,76.602356
2022-06-15,132.650452,243.128494,150.722351,103.830284,82.435013,118.553459,191.906693,65.882698,357.018433,86.193069,94.096718,25.738682,170.770004,75.326744,76.610756
2022-06-16,127.390656,236.571228,150.802155,102.048950,79.394432,119.278168,181.463593,62.934456,345.202606,86.399727,94.843811,25.851799,172.690002,73.346451,76.627525
2022-06-17,128.859894,239.159393,150.252411,101.689079,74.816139,118.419266,179.460693,62.881157,345.946686,86.391075,95.149437,24.929453,171.270004,73.902634,76.619110
2022-06-21,133.081406,245.040558,153.400009,104.208130,79.472610,122.006927,182.935532,64.586197,354.655426,86.046677,93.536438,24.868542,170.630005,74.930695,76.635872
2022-06-22,132.572128,244.451523,155.820602,103.623360,76.327766,123.912582,174.979782,66.326698,354.012421,86.778549,96.108681,24.424772,171.309998,75.882912,76.644257
2022-06-23,135.432175,249.985001,159.296265,102.489784,74.025581,127.312317,166.446411,68.555656,357.482635,87.140144,96.898239,23.876585,170.259995,77.324593,76.644257
2022-06-24,138.752594,258.521973,161.628174,105.548630,75.493759,129.146454,172.799881,69.283844,368.848389,87.002357,95.556923,24.102821,170.089996,78.969788,76.627525
2022-06-27,138.752594,255.808289,161.477432,104.702927,77.344177,128.162292,174.756195,69.168396,367.439575,86.614922,94.741928,24.050613,169.899994,78.851067,76.627525
2022-06-28,134.619186,247.686661,156.884583,104.199135,79.489983,126.077675,174.616440,67.880753,359.931702,86.649361,95.183365,24.337759,169.619995,77.892769,76.644257
2022-06-29,136.372467,251.337036,156.928894,103.731323,76.553635,127.222885,170.927353,67.490021,359.638580,87.148758,96.669014,23.920094,169.490005,77.409393,76.652664
2022-06-30,133.913986,248.024643,157.389969,101.311195,74.399139,128.645416,166.530304,68.786537,356.716705,87.544815,97.517967,23.180475,168.460007,77.265228,76.661003
2022-07-01,136.078598,250.680328,159.172134,102.606728,76.058441,130.721069,166.092422,71.539413,360.489563,88.274506,98.519173,23.293594,168.320007,78.656021,76.655144
2022-07-05,138.654648,253.838226,157.948593,102.216446,73.678085,129.459534,161.872345,70.251793,361.170380,88.438408,99.293236,21.727345,164.750000,78.435524,76.655144
2022-07-06,139.986725,257.083008,158.090408,101.553902,72.348907,130.667374,160.521606,70.660278,362.390198,87.843216,97.626015,21.405394,162.139999,78.291367,76.655144
2022-07-07,143.346344,259.197998,158.267746,104.122444,74.659767,130.622604,167.946320,71.379578,367.817749,87.644829,96.766838,22.292934,162.229996,78.503349,76.655144
2022-07-08,144.022156,258.483307,158.072662,103.795715,74.781387,129.745865,166.847015,71.264130,367.515137,87.317070,95.695068,22.684496,162.300003,78.087837,76.646767
2022-07-11,141.896698,255.441345,158.134781,102.434273,74.399139,130.658417,163.046173,71.645981,363.316833,87.722466,97.345284,22.640991,161.429993,77.918221,76.655144
2022-07-12,142.866409,244.972977,155.918121,102.534119,73.408775,129.504288,162.552429,70.997711,360.101898,87.843216,97.923698,21.614227,160.830002,77.612923,76.646767
2022-07-13,142.503967,244.055557,155.554565,101.572037,73.704155,130.354218,161.974792,71.273018,358.210785,88.162376,99.046547,21.736046,161.600006,77.239792,76.646767
2022-07-14,145.422821,245.368927,155.767426,98.023232,72.227280,129.969574,158.313690,71.157570,357.340820,87.851891,98.238426,21.535915,159.330002,76.544388,76.655144
2022-07-15,147.087936,247.918381,158.028336,102.515938,73.443527,129.790604,161.518372,69.896576,364.167816,88.196884,98.791328,21.814360,159.009995,77.841896,76.646767
2022-07-18,144.051559,245.533066,154.481766,101.463120,74.798775,128.215958,161.620819,68.830940,361.160919,87.912216,97.762108,22.223326,159.160004,77.290665,76.646767
2022-07-19,147.900879,250.632065,152.229645,103.977219,76.683945,128.869034,168.374985,70.091934,370.919250,87.791473,97.234703,22.310337,159.539993,79.292053,76.646767
2022-07-20,149.899017,253.278122,151.360733,103.959068,77.526611,126.641350,168.825241,69.550247,373.283081,87.731102,97.489906,22.292934,158.039993,79.105484,76.646767
2022-07-21,152.161621,255.760101,151.892700,104.667030,76.232193,126.761124,169.782089,70.038658,377.084320,88.464264,99.174095,21.918774,160.270004,79.733025,76.671936
2022-07-22,150.927490,251.433594,152.610901,104.158752,75.650139,128.787170,167.558823,71.264130,373.585693,89.154343,100.841362,21.657734,160.669998,80.148590,76.680260
2022-07-25,149.810852,249.956024,152.912338,104.576271,78.169495,129.660645,170.551331,71.912392,374.039612,88.826553,99.854599,22.049294,160.229996,80.284271,76.671936
2022-07-26,148.488617,243.263626,153.994080,102.942528,77.865425,129.912796,170.007233,70.962204,369.614349,88.809296,99.931190,22.092804,160.039993,80.369057,76.671936
2022-07-27,153.572083,259.526306,153.568481,104.594414,79.550789,131.146454,173.778244,71.379578,379.211945,89.119843,99.369789,22.597483,161.669998,80.852448,76.671936
2022-07-28,154.120590,266.933319,154.455139,104.204132,80.480331,133.325623,176.207886,75.073776,383.968170,89.758148,100.160858,22.614885,163.639999,83.472908,76.680260
2022-07-29,159.174683,271.114899,154.738861,104.703331,84.207245,125.086227,185.973236,75.029366,389.565857,89.766762,99.888649,22.719303,164.100006,83.922371,76.688683
2022-08-01,158.195175,268.478485,154.198013,103.659561,82.078842,128.679138,182.793182,75.757561,388.412323,90.077873,102.294319,22.258129,165.029999,83.243927,76.694572
2022-08-02,156.725983,265.397919,153.320221,102.044006,81.722649,127.823685,172.145981,76.077248,385.849762,89.153175,100.129829,22.145010,164.050003,82.175392,76.702972
2022-08-03,162.720337,272.785522,154.800949,103.114998,79.072975,130.462082,171.545624,76.778786,391.892059,89.550705,101.706322,21.953579,164.449997,82.438293,76.694572
2022-08-04,162.406937,273.925110,152.318298,101.980461,75.745705,130.254959,172.267944,78.128593,391.627289,89.766762,101.672249,21.718643,167.169998,82.311081,76.711357
2022-08-05,162.181335,273.210480,151.715378,105.066391,76.840286,130.318008,173.909607,78.128593,390.965302,88.764259,99.252106,21.640331,165.289993,82.540062,76.728119
2022-08-08,161.710526,270.709259,150.908524,103.786636,77.274681,130.813309,174.303574,77.720093,390.511444,89.170448,100.854149,21.901375,166.690002,83.277855,76.736519
2022-08-09,161.759567,272.621399,150.890793,104.721497,78.699409,130.507095,174.509933,78.963333,388.960724,88.971664,100.462143,22.084101,167.199997,83.735794,76.728119
2022-08-10,165.996796,279.246155,151.325272,107.453438,79.446533,131.740768,178.909546,79.727028,397.130524,89.196358,99.805992,22.388649,166.779999,85.007858,76.736519
2022-08-11,165.261169,277.179565,148.195374,109.041763,81.744774,130.804276,181.986420,79.416214,397.130524,88.721054,97.479576,22.823719,166.339996,84.804329,76.736519
2022-08-12,168.801987,281.901917,146.563934,110.847931,82.455269,132.073929,184.650558,80.339775,403.853455,89.118607,98.468094,22.701899,167.869995,86.262970,76.753319
2022-08-15,169.871109,283.408478,147.264359,111.147438,80.981628,133.775879,183.815689,80.810417,405.517700,89.230911,98.382881,22.423454,165.710007,86.610664,76.744926
2022-08-16,169.714172,282.674500,148.576645,112.209373,80.227234,135.009506,185.288452,80.393059,406.311951,89.101303,98.791916,22.171116,165.419998,86.381699,76.753319
2022-08-17,171.205032,281.929321,148.585480,111.265434,80.876358,134.388184,183.796906,80.100006,403.428009,88.574127,97.760765,22.258129,164.350006,85.864395,76.753319
2022-08-18,170.812698,280.816406,147.867294,110.403198,82.788620,134.865448,185.128998,80.135529,404.600494,88.764259,97.905655,22.597483,163.919998,85.296204,76.786880
2022-08-19,168.233109,276.925995,150.119385,107.671257,82.525459,134.829453,183.487320,79.664871,399.163422,88.142014,96.329140,22.588779,162.720001,84.397263,76.786880
2022-08-22,164.358810,268.796783,149.592758,105.892334,82.464058,134.469238,179.885147,78.625893,390.851837,87.761749,96.005318,22.788914,161.639999,82.557030,76.795288
2022-08-23,164.025314,267.528931,148.289551,104.848534,85.964012,131.875854,184.997665,78.128593,389.906311,87.727180,95.477020,23.163074,162.770004,81.496956,76.778511
2022-08-24,164.319580,266.899933,147.798630,105.102676,86.472786,131.308548,182.136520,78.776833,391.154480,87.493851,94.778198,23.406712,163.250000,81.963379,76.803673
2022-08-25,166.771637,269.861298,149.182190,107.598648,86.920135,131.200500,186.564240,79.380692,396.676575,87.977806,96.099068,23.076059,163.750000,83.184555,76.812065
2022-08-26,160.484497,259.448120,146.629272,104.077065,85.849991,128.129852,180.035217,78.199631,383.249451,87.813583,96.823418,23.171774,161.759995,81.089897,76.812065
2022-08-29,158.287399,256.680267,145.495667,103.822945,87.823654,127.589546,179.903870,77.650848,380.715363,87.390167,96.022354,23.511129,161.860001,80.360603,76.812065
2022-08-30,155.864761,254.493149,144.986893,103.841095,84.481575,126.229828,175.363617,76.472961,376.535919,87.502487,96.260956,22.858524,160.509995,79.249657,76.820450
2022-08-31,154.207153,253.041504,144.013931,103.223900,83.849991,124.212708,173.271744,75.901863,373.670837,87.035812,95.340622,22.379950,159.270004,78.876511,76.837242
2022-09-01,154.932968,252.005981,147.584381,103.931854,82.341255,125.743576,171.142288,76.972672,374.843384,86.658264,93.595116,21.901375,157.869995,79.020668,76.853210
2022-09-02,152.824158,247.805908,145.263580,103.205757,83.849991,123.510368,169.631958,75.946480,370.890869,86.909355,94.124580,22.049294,159.259995,77.918221,76.861618
2022-09-06,151.568710,245.086472,145.656342,103.232979,83.288620,122.132614,169.472504,77.963158,369.491455,86.095383,91.793228,21.918774,158.330002,78.622101,76.861618
2022-09-07,152.971283,249.770477,146.450775,105.193459,82.578094,123.978600,169.660110,80.524162,376.129333,86.692879,93.244987,21.396692,159.940002,80.157051,76.870033
2022-09-08,151.500046,250.186646,147.629028,107.644035,83.253517,124.140694,171.808304,80.550926,378.587769,86.415779,92.288536,21.483706,158.979996,80.377548,76.886841
2022-09-09,154.354279,255.935104,147.914673,108.161369,84.648239,126.031693,177.755722,80.220779,384.469360,86.407066,92.493500,22.092804,159.820007,81.251022,76.886841
2022-09-12,160.298126,258.054504,147.852158,109.441132,85.621925,127.058250,180.485519,81.032776,388.601440,86.277199,91.733452,22.397352,160.630005,82.039696,76.878410
2022-09-13,150.891907,243.867142,144.005020,105.638184,83.621941,124.428848,172.896500,79.292740,371.704102,85.792259,91.946938,22.284235,158.539993,78.901955,76.895264
2022-09-14,152.333755,244.089691,146.977417,105.393120,85.674538,124.726013,173.215408,79.310585,373.122467,85.904846,92.262932,22.379950,157.929993,78.003029,76.895264
2022-09-15,149.450089,237.470200,147.352341,106.981453,83.183342,123.762505,171.189178,76.749580,368.886230,85.645020,92.203140,21.727345,154.979996,76.561363,76.920456
2022-09-16,147.812057,236.850815,149.601685,106.264442,81.762306,124.518875,168.356201,75.660919,366.072021,85.584435,91.434578,21.649033,155.839996,76.569824,76.920456
2022-09-19,151.519638,236.637878,148.423462,107.244682,81.753540,124.257767,170.832764,77.490227,368.910950,85.454514,91.648010,21.718643,155.960007,76.459595,76.920456
2022-09-20,153.893250,234.634644,147.254150,105.129906,81.086884,123.816536,166.967880,76.464050,364.676392,85.073494,90.734299,21.692539,155.070007,74.602356,76.912064
2022-09-21,150.774216,231.247452,145.745621,102.098457,79.779877,122.222664,161.301895,74.929214,358.315033,85.341957,92.254387,21.562019,155.789993,73.423584,76.928871
2022-09-22,149.812973,233.212036,148.334183,100.936699,79.446526,122.654892,159.988586,74.545532,355.305267,84.432678,89.897430,21.622929,155.699997,72.490753,76.962471
2022-09-23,147.547241,230.250671,148.816193,99.057930,75.218529,122.087601,154.069336,73.635323,349.352142,84.172874,90.264626,20.892012,153.009995,71.527222,76.962471
2022-09-26,147.880722,229.795822,147.905701,96.925011,73.665901,122.204636,152.549637,72.412849,345.896057,83.090439,88.539597,20.404734,151.229996,69.521294,76.945702
2022-09-27,148.851776,228.789352,147.227371,96.071846,75.209747,118.845840,152.380814,72.350388,345.013184,82.735382,86.208290,20.622271,151.539993,68.595497,76.970879
2022-09-28,146.968582,233.299118,148.494858,98.014153,77.946564,118.845840,157.371353,73.501503,351.801727,84.069008,89.094711,21.196560,154.690002,70.018494,76.979317
2022-09-29,139.749588,229.844208,146.861374,96.353233,77.788666,115.892258,155.626526,71.359886,344.452972,83.627335,88.633545,21.066038,154.660004,67.961128,76.996109
2022-09-30,135.551590,225.392456,145.817001,94.846558,76.586929,113.686073,153.919266,69.967842,339.126556,83.428154,87.489250,20.805000,154.669998,68.724083,76.996109
2022-10-03,139.720200,232.979782,145.674194,97.778175,80.630745,115.721169,160.626480,72.448532,348.079865,84.105965,88.879387,21.274874,158.429993,69.949928,76.975052
2022-10-04,143.300293,240.857407,147.834290,102.352577,83.569298,117.152939,168.506287,73.903038,358.865662,84.331612,88.631142,21.849165,160.699997,71.364349,77.000320
2022-10-05,143.594498,241.167038,147.379059,101.088860,86.946465,116.342499,167.333725,72.966087,358.030182,83.889015,87.783684,22.240726,159.809998,69.967056,77.000320
2022-10-06,142.643082,238.834732,144.522736,99.028427,89.525383,113.893181,167.737091,70.414024,354.336823,83.559204,87.295769,22.379950,159.630005,68.021149,77.017174
2022-10-07,137.405396,226.689270,142.996338,97.050438,88.621872,111.903107,166.555099,68.468719,344.452972,83.116600,86.448303,22.614885,157.880005,66.383835,77.017174
2022-10-10,137.729080,221.860138,143.183853,96.143845,86.700859,111.443878,167.605728,68.477646,341.822906,82.743401,85.104370,22.362547,155.479996,65.758057,77.025589
2022-10-11,136.316681,218.143921,145.254654,93.369156,85.964012,111.867104,168.618866,67.844101,339.658203,82.795479,85.481018,22.040596,155.160004,66.426704,77.025589
2022-10-12,135.688950,218.472931,145.218979,94.880127,86.341209,112.047203,168.384338,64.917252,338.537903,82.864906,85.900490,22.040596,155.990005,65.732330,77.025589
2022-10-13,140.249847,226.689270,147.414764,100.154808,89.358711,113.740112,171.798935,65.220642,347.472198,82.604546,85.078705,22.345142,154.910004,66.932472,77.050850
2022-10-14,135.728180,221.192368,146.798889,101.821457,87.007851,112.632515,167.155472,64.042770,339.553833,82.153236,84.376755,21.901375,152.979996,65.269424,77.050850
2022-10-17,139.680939,229.873215,148.700165,106.097984,88.262238,114.667603,169.603851,65.720352,348.279266,82.326820,83.965889,21.849165,153.419998,67.729698,77.050850
2022-10-18,140.995270,230.811920,148.182419,108.826889,88.420135,115.595108,172.183548,66.978531,352.371429,82.465683,84.162766,21.614227,153.750000,68.466911,77.050850
2022-10-19,141.103180,228.857086,147.004211,106.693214,91.042915,116.666656,172.990280,65.711433,349.874390,81.754021,82.630516,21.605526,151.690002,66.761024,77.050850
2022-10-20,140.642181,228.537720,147.379059,106.345222,91.165710,115.163971,169.359924,63.034420,346.940552,81.259323,81.218124,21.622929,151.449997,66.469559,77.084503
2022-10-21,144.447830,234.315247,150.592499,111.931259,92.858681,116.605919,179.634506,63.935677,355.371704,81.380836,79.754326,21.649033,154.149994,66.992470,77.092926
2022-10-24,146.586029,239.279922,152.618729,112.068626,93.507805,117.322350,180.654388,65.390182,359.720245,81.268013,79.095200,21.709942,153.649994,66.983894,77.084503
2022-10-25,149.420654,242.579941,152.377701,112.361656,92.876228,118.673584,183.997375,67.692390,365.464417,82.066452,81.397865,21.831760,154.000000,69.615608,77.084503
2022-10-26,146.487961,223.863388,153.716614,113.652855,93.981468,119.507919,185.999420,67.460381,362.710968,82.430946,82.570595,22.240726,154.979996,69.572731,77.101372
2022-10-27,142.025146,219.440704,153.805893,114.101578,94.341133,119.598602,200.334671,67.344383,360.774109,82.847527,83.435165,22.275532,154.740005,69.675598,77.126640
2022-10-28,152.755524,228.266724,156.090958,115.456863,97.104256,122.627556,207.134018,70.521103,369.357147,82.639267,82.861649,22.014490,153.160004,71.210037,77.118172
2022-10-31,150.401520,224.647263,155.287613,115.273727,97.200745,122.128777,204.414246,69.155823,366.689148,82.361542,82.271011,21.857866,151.910004,71.132881,77.118172
2022-11-01,147.763031,220.814957,154.502136,117.352455,98.165649,122.319260,206.340744,69.343216,365.084564,82.514626,83.039864,22.188520,153.460007,71.107178,77.124947
2022-11-02,142.250732,213.005081,152.127792,116.271889,96.148125,120.559883,202.601105,68.959518,355.922363,82.375435,82.679459,22.388649,152.389999,69.152695,77.150261
2022-11-03,136.218597,207.343643,152.386642,116.482498,97.455116,119.734642,207.058456,69.762611,352.257507,82.070999,82.233246,22.371246,151.809998,69.058395,77.175568
2022-11-04,135.953339,214.253494,153.065018,119.669281,98.516518,121.920212,215.170410,70.315842,357.327576,82.062309,80.851669,23.128265,156.470001,70.001343,77.192451
2022-11-07,136.483856,220.524628,154.403946,120.301140,99.683182,123.788361,215.888123,68.968460,360.745636,81.801353,80.045036,22.928135,155.850006,70.001343,77.184044
2022-11-08,137.053711,221.492371,155.171570,120.374390,99.998940,124.069504,217.021332,69.842918,362.692017,82.149284,80.920319,22.649691,159.449997,70.215652,77.192451
2022-11-09,132.504868,217.272949,153.930832,118.808502,95.525322,123.770210,212.988937,69.780464,355.219696,82.244957,81.186363,22.127609,158.649994,69.495583,77.234673
2022-11-10,144.294449,235.147552,155.733932,123.698532,96.928825,128.032532,219.514450,74.242142,374.740509,84.010796,84.309891,22.327740,163.479996,74.578972,77.243111
2022-11-11,147.074814,239.144394,151.074493,123.900063,99.955109,127.842094,223.329605,74.340279,378.367523,83.949928,84.000977,22.754110,164.559998,74.570374,77.234673
2022-11-14,145.679733,233.763641,153.448837,122.627144,100.246902,127.851158,223.339035,72.867950,375.148804,83.715027,83.795036,22.414755,164.919998,72.753059,77.234673
2022-11-15,147.408829,234.170135,153.877335,121.738876,100.918930,127.406799,221.535324,73.983353,378.348450,84.332649,85.150848,22.675795,165.500000,73.541710,77.251511
2022-11-16,146.180756,234.597076,154.832382,121.903694,99.840157,128.540421,219.486099,75.241539,375.462189,84.854546,87.012939,22.423454,165.119995,72.873077,77.259987
2022-11-17,148.076935,234.548553,156.082047,121.372581,99.972786,127.751381,217.616302,73.483643,374.313324,84.497894,86.094772,22.049294,163.919998,72.375862,77.285301
2022-11-18,148.636902,234.102158,157.278168,122.563019,99.106224,129.293121,218.551208,74.242142,376.012817,84.376137,85.502678,21.892672,162.789993,73.293121,77.285301
2022-11-21,145.414459,234.907669,158.086670,121.839607,98.124702,130.934525,219.250000,74.599060,374.645691,84.323929,85.863068,21.814360,161.880005,73.678864,77.293732
2022-11-22,147.546387,237.799728,158.850311,123.661911,100.963127,132.059036,224.056763,75.054153,379.687286,84.758842,87.081604,22.040596,162.070007,74.081749,77.310623
2022-11-23,148.420837,240.274490,159.020981,124.980576,100.459129,132.811752,223.735703,76.161781,382.079926,85.263351,88.600471,21.736046,163.080002,74.141754,77.327484
2022-11-25,145.512695,240.187149,159.227631,125.218681,100.105423,133.056641,222.583557,76.538460,381.994354,85.280777,88.300125,21.544615,163.220001,74.613243,77.327484
2022-11-28,141.690903,234.626251,159.308487,123.030090,97.098984,132.947800,219.372803,75.094513,375.898926,85.141571,88.548988,21.414095,161.929993,72.615898,77.335930
2022-11-29,138.694397,233.238403,158.194473,125.053856,97.744476,131.932068,222.035843,73.982407,375.253265,84.837128,87.510658,21.692539,162.729996,73.816017,77.361252
2022-11-30,145.434113,247.611450,159.910385,126.537392,98.451889,135.269424,223.254074,75.964462,387.074036,85.498238,88.154213,22.179815,164.809998,75.504768,77.361252
2022-12-01,145.709213,247.174698,160.575211,124.760826,97.974380,135.351028,222.574142,76.081078,386.789185,86.209694,90.970406,22.066698,167.839996,75.341873,77.378174
2022-12-02,145.217941,247.494949,160.700943,123.771790,97.143211,136.584366,222.989655,76.412895,386.342957,86.567131,92.114418,21.831760,167.259995,75.119003,77.386650
2022-12-05,144.058685,242.817184,160.611115,120.301140,94.481621,135.205933,219.627762,76.368073,379.392853,85.887054,90.824181,21.266172,164.389999,73.747437,77.395073
2022-12-06,140.403900,237.887054,158.203476,120.502617,91.855415,135.378220,215.585922,76.394958,373.924011,86.139915,91.993973,20.926817,164.839996,73.053093,77.420509
2022-12-07,138.468460,237.159210,159.164749,120.420197,91.652046,136.248825,216.237534,76.493614,373.287964,86.907150,94.161583,20.822401,166.330002,73.198814,77.420509
2022-12-08,140.148453,240.099808,159.191666,121.683929,92.332893,137.228287,218.069580,76.915146,376.212219,86.645615,93.903549,20.787596,166.470001,73.713158,77.471245
2022-12-09,139.667038,238.178253,157.880066,121.024612,91.554764,136.865509,214.641586,75.794075,373.401855,86.131195,91.460693,20.813700,167.059998,73.575989,77.462814
2022-12-12,141.956161,245.059021,159.766632,122.901863,93.809578,138.271164,220.090515,77.623680,378.785278,86.148636,91.753128,21.039934,165.679993,74.141754,77.471245
2022-12-13,142.918991,249.338867,160.997437,122.782837,94.835335,138.062561,222.385269,78.161797,381.652588,86.724068,92.639122,21.387991,168.509995,75.513329,77.471245
2022-12-14,140.698639,249.630066,161.491501,122.169289,94.136772,138.606689,221.431473,78.072105,379.212585,86.915886,93.034775,21.553318,168.100006,74.999001,77.496666
2022-12-15,134.106308,241.662292,159.452240,119.138168,93.234840,137.037781,217.824051,76.959984,369.936340,87.043457,93.397774,21.292274,165.350006,73.996033,77.513588
2022-12-16,132.151184,237.469788,157.817184,118.396408,92.580482,136.430176,219.769409,75.462234,365.568848,86.816254,92.354485,21.022533,166.789993,72.084412,77.513588
2022-12-19,130.048721,233.354889,157.646500,119.101524,92.996094,136.393936,219.363342,74.906166,362.468964,86.283249,90.802429,20.983139,166.320007,71.167168,77.522911
2022-12-20,129.979965,234.665039,157.817184,119.678429,94.340149,136.448334,222.054779,74.906166,362.964966,85.697708,89.190071,21.079435,169.080002,70.987152,77.531395
2022-12-21,133.074722,237.217453,159.622879,121.024612,95.551552,137.699799,228.278030,75.919632,368.392181,85.933693,89.414238,21.350805,168.800003,71.595787,77.539886
2022-12-22,129.911179,231.161560,159.038940,119.650978,93.623901,138.017227,224.321167,74.744736,363.136566,85.907478,89.396980,21.079435,166.759995,71.294998,77.590851
2022-12-23,129.547714,231.685623,159.443222,120.218727,96.099800,138.407181,226.521545,75.489120,365.225464,85.610374,88.086411,21.464605,167.259995,71.929619,77.590851
2022-12-27,127.749779,229.967880,159.398300,120.639992,97.434990,139.613327,229.609558,75.336670,363.785187,84.989922,86.344658,21.657190,168.669998,71.903549,77.590851
2022-12-28,123.829720,227.609589,158.706573,121.299309,95.834503,137.808640,226.058792,74.583290,359.264069,84.841393,85.835930,21.412081,167.910004,70.677765,77.616287
2022-12-29,127.337120,233.898346,159.515106,121.995285,96.559586,138.379959,226.833160,75.408409,365.730988,85.155945,86.810265,21.385820,168.850006,72.225197,77.650269
2022-12-30,127.651512,232.743500,158.697571,122.801155,97.532280,137.445877,226.228790,74.977898,364.767609,84.753998,85.844582,21.578407,169.639999,71.703590,77.641739
2023-01-03,122.876724,232.510574,160.081070,123.735184,94.180977,137.454971,225.586639,75.184189,363.231995,85.252083,87.482819,21.061926,171.059998,71.773148,77.650269
2023-01-04,124.144127,222.339828,161.823914,124.889030,94.455086,138.053513,227.928604,75.776115,366.036224,85.723969,88.681320,20.685507,172.669998,73.398819,77.641739
2023-01-05,122.827606,215.750168,160.629074,124.861351,96.568436,136.339508,226.908722,74.107964,361.858490,85.654045,89.052094,20.580462,170.520004,71.425407,77.667221
2023-01-06,127.346954,218.292847,161.931702,127.250648,97.735626,139.586075,235.011230,75.022766,370.156616,86.589081,90.690331,20.694262,173.710007,73.346657,77.658730
2023-01-09,127.867661,220.418198,157.736313,126.724823,95.914085,137.881195,232.895889,75.399467,369.946808,86.807533,91.173210,20.939371,174.100006,73.372734,77.675705
2023-01-10,128.437469,222.097183,157.359009,127.859528,97.346581,137.745178,236.569427,75.820961,372.541199,86.475464,89.664276,20.939371,174.740005,73.537895,77.667221
2023-01-11,131.149063,228.812973,157.107468,128.809692,98.478409,136.629715,236.777191,76.233521,377.253082,87.008492,91.121460,21.315788,174.619995,76.172012,77.667221
2023-01-12,131.070465,231.472107,156.316925,128.680557,100.114265,135.858856,240.875671,76.296318,378.626556,87.637650,92.914917,21.490868,176.639999,77.136986,77.726639
2023-01-13,132.396820,232.170898,155.804794,131.927765,100.052376,136.829224,244.077011,75.946526,380.095428,87.314331,92.044083,21.700964,178.759995,76.658859,77.735138
2023-01-17,133.556122,233.257828,154.843567,129.889038,99.857819,136.430176,241.999466,76.897202,379.399170,87.157059,91.449104,21.849779,177.589996,76.876190,77.735138
2023-01-18,132.838943,228.851791,152.507782,125.986839,97.806389,132.775482,238.750854,75.157295,373.409180,88.022171,93.665085,21.613424,177.080002,75.754738,77.743614
2023-01-19,132.897873,225.086288,152.301163,124.307861,98.434204,129.967514,233.181091,74.072067,370.690857,87.821198,93.078743,21.832272,179.889999,75.337448,77.777550
2023-01-20,135.452301,233.131653,151.591476,124.612244,100.229218,130.469437,236.938553,73.381500,377.596436,87.462914,91.569839,21.963579,179.289993,76.232887,77.786064
2023-01-23,138.635452,235.422028,151.205154,126.632568,99.707520,128.717300,239.775620,74.143822,382.127075,87.244423,91.138725,22.016102,179.630005,76.580612,77.786064
2023-01-24,140.030563,234.897964,151.205154,127.721146,100.635971,129.419983,244.434494,75.246971,381.716919,87.628929,92.449318,21.893549,180.279999,76.771881,77.794548
2023-01-25,139.372314,233.510193,152.283173,128.339203,100.105423,129.328705,245.222076,68.690903,381.860016,87.733795,92.673515,21.832272,181.110001,76.806641,77.803009
2023-01-26,141.435486,240.682083,151.726181,129.132553,104.128746,128.808548,248.713806,68.520500,386.056793,87.585243,92.242409,21.928564,179.470001,77.667313,77.845467
2023-01-27,143.370926,240.837402,151.133301,129.446228,102.227608,128.279312,251.010086,67.785072,386.943817,87.454155,92.009552,21.683455,179.220001,78.536636,77.853966
2023-01-30,140.492325,235.548203,145.536392,128.348434,100.414909,128.680786,248.125565,67.309723,382.088867,87.218239,91.673317,21.403330,178.759995,77.536903,77.853966
2023-01-31,141.759674,240.497711,146.812103,129.114105,102.581306,129.931046,239.386597,66.933044,387.706970,87.576500,92.406212,21.770994,179.410004,79.162575,77.862457
2023-02-01,142.879700,245.291946,148.159653,128.772751,101.458313,130.670181,236.777267,66.583260,391.827332,88.194069,93.517044,21.359560,181.669998,79.649414,77.867561
2023-02-02,148.175201,256.792297,148.716644,128.173141,98.283875,129.739380,232.374557,67.802979,397.531219,88.290443,93.638046,21.201988,177.899994,81.457657,77.901649
2023-02-03,151.790634,250.726685,147.881165,130.156555,98.964745,130.140930,235.088272,66.968903,393.305725,87.440727,92.237633,20.667999,173.460007,79.927597,77.918701
2023-02-06,149.069229,249.193283,146.758194,130.922211,98.796730,129.036697,238.561081,67.722290,390.902161,86.958931,91.554726,20.729279,173.820007,79.345131,77.927193
2023-02-07,151.938019,259.664917,146.794144,132.518158,101.617485,127.777359,236.891098,68.233498,396.014557,86.810020,90.819931,21.123203,173.979996,79.171257,77.935745
2023-02-08,149.255920,258.859436,146.982803,131.586411,100.733231,126.454155,236.141510,67.291779,391.684326,86.932663,91.252151,21.166971,174.410004,78.797455,77.935745
2023-02-09,148.224304,255.841217,144.997375,129.538483,101.113457,125.067047,233.683975,65.713295,388.288727,86.591011,90.387703,21.000648,173.029999,77.936783,77.961281
2023-02-10,148.588379,255.336594,145.671173,130.110428,105.375511,126.171242,235.002884,67.031685,389.194824,86.214348,89.376289,21.298281,173.360001,78.206291,77.969818
2023-02-13,151.382843,263.314026,146.210190,131.521851,104.965637,127.822998,235.458359,67.820930,393.763641,86.477173,90.128372,21.254513,172.479996,78.901764,77.986809
2023-02-14,150.743256,264.138947,145.572372,132.103027,103.735992,127.102066,231.862198,68.188637,393.582397,86.170525,89.920898,21.324543,172.610001,78.275833,77.986809
2023-02-15,152.839111,262.027679,143.173660,132.656540,103.424126,126.810059,235.980209,69.004784,394.860504,86.004112,89.082375,21.096941,170.889999,78.588806,78.003883
2023-02-16,151.245102,255.051804,142.158554,130.829971,103.121170,125.149185,233.911697,67.883720,389.423767,85.644943,87.820274,21.035664,170.750000,77.823776,78.046478
2023-02-17,150.103683,251.072586,145.126389,131.217407,99.155998,127.768234,235.116760,68.224518,388.450836,85.846451,88.503181,20.878094,171.259995,77.519508,78.055000
2023-02-21,146.098923,245.828491,142.963837,128.809692,99.057983,127.676979,228.398865,66.063080,380.658173,85.040512,86.782921,20.904354,170.619995,75.963371,78.055000
2023-02-22,146.522034,244.699921,142.764755,127.822571,97.774872,128.215393,225.723083,66.081009,380.133636,85.268265,87.578224,20.632984,169.660004,75.276596,78.080566
2023-02-23,147.004181,247.871597,142.719498,128.846588,98.674828,127.804726,225.780029,65.354553,382.155670,85.574890,88.434029,20.790554,169.570007,75.841667,78.106110
2023-02-24,144.357346,242.471909,141.127029,130.008942,98.683754,127.083817,224.091034,65.399384,378.073334,85.084358,87.284294,20.720524,168.350006,74.511581,78.114647
2023-02-27,145.547928,243.386475,140.819397,131.143600,98.505531,126.974304,227.706177,64.865021,379.360962,85.250755,87.526360,20.738029,169.009995,74.624573,78.123138
2023-02-28,145.046127,242.666489,138.674911,132.241425,97.935257,125.532471,227.298187,64.115837,377.958923,85.241989,87.923981,20.799309,169.779999,74.520264,78.131668
2023-03-01,142.979782,239.601761,138.050568,131.503418,98.808487,125.623726,235.951752,63.068741,376.509125,84.753769,86.979439,21.158218,170.759995,73.581375,78.135963
2023-03-02,143.570190,244.310730,137.942001,130.138107,99.262932,127.695221,239.282211,65.180946,379.437317,84.578186,86.208160,21.079435,170.660004,74.442024,78.161568
2023-03-03,148.608047,248.377533,139.362610,132.527374,100.519302,128.626038,242.252167,66.643257,385.522644,85.245522,88.296616,21.412081,172.490005,75.572189,78.178650
2023-03-06,151.363159,249.914780,140.756027,131.752502,101.410355,128.078568,240.990173,67.157784,385.789764,85.034798,87.612022,21.307035,171.619995,75.276596,78.187218
2023-03-07,149.168915,247.268417,139.425934,127.877930,99.450035,125.532471,233.551132,66.571053,379.876068,84.920631,88.149330,20.869341,168.619995,73.520531,78.187218
2023-03-08,150.418533,246.830612,138.403473,127.121506,97.997635,125.550713,235.999207,67.022385,380.496033,84.832825,88.235985,20.755537,168.539993,74.363785,78.204262
2023-03-09,148.175125,245.487976,136.847153,120.239578,97.240242,124.629028,228.636078,66.580078,373.475922,85.140144,88.452606,20.501677,170.199997,72.659859,78.221367
2023-03-10,146.118637,241.858948,137.181946,123.293060,96.037315,125.194824,215.399551,65.903084,368.086945,86.132385,91.502998,20.720524,173.869995,70.251778,78.238457
2023-03-13,148.057037,247.044632,138.493958,121.079071,94.932426,126.061737,213.207672,66.155823,367.562317,86.817329,91.710991,20.589214,177.860001,71.173294,78.255539
2023-03-14,150.143036,253.728622,139.272125,124.187927,95.288841,127.622238,214.128113,67.293182,373.638153,86.308006,90.203140,20.326595,176.830002,71.860077,78.264084
2023-03-15,150.536636,258.252777,139.661194,118.320778,90.548470,129.429108,206.148209,68.168755,371.301208,87.168556,91.944992,19.853886,178.210007,71.807907,78.306793
2023-03-16,153.350739,268.721436,139.371643,120.617836,90.022743,130.396439,207.524078,68.809631,377.815735,86.826103,91.225708,19.915163,178.570007,71.651428,78.340965
2023-03-17,152.514404,271.863922,137.878677,116.060631,88.962387,130.432907,204.013306,68.304153,373.398102,87.370529,92.594917,19.853886,183.770004,70.025749,78.358070
2023-03-20,154.875916,264.858887,139.244980,117.287575,91.288017,132.440582,209.042206,68.574959,376.988617,87.019249,91.780312,19.932671,183.839996,70.825554,78.366600
2023-03-21,156.725754,266.366943,139.244980,120.433334,95.377937,131.482391,213.416443,68.024330,381.938660,86.755875,90.991722,20.002703,180.369995,70.512589,78.366600
2023-03-22,155.299011,264.917206,136.675217,117.324478,93.194870,131.400253,208.700653,66.914055,375.427917,87.590034,92.204933,20.055225,183.440002,67.878471,78.383705
2023-03-23,156.381348,270.141846,136.747604,117.010803,92.143440,131.217728,208.216736,66.625206,376.442810,87.800781,92.204933,20.002703,185.740005,67.452492,78.417877
2023-03-24,157.680206,272.973053,138.122955,115.230377,92.250366,133.891556,205.910995,68.322212,378.913086,87.950073,92.594917,20.098993,183.649994,69.182259,78.434914
2023-03-27,155.741821,268.896484,138.711136,118.532959,94.273041,133.188858,206.850372,68.096542,379.621674,87.001701,90.419754,20.475412,181.949997,69.103256,78.426430
2023-03-28,155.121872,267.777679,137.371948,118.892723,95.449234,133.563049,208.899918,67.916008,378.769501,86.870003,90.584404,20.571707,183.440002,68.936409,78.443489
2023-03-29,158.191864,272.914703,138.720139,119.132584,97.088753,133.973694,211.594666,68.701324,384.274780,86.975357,90.402435,20.440399,182.529999,70.464233,78.443489
2023-03-30,159.756378,276.358765,138.828751,118.772797,97.561005,134.557709,213.055878,69.134598,386.524841,87.071945,90.818405,20.589214,184.179993,71.386200,78.460587
2023-03-31,162.255630,280.493744,140.249313,120.211899,97.712486,135.689301,217.135941,69.576912,391.972778,87.493446,92.178955,20.781801,183.220001,72.914017,78.443489
2023-04-03,163.505280,279.452698,141.923279,120.073532,103.477585,136.437622,218.113266,69.206802,393.466492,87.873764,92.612465,21.123203,184.539993,72.334496,78.462357
2023-04-04,162.973953,279.404083,143.407196,118.468391,102.488533,137.094681,206.328491,69.649132,391.283417,88.199448,93.072922,21.096941,187.979996,72.237907,78.470963
2023-04-05,161.133911,276.640961,149.849625,118.645027,104.243881,138.034622,202.609024,70.705223,390.258911,88.498787,94.045937,21.175728,187.830002,71.851563,78.513832
2023-04-06,162.019485,283.704376,149.433380,118.514854,102.515251,138.910675,198.471985,71.282928,391.781281,88.419556,94.289215,21.114450,186.490005,72.343277,78.522392
2023-04-10,159.431656,281.554230,148.682404,118.905357,102.060814,137.760849,204.506683,70.795486,392.183319,87.812111,92.768875,21.114450,185.110001,72.676949,78.531013
2023-04-11,158.221375,275.171875,148.637131,119.491081,102.782562,137.487076,209.317398,70.714241,392.288727,87.864952,92.959991,21.228249,186.279999,72.984268,78.539558
2023-04-12,157.532593,275.813965,148.320480,119.472511,102.675644,137.861206,209.222519,70.939903,390.689789,87.970589,92.864410,21.394575,187.190002,72.633034,78.556717
2023-04-13,162.905090,281.992004,150.302048,119.928085,103.156799,138.500015,210.332672,71.174599,395.879211,87.935356,92.134613,21.394575,189.720001,72.413521,78.599579
2023-04-14,162.560669,278.392273,150.057739,128.983795,103.406319,137.797363,212.239853,70.425400,394.912170,87.504028,91.291931,21.420837,186.360001,71.289604,78.599579
2023-04-17,162.580353,280.980164,149.903915,130.006531,102.203384,137.842941,213.720108,70.894783,396.329163,87.063828,90.205933,21.333298,185.529999,72.773529,78.616798
2023-04-18,163.800461,280.561859,145.687363,131.466232,104.199341,137.988937,213.682144,70.678146,396.587646,87.187088,90.527390,21.377066,186.250000,72.606705,78.625336
2023-04-19,164.941864,280.639648,147.062744,131.298843,103.869652,138.016327,213.160248,71.255852,396.520660,87.055023,90.440498,21.079435,185.360001,73.036942,78.633934
2023-04-20,163.977570,278.363037,148.012802,130.917664,103.040955,138.522293,210.901962,71.084343,394.356873,87.451195,91.213737,20.895603,186.089996,72.316940,78.693970
2023-04-21,162.373688,278.022522,147.207504,130.666656,103.370651,143.315735,210.138779,71.300987,394.663239,87.301529,90.701141,20.851831,184.250000,72.325729,78.685379
2023-04-24,162.678757,274.140472,148.103302,130.843277,105.322060,143.572845,213.153427,71.346107,395.074921,87.644836,91.578613,21.018156,184.809998,72.053520,78.693970
2023-04-25,161.143738,267.962463,149.460526,127.998291,103.825096,143.609604,208.574188,70.244873,388.803619,88.190651,92.925209,20.720524,185.750000,71.342285,78.685379
2023-04-26,161.133911,287.372253,147.144165,125.729698,102.871681,141.947510,206.246429,66.859901,387.156769,87.864952,91.934830,20.405382,184.740005,70.657402,78.702560
2023-04-27,165.709366,296.576111,147.487991,127.421822,104.101318,143.683044,204.471985,68.466644,394.864288,87.548012,91.022598,20.431644,184.750000,72.255478,78.728279
2023-04-28,166.958969,298.940399,148.121399,128.528214,105.446808,143.600388,208.736374,69.170708,398.234497,87.996971,92.490852,20.624229,184.800003,73.142303,78.728279
2023-05-01,166.870468,297.286438,148.030914,131.280304,102.176643,143.774857,207.276749,69.324150,397.832397,87.095932,89.823898,20.449152,183.970001,72.597916,78.730881
2023-05-02,165.837234,297.140442,149.324814,129.160461,98.104553,143.646301,205.254227,68.547874,393.361053,87.943161,92.062309,19.985193,187.520004,71.368637,78.713669
2023-05-03,164.764740,296.157837,147.370392,126.427010,96.170982,143.462662,205.721741,68.051407,390.661072,88.331467,92.576172,19.731333,189.110001,71.087654,78.722275
2023-05-04,163.131363,297.140442,146.700806,124.697685,94.486885,142.801498,200.703644,68.159737,387.893982,88.225548,91.661652,19.810116,190.440002,71.675949,78.748085
2023-05-05,170.786636,302.238556,147.198441,127.133621,96.839294,143.279022,205.197021,68.159737,395.074921,87.943161,91.356834,20.256565,187.460007,72.870125,78.765297
2023-05-08,170.717728,300.292694,146.863693,127.440453,97.222427,142.608658,204.910812,68.656189,395.180267,87.457748,90.076485,20.352859,187.690002,72.448654,78.773933
2023-05-09,169.015457,298.687378,145.723572,126.826813,97.249138,141.148621,203.670609,68.222923,393.447266,87.378357,89.754211,20.414135,189.020004,72.141335,78.782524
2023-05-10,170.776779,303.853668,146.266495,126.891869,96.001678,141.442459,203.365341,69.405403,395.285583,87.943161,90.625221,20.352859,188.750000,72.834991,78.791145
2023-05-11,170.963730,301.713165,145.669281,126.492088,94.264137,141.773041,200.369736,68.692299,394.596222,88.207932,91.583298,20.002703,187.130005,72.035973,78.842796
2023-05-12,170.037491,300.604034,145.479294,124.679092,94.255234,143.214722,199.902298,70.371254,394.079163,87.713692,90.816795,19.845131,186.809998,72.027184,78.860016
2023-05-15,169.544861,301.080780,144.366348,125.729698,94.434990,143.260635,201.571823,69.992126,395.438782,87.493088,89.876190,20.072735,187.210007,71.904251,78.868629
2023-05-16,169.544861,303.299103,144.176300,124.883621,92.143082,143.012711,197.669907,68.457611,392.796204,87.290085,89.606155,19.853886,184.869995,70.104240,78.860016
2023-05-17,170.155762,306.165710,143.859619,128.723480,94.210289,142.406647,202.344559,68.006279,397.564392,87.157692,89.344872,20.090242,184.229996,71.052536,78.877251
2023-05-18,172.481125,310.572968,143.398132,129.699722,95.064133,140.065018,204.844055,67.789635,401.394226,86.751740,88.682930,19.906408,181.839996,70.710091,78.920326
2023-05-19,172.589493,310.397430,143.787262,129.402206,95.504539,140.652710,204.901276,67.229988,400.810089,86.557594,88.055832,19.880148,183.639999,70.595947,78.920326
2023-05-22,171.643600,313.166565,143.012344,128.332977,94.345100,136.970444,204.405197,67.320267,400.972870,86.478149,87.742256,19.897654,183.210007,71.026192,78.928917
2023-05-23,169.042328,307.394287,142.957626,126.994133,95.630371,135.491989,202.926514,66.941139,396.472809,86.575233,87.994858,19.976440,183.429993,70.358864,78.928917
2023-05-24,169.318222,306.019470,142.820892,125.831955,96.699905,134.371689,200.054947,67.013351,393.600403,86.354599,87.559334,19.985193,181.949997,68.848602,78.928917
2023-05-25,170.451340,317.788361,140.769608,126.138786,94.965271,133.508514,200.322052,66.246109,397.008972,86.036911,87.341629,19.670053,180.199997,68.839828,78.980598
2023-05-26,172.855499,324.584412,140.714951,127.319565,94.345100,133.517715,202.058350,67.152718,402.150513,86.107506,88.047119,19.985193,180.919998,69.630096,78.997810
2023-05-30,174.698105,322.946228,140.733154,127.803062,93.509247,131.479095,200.245728,66.035339,402.303741,86.681152,88.926788,19.521236,182.039993,69.893501,79.006432
2023-05-31,174.648819,320.196716,141.362213,126.175987,91.837494,130.854691,196.286636,66.734833,400.072906,86.990036,89.701996,19.302389,182.320007,70.244720,79.023643
2023-06-01,177.447113,324.282104,140.888153,127.914604,92.898048,132.195389,199.453918,66.280617,403.873901,87.253700,90.053902,19.617529,183.759995,70.253502,79.067741
2023-06-02,178.294510,327.031769,143.103485,130.601578,95.055138,134.546188,216.206253,67.089127,409.714447,86.793602,89.067047,19.871393,181.050003,71.965721,79.076393
2023-06-05,176.944641,327.558319,144.334213,129.318527,94.632713,134.013580,212.237610,66.852936,408.929352,86.784744,88.901184,19.818869,182.139999,71.465233,79.076393
2023-06-06,176.580063,325.354736,144.206589,129.550964,95.405663,132.682068,216.253922,66.662155,409.819672,86.890945,89.425148,19.845131,182.339996,72.150101,79.093697
2023-06-07,175.210464,315.311737,144.516571,130.806076,97.544762,132.966751,224.716003,67.379829,408.402679,86.430817,88.097733,19.923918,180.149994,73.475975,79.102333
2023-06-08,177.920105,317.144745,146.102844,130.843277,97.239174,134.472733,223.666580,68.043007,410.872955,86.890945,89.128220,19.958931,182.529999,73.019386,79.145523
2023-06-09,178.304382,318.636627,145.874893,131.103622,96.520149,134.582886,224.219894,67.288994,411.610199,86.687416,89.005951,19.836376,182.039993,72.597916,79.154205
2023-06-12,181.092819,323.570313,145.774628,131.094360,95.648338,133.526917,226.957855,67.207237,415.344238,86.837822,89.267944,19.565006,181.880005,72.615486,79.162849
2023-06-13,180.619904,325.949463,146.540451,132.042679,95.666321,133.205490,234.151077,67.543358,418.082581,86.430817,88.385925,19.827623,180.539993,73.080864,79.180145
2023-06-14,181.250488,328.923401,147.288025,131.549911,94.515869,134.454330,232.128601,66.680328,418.580475,86.510445,89.093285,19.871393,180.639999,73.353050,79.197426
2023-06-15,183.280258,339.414886,149.266312,133.037476,95.171982,136.318420,236.278488,67.552452,423.769836,87.112137,89.949120,20.291582,181.910004,73.739410,79.232025
2023-06-16,182.206284,333.788849,149.722153,133.195526,94.488907,137.319366,233.988876,68.669830,422.326355,86.837822,89.599792,20.545444,181.630005,73.686699,79.240685
2023-06-20,182.294937,329.615631,149.630981,132.516861,92.322845,136.052155,230.058380,67.915817,420.135345,86.997101,90.219826,20.361612,179.750000,72.817429,79.257942
2023-06-21,181.260361,325.237701,149.403061,132.321609,93.356438,137.227554,230.373215,68.842438,417.982635,87.138680,90.438156,20.659246,179.490005,72.378403,79.257942
2023-06-22,184.255722,331.234253,150.989334,129.774078,92.844131,137.695847,226.423676,68.251961,419.491455,86.687416,89.346565,20.274073,177.710007,71.342285,79.292534
2023-06-23,183.940414,326.661285,150.861694,129.095398,92.035240,136.327621,223.657043,67.379829,416.320160,86.944008,90.237297,20.055225,178.199997,70.358864,79.301193
2023-06-26,182.551132,320.401398,149.175140,129.411499,93.733932,136.465408,226.051590,67.488861,414.619171,87.050194,90.333336,20.081488,178.509995,71.983292,79.309814
2023-06-27,185.300186,326.222443,148.865204,129.420776,93.967606,137.760132,229.619568,67.143639,419.164673,86.882080,90.097565,19.757591,177.690002,72.870125,79.327126
2023-06-28,186.472702,327.470551,148.564346,128.853668,94.731575,137.732590,230.745270,66.716675,419.376160,87.138680,90.481819,19.696316,177.279999,72.975479,79.335770
2023-06-29,186.807724,326.690460,149.603622,133.353577,95.899986,137.172470,233.006271,66.144348,421.028992,86.466209,88.848778,19.705069,177.089996,73.790634,79.361725
2023-06-30,191.123474,332.043518,150.898178,135.222443,96.394325,139.339600,234.733032,67.407082,425.997498,86.669708,89.896713,19.871393,178.270004,74.199112,79.387634
2023-07-03,189.635605,329.557159,148.919891,136.310211,96.583061,140.037491,235.954163,67.570618,426.487640,86.567696,89.387100,19.871393,178.470001,74.927246,79.407623
2023-07-05,188.522186,329.713135,148.427582,135.402161,96.088730,139.798706,233.569168,68.088425,425.853302,86.177338,88.537682,19.993948,177.839996,75.095970,79.416283
2023-07-06,188.995148,332.755341,147.324448,134.063492,92.502602,139.569153,229.514603,66.335114,422.518646,85.618462,87.285500,19.950180,177.309998,74.518776,79.442322
2023-07-07,187.881760,328.806366,145.182053,135.121292,92.718307,136.639832,233.903046,65.453926,421.451874,85.636192,86.760117,20.116501,178.639999,74.350067,79.451019
2023-07-10,185.842102,323.550842,145.419128,135.879608,94.093452,136.694931,237.366089,65.145042,422.518646,85.875710,86.873947,20.160275,178.779999,74.669739,79.468384
2023-07-11,185.319901,324.174866,144.616852,138.004623,95.243889,135.978683,241.220261,65.581108,425.209442,86.062019,87.320526,20.396626,179.449997,75.735291,79.477066
2023-07-12,186.985092,328.786896,144.115417,138.687973,95.711258,136.685760,241.935776,66.743919,428.630646,86.762901,88.292503,20.545444,181.880005,76.143768,79.494431
2023-07-13,187.743790,334.110626,144.780945,139.362015,93.958626,136.777573,244.091843,66.961960,432.032684,87.304039,89.220718,20.834324,182.009995,76.632156,79.529137
2023-07-14,187.891632,336.626251,145.747314,140.204544,90.723007,137.787689,243.862854,66.498627,431.763611,86.887085,88.695305,20.694262,181.429993,76.481186,79.537834
2023-07-17,191.143173,337.104065,145.017975,143.583984,91.118469,136.814301,245.618225,66.008080,433.262756,86.984650,88.739105,20.527937,181.559998,75.983932,79.546516
2023-07-18,190.886963,350.520721,145.008835,143.846085,90.705040,137.071411,251.676163,65.453926,436.482147,87.055611,89.141922,20.799309,183.639999,75.566589,79.546516
2023-07-19,192.236877,346.220734,144.717133,144.398407,91.334190,138.008102,251.906281,65.499344,437.452789,87.321785,90.148911,20.913109,183.669998,76.419052,79.563850
2023-07-20,190.295776,338.215668,153.505554,146.177032,92.943001,139.127121,250.314774,67.316238,434.550446,86.869339,89.054329,20.974386,182.740005,76.170410,79.607269
2023-07-21,189.123245,335.192902,155.155655,145.053711,93.374420,141.317139,247.016708,68.951454,434.550446,86.931419,89.080589,21.088188,182.179993,76.525597,79.607269
2023-07-24,189.921356,336.499481,155.967041,147.908905,94.839424,141.769943,248.665756,68.588081,436.491760,86.771751,88.756607,21.464605,181.399994,77.156059,79.615952
2023-07-25,190.778580,342.223083,157.161316,146.804245,94.983231,142.102600,251.244720,68.533577,437.683411,86.674164,88.590240,21.543392,182.410004,76.605515,79.624634
2023-07-26,191.645676,329.342651,157.462143,147.684219,94.452950,142.250458,247.659103,67.561523,437.750671,86.958023,88.677780,21.438345,183.300003,76.951828,79.633324
2023-07-27,190.384445,322.468536,158.346481,146.055359,94.749542,140.559433,247.639908,66.562233,434.848358,86.212830,86.952759,21.385820,180.419998,75.282440,79.676727
2023-07-28,192.956146,329.927643,159.066696,146.888489,93.617088,144.532913,249.682037,66.180679,439.105713,86.549934,87.399353,21.517130,181.860001,75.220276,79.685410
2023-07-31,193.567062,327.538818,152.730637,147.871460,96.385323,144.431244,254.226379,66.589493,439.941772,86.656418,87.609520,21.604670,182.350006,75.708672,79.694084
2023-08-01,192.739410,327.948334,153.970459,147.141251,95.828094,144.385040,276.737335,65.562920,438.682922,86.082649,86.173851,21.490868,180.460007,75.584358,79.715019
2023-08-02,189.753860,319.328888,154.900406,145.474945,94.632713,144.699234,275.701935,65.326736,432.580414,85.878044,85.251892,21.166971,179.600006,75.149231,79.723732
2023-08-03,188.364563,318.509796,155.565887,146.364273,96.277481,145.078125,269.834534,63.682453,431.340729,85.299828,83.284996,21.368313,179.539993,74.332298,79.758621
2023-08-04,179.319305,319.601898,154.107224,146.055359,96.547119,143.488724,265.031311,62.837582,429.389923,86.002594,84.760162,21.403330,180.190002,73.728470,79.776039
2023-08-07,176.225342,321.873749,157.808594,146.748062,96.349396,145.004150,270.026245,62.356091,433.137787,86.020370,83.925964,21.412081,179.779999,74.651970,79.776039
2023-08-08,177.161407,317.915009,157.881531,145.924255,96.825745,145.161255,271.215149,62.419697,431.254242,86.224968,84.900665,21.385820,178.639999,74.172462,79.793480
2023-08-09,175.575012,314.190399,157.781235,143.967758,98.470512,144.976456,272.787415,62.610474,428.371185,86.287247,85.339668,21.534637,177.789993,74.163597,79.802193
2023-08-10,175.358276,314.872925,156.960724,143.752457,98.973824,144.255707,272.106720,62.038143,428.524933,85.726814,83.934761,21.420837,177.600006,73.879440,79.845802
2023-08-11,175.417465,313.000824,158.492340,144.585602,100.510742,145.096588,273.448914,62.610474,428.275055,85.459946,83.741570,21.385820,177.600006,73.994881,79.854515
2023-08-14,177.065186,315.955231,158.118561,144.885193,100.591629,143.959976,272.796997,62.283409,430.639191,85.397697,83.557190,21.280773,177.059998,73.506493,79.863235
2023-08-15,175.081970,313.829559,157.662735,141.196838,98.009102,143.035919,265.922852,61.184204,425.622742,85.166389,83.047943,21.026911,176.589996,72.680679,79.871956
2023-08-16,174.213760,313.067505,157.161316,140.597717,96.359924,141.575897,263.180908,61.374966,422.499451,84.961823,82.398155,20.939371,175.570007,71.783813,79.889381
2023-08-17,171.678040,309.627960,158.638184,139.137344,98.226563,140.559433,263.813690,61.329552,419.280029,84.872841,82.046936,20.991896,175.300003,71.206635,79.924255
2023-08-18,172.161499,309.237122,157.252472,139.455612,99.712662,140.956772,262.500214,61.620255,419.481812,85.059654,82.336678,21.140713,175.330002,71.428642,79.932983
2023-08-21,173.493469,314.513672,152.566544,139.933044,98.507492,140.245270,261.493500,60.938927,422.211121,84.632668,81.239082,21.088188,175.809998,70.771530,79.941689
2023-08-22,174.864944,315.080322,151.354019,137.031052,97.954735,140.300674,259.048767,61.338638,421.067566,84.721626,81.862541,21.096941,176.100006,70.975761,79.950394
2023-08-23,178.703033,319.516357,149.995651,137.957825,97.093895,141.612869,261.762054,61.674763,425.757233,85.531143,83.890869,21.140713,177.889999,72.094604,79.967865
2023-08-24,174.026276,312.647278,150.506210,137.826721,96.368973,140.956772,258.186005,61.066097,419.856628,85.335411,83.337692,21.158218,177.850006,71.819344,79.994011
2023-08-25,176.226517,315.588440,152.664108,137.658264,98.090652,141.880844,261.311371,61.738350,422.816498,85.282021,83.609894,21.368313,177.619995,71.872620,80.011452
2023-08-28,177.785431,316.291901,150.864304,138.135681,98.915268,142.102600,263.449371,61.792858,425.497803,85.468842,83.697701,21.333298,178.130005,72.547478,80.028908
2023-08-29,181.663010,320.894135,150.882675,139.259033,99.504242,142.185776,268.473114,61.754444,431.648285,86.020370,84.566971,21.412081,179.869995,73.426590,80.020172
2023-08-30,185.145889,321.265472,150.350052,138.697357,100.473824,142.342896,270.678192,61.370239,433.426147,85.984787,84.479164,21.438345,180.320007,73.692963,80.037598
2023-08-31,185.362946,320.259003,148.467575,136.984238,100.754738,142.620087,269.527740,61.104969,432.791840,86.109337,84.856735,21.525883,180.020004,73.151291,80.089928
2023-09-01,186.931732,321.138428,147.365662,137.442917,102.866074,142.777161,274.436371,61.169010,433.599121,85.663338,83.534805,21.779747,180.110001,73.275604,80.103058
2023-09-05,187.168518,325.916443,147.549301,135.926376,102.875114,140.864349,270.007080,60.556129,431.725128,85.199509,82.363464,21.884794,178.639999,72.423164,80.120583
2023-09-06,180.469116,325.261871,145.097504,135.701736,103.763153,140.587158,271.224640,60.089603,428.822906,85.119255,82.566032,21.937315,177.830002,72.272217,80.120583
2023-09-07,175.190536,322.359802,146.952423,134.540955,103.255707,141.927017,269.815338,60.601860,427.506287,85.386871,82.795021,21.893549,178.020004,72.725075,80.164360
2023-09-08,175.802246,326.619995,147.439102,134.643890,104.759918,141.317139,270.630249,61.132416,428.150146,85.431442,83.112061,21.937315,178.080002,72.440926,80.173111
2023-09-11,176.966537,330.206055,149.367508,135.233673,103.446007,142.998962,270.409760,61.772732,430.965942,85.333336,82.513191,22.068626,178.410004,72.449799,80.173111
2023-09-12,173.947342,324.177246,150.212326,136.993607,106.463493,140.485504,270.179657,61.955685,428.601837,85.360069,82.988792,22.147409,177.490005,72.414268,80.199387
2023-09-13,171.885254,328.369049,150.588837,137.059113,105.512009,141.464996,264.532745,62.596004,429.101593,85.484962,82.971184,22.217442,177.080002,71.623985,80.208138
2023-09-14,173.394836,330.948669,150.359253,139.717758,107.396820,143.017441,270.898712,63.373543,432.801422,85.368996,82.372276,22.401278,177.169998,72.920433,80.234421
2023-09-15,172.674561,322.662689,148.256348,139.305817,105.747620,141.816132,267.629456,62.788094,427.586945,85.172768,81.870270,22.348753,178.339996,72.645164,80.251930
2023-09-18,175.595078,321.529266,149.193039,139.596054,106.599396,142.352097,269.345490,62.422211,427.837616,85.297653,82.337036,22.340000,179.389999,71.996925,80.260689
2023-09-19,176.680374,321.128662,148.945084,139.418182,106.318497,141.936279,268.127991,61.827614,426.950409,85.047897,81.729355,22.357506,179.220001,71.668365,80.269455
2023-09-20,173.148178,313.429016,149.597092,138.828415,105.475777,141.816132,267.111694,61.608089,423.025269,85.003281,81.984772,22.173674,179.350006,71.730545,80.278198
2023-09-21,171.608994,312.217407,148.449203,137.742493,103.989693,140.587158,260.803314,61.205601,416.033386,84.423538,79.879868,22.103642,178.050003,69.288612,80.321991
2023-09-22,172.457504,309.755035,147.384003,136.422531,104.152794,140.069672,261.790741,61.928246,415.097992,84.780334,80.522804,22.121149,178.619995,68.764709,80.330765
2023-09-25,173.730301,310.272919,147.163620,137.096558,105.321724,139.219543,262.950836,61.717865,416.843475,84.111359,78.541206,22.016102,177.699997,68.702545,80.339500
2023-09-26,169.665268,304.996521,146.024963,135.673645,105.484840,137.981277,258.396851,59.769444,410.719513,84.004288,78.268204,21.989841,176.279999,67.450493,80.348259
2023-09-27,168.155670,305.631622,144.271042,136.469376,108.919136,136.151642,261.455261,54.848118,410.883453,83.709999,77.863075,22.112396,174.100006,66.997635,80.374542
2023-09-28,168.412201,306.462189,144.059830,138.163773,108.257645,135.227570,264.839478,52.213654,413.265564,83.959717,78.100861,22.086132,173.229996,67.640518,80.400818
2023-09-29,168.925293,308.523834,143.022202,135.757904,106.545029,134.784027,261.733246,52.405746,412.262573,83.879471,78.109688,21.849779,171.449997,67.837761,80.409561
2023-10-02,171.431381,314.435394,142.471222,134.587753,104.778030,134.164902,260.506134,47.703960,412.098633,83.295403,76.802094,21.683455,169.649994,66.591469,80.421860
2023-10-03,170.099365,306.217865,142.645721,133.595428,104.959274,134.442123,257.869568,48.280251,406.582275,82.642502,75.149971,21.587160,169.160004,65.291397,80.439445
2023-10-04,171.342575,311.660431,142.810974,134.194580,101.035645,134.885666,254.092178,46.304405,409.542938,83.223854,76.210167,20.983139,169.139999,66.089363,80.448250
2023-10-05,172.575897,312.051208,144.298630,134.760391,98.761208,132.880463,250.036758,45.234146,409.388702,83.277504,75.830238,20.860586,168.830002,66.456985,80.501022
2023-10-06,175.121460,319.770447,144.757736,136.835083,97.112015,133.148453,255.060516,45.956795,414.249329,82.955505,74.911415,20.939371,169.699997,66.636307,80.501022
2023-10-09,176.601425,322.271881,145.584198,136.523880,100.510086,132.473831,260.103394,45.115231,416.901398,83.814163,76.669571,21.377066,172.820007,67.362564,80.509796
2023-10-10,176.009476,320.874603,145.418915,137.353745,100.084183,133.786026,261.934570,47.182556,419.071259,83.733658,76.563576,21.324543,172.529999,67.685341,80.509796
2023-10-11,177.400650,324.812347,143.417038,137.825256,96.495834,132.141190,261.570221,48.975452,420.787933,84.118263,78.162682,21.201988,173.789993,68.859917,80.527412
2023-10-12,178.298523,323.581207,143.554794,137.504654,96.477715,132.436920,258.483124,48.481491,418.222626,83.393784,76.042297,21.193233,173.259995,67.855698,80.562599
2023-10-13,176.463318,320.229675,144.032303,139.569901,99.558632,133.702866,256.882080,49.844463,416.139465,83.751564,77.402901,21.753485,178.830002,67.685341,80.580185
2023-10-16,176.335022,325.027313,144.656708,139.428436,99.631111,134.978073,259.614502,49.743835,420.517822,83.286446,76.157135,21.683455,177.960007,68.492302,80.588974
2023-10-17,174.785980,324.460632,143.334396,139.126663,100.935951,135.153656,261.397705,49.551739,420.498566,82.687218,75.317825,21.744732,178.289993,68.393669,80.597755
2023-10-18,173.493469,322.555237,140.248962,137.598907,102.349556,138.637390,248.521927,48.701027,414.895416,82.302605,74.655197,21.937315,180.869995,66.941170,80.606567
2023-10-19,173.118576,323.737549,139.872498,137.014236,102.412987,137.857193,242.453186,47.923504,411.249969,81.989563,73.126770,22.164919,183.089996,65.354141,80.641747
2023-10-20,170.572998,319.194000,140.496887,134.807526,100.655052,137.671219,240.150009,47.530151,406.196472,82.284752,73.542015,21.998594,183.589996,64.914825,80.659340
2023-10-23,170.691345,321.783295,139.018478,132.968628,99.178040,137.764175,238.338303,47.127670,405.492462,82.606712,74.425499,21.858532,182.970001,64.278214,80.668144
2023-10-24,171.125519,322.965576,138.871521,133.128922,98.217514,139.391510,240.487274,50.420750,408.549652,82.901901,75.406189,21.622177,182.949997,65.103104,80.676949
2023-10-25,168.816727,332.873596,139.183792,132.402786,98.398750,140.042435,236.044678,51.646511,402.686035,82.284752,73.727547,21.779747,183.720001,63.704388,80.685715
2023-10-26,164.662918,320.386078,136.823776,132.742294,97.501663,139.298553,233.625839,52.661884,397.864014,82.839256,74.858421,21.595913,184.009995,64.923782,80.720924
2023-10-27,165.975189,322.262054,133.701645,127.961075,95.644066,136.843628,229.896378,51.445267,396.060638,82.812424,74.540367,21.884794,186.149994,63.883698,80.747292
2023-10-30,168.017548,329.590485,135.014771,129.592529,95.943077,138.796371,233.365662,52.323418,400.795868,82.615662,74.204620,21.534637,185.100006,64.287178,80.756081
2023-10-31,168.491135,330.372131,136.217728,131.139130,95.915901,139.512421,217.840744,53.329643,403.312927,82.561989,73.842407,21.455853,184.089996,65.381042,80.756081
2023-11-01,171.648422,338.149963,136.539139,131.025955,95.725616,139.121841,223.410828,53.448559,407.614227,83.474342,75.443481,21.490868,183.509995,65.784531,80.780815
2023-11-02,175.200363,340.348480,137.962463,133.364716,98.869942,140.823563,230.436050,54.802383,415.425842,83.976700,77.163315,21.718470,184.119995,67.945358,80.807320
2023-11-03,174.292648,344.725922,138.972580,134.854721,97.664764,139.549576,232.006866,54.317562,419.215912,84.488037,77.686401,21.604670,184.789993,69.568230,80.816139
2023-11-06,176.838242,348.370605,139.303146,135.873169,95.934029,140.358597,229.626541,54.006554,420.180359,84.066429,76.932838,21.692207,183.350006,68.564041,80.824997
2023-11-07,179.393707,352.279053,138.568512,135.807144,94.429825,140.033127,226.388596,53.475998,421.376190,84.514954,78.067581,21.228249,182.589996,67.999146,80.842644
2023-11-08,180.449402,354.887970,138.063461,136.476715,93.269951,139.493774,226.292236,52.597839,421.684784,84.802025,79.397369,20.991896,180.770004,68.223312,80.851486
2023-11-09,179.975800,352.435425,135.372910,136.071198,93.297134,139.809967,225.646561,50.054852,418.396210,84.093338,77.571144,20.939371,181.490005,67.147377,80.895676
2023-11-10,184.154861,361.209839,135.216812,138.089310,94.012985,140.795670,230.975723,50.439045,424.925140,84.290703,78.005524,21.044418,179.509995,67.774994,80.904488
2023-11-13,182.574142,358.288361,135.565765,137.476349,95.000687,141.772049,232.893463,49.853611,424.520111,84.281700,77.828232,21.350805,180.509995,67.210136,80.913338
2023-11-14,185.182343,361.796143,135.593307,139.984802,95.366463,141.455872,238.858673,52.643581,432.756104,85.340271,79.592392,21.315788,182.119995,70.940056,80.922180
2023-11-15,185.745453,361.942993,136.640137,141.210800,94.790367,140.804962,241.971344,52.140472,433.672272,84.811005,78.475380,21.175728,181.639999,71.146271,80.939835
2023-11-16,187.425003,368.307190,137.833923,142.823364,93.693054,142.116104,239.195969,51.774578,434.202698,85.277496,79.450569,20.667999,183.690002,70.993851,80.975174
2023-11-17,187.405228,362.119232,137.549240,144.115341,95.979156,140.479523,243.879471,52.478931,434.742828,85.447937,79.822906,20.965633,183.669998,70.940056,80.992844
2023-11-20,189.144012,369.550568,138.761826,144.558517,95.558495,139.735626,241.354599,52.451485,438.089294,85.582512,80.310493,21.228249,183.369995,71.460068,80.992844
2023-11-21,188.343781,365.271973,139.881836,144.256821,95.521912,139.121841,240.352386,53.036919,437.134521,85.672195,80.275047,21.350805,185.350006,70.957993,81.019348
2023-11-22,189.005707,369.952057,139.604156,144.596283,95.110420,140.432983,237.075821,52.998192,438.822205,85.752930,80.558746,21.166971,184.559998,71.307655,81.054695
2023-11-24,187.681854,369.540802,141.159180,144.794342,95.622505,140.767761,238.376770,53.071968,439.092224,85.358231,79.610146,21.026911,185.520004,71.513885,81.063515
2023-11-27,187.504013,370.696167,140.029907,144.464264,95.064713,140.637589,238.405701,53.099628,438.301453,85.842659,80.939934,20.886847,186.770004,71.773903,81.072342
2023-11-28,188.106674,374.700684,140.353912,144.794342,95.009834,141.613983,238.511749,53.634502,438.735382,86.219429,81.099518,21.140713,189.259995,72.249115,81.090012
2023-11-29,187.089066,370.931152,140.798218,145.529907,93.583313,140.535309,240.390915,53.818939,438.426788,86.641068,82.118996,21.289528,189.539993,72.751205,81.098862
2023-11-30,187.662094,370.989899,143.158585,147.189651,93.949081,142.757721,241.614792,53.957264,440.153076,86.353996,81.170403,20.930618,188.750000,73.280220,81.134193
2023-12-01,188.936569,366.681885,146.601929,147.906372,94.177704,141.958038,247.435471,54.565914,442.757019,87.113297,82.699188,20.834324,192.009995,75.082397,81.151047
2023-12-04,187.148346,361.424072,147.064758,148.990860,93.665611,141.400070,245.498459,54.104809,440.432739,86.780434,82.370140,20.694262,187.860001,75.629333,81.151047
2023-12-05,191.090302,364.733429,146.759323,148.971970,91.845894,136.471634,245.922455,53.699055,440.345978,87.356194,84.139923,20.510429,187.149994,75.127243,81.168777
2023-12-06,190.003525,361.091187,144.972824,147.406570,90.629700,136.369370,246.674133,55.515766,438.571472,87.581139,85.260490,20.011457,187.839996,74.903084,81.177673
2023-12-07,191.930054,363.196289,143.843567,147.859192,89.998734,136.229874,248.061844,55.192997,441.917938,87.608101,84.771362,20.046471,188.149994,75.118263,81.213158
2023-12-08,193.352737,366.407654,142.936432,149.490677,91.032051,134.974503,250.075928,55.054676,443.817841,87.167282,84.077667,20.134010,185.639999,74.992737,81.230919
2023-12-11,190.853210,363.538940,143.528824,150.037643,91.096046,135.597565,251.444458,55.063896,445.544128,87.176292,83.899796,20.063980,183.589996,75.198967,81.248672
2023-12-12,192.364761,366.554565,143.538086,151.376755,89.660400,135.709106,251.935867,54.888668,447.579041,87.437187,84.148811,19.757591,183.490005,75.154144,81.248672
2023-12-13,195.575623,366.544769,144.204514,151.885986,90.455948,138.164047,258.238312,57.646023,453.751160,88.534752,86.123138,19.985193,187.630005,78.032242,81.257545
2023-12-14,195.723816,358.281158,145.204239,154.649094,92.888344,134.518860,274.813690,57.895008,455.207458,89.249321,88.363464,20.317842,188.729996,80.282776,81.293053
2023-12-15,195.190338,362.980865,143.621414,155.818481,92.266533,133.867950,275.363007,56.714619,454.457916,89.041809,88.461571,20.352859,187.000000,79.153030,81.319672
2023-12-18,193.530563,364.860748,143.880554,156.761490,92.952362,135.923004,275.334045,56.253513,457.014282,88.861374,87.756767,20.498884,187.850006,78.973701,81.329475
2023-12-19,194.567917,365.457977,144.824722,158.855057,94.177704,135.923004,282.320801,56.779167,459.793243,88.969650,88.229599,20.655014,189.130005,79.574425,81.329475
2023-12-20,192.483322,362.873199,141.871964,157.063278,92.604866,133.821442,279.188812,55.183777,453.421875,89.294464,88.827385,20.416229,188.100006,78.606079,81.347298
2023-12-21,192.335114,365.732117,143.325195,157.959198,93.025520,134.146881,279.535736,54.962440,457.721191,89.285408,88.265305,20.452965,189.429993,79.303192,81.400818
2023-12-22,191.268143,366.750397,143.899124,157.864838,93.190125,135.095383,279.815186,55.100773,458.641022,89.168137,87.863838,20.416229,190.270004,79.611786,81.409737
2023-12-26,190.724762,366.828735,144.528534,158.798477,93.400429,135.709106,284.893799,55.524994,460.577637,89.348579,88.113625,20.618279,191.720001,80.201790,81.427559
2023-12-27,190.823547,366.251068,144.722900,159.750916,92.961494,135.820724,287.293365,55.866192,461.410370,89.916985,89.674980,20.526438,192.589996,80.592079,81.427559
2023-12-28,191.248367,367.435760,144.935806,160.599670,91.617287,135.513840,286.098450,56.271969,461.584656,89.718491,89.023689,20.351940,191.470001,81.163910,81.481026
2023-12-29,190.211014,368.179871,145.083908,160.411057,91.425255,136.267059,284.932343,56.013752,460.248444,89.547089,88.220688,20.241732,191.169998,80.201790,81.481026
2024-01-02,183.403992,363.117950,148.073715,162.278290,93.601608,138.312866,282.079834,56.779167,457.672729,89.123016,87.712120,20.076418,190.720001,80.891609,81.489952
2024-01-03,182.030746,362.853577,148.999344,161.571030,94.388023,137.475952,273.975250,57.166481,453.934998,89.168137,88.077950,20.333570,189.130005,78.958267,81.516716
2024-01-04,179.718933,360.249207,148.684631,162.643204,93.565018,138.229126,275.709930,56.991264,452.472839,88.807236,86.739647,20.223364,189.320007,78.813049,81.543449
2024-01-05,178.997711,360.063171,149.147446,163.459244,93.848495,137.085373,278.437134,57.249493,453.092590,88.599701,85.909920,20.324387,189.350006,78.613365,81.552376
2024-01-08,183.324966,366.858063,149.517685,163.222015,92.284813,138.266342,281.636597,58.024117,459.560944,88.933548,86.757477,20.030497,187.869995,79.738861,81.561295
2024-01-09,182.910049,367.935089,149.610245,161.931580,91.141777,138.833588,281.675110,57.184921,458.863770,88.915512,86.204315,20.177441,187.929993,79.203339,81.570221
2024-01-10,183.947388,374.769226,149.832397,162.273178,90.245636,139.428726,282.696625,57.433914,461.458832,88.744095,85.802826,20.039680,187.500000,79.294106,81.587997
2024-01-11,183.354599,376.590363,149.165939,161.589981,90.227333,139.958755,281.453430,55.995304,461.255524,89.249321,86.284622,20.186626,187.869995,78.558907,81.632622
2024-01-12,183.680649,380.350067,150.313736,160.403900,91.397797,140.042435,279.863403,56.290401,461.574982,89.411736,86.115112,20.260099,189.710007,79.030884,81.650436
2024-01-16,181.418198,382.112427,148.582779,159.398117,89.331200,139.289246,276.798950,55.654091,459.880432,88.744095,84.598381,20.085604,187.910004,78.449974,81.659363
2024-01-17,180.479645,381.329193,148.499481,158.544159,88.681946,139.428726,268.511200,53.735939,457.324127,88.500473,84.464546,20.058050,185.839996,77.015862,81.677185
2024-01-18,186.357986,385.637177,149.221512,158.857300,88.517349,138.624893,271.662476,53.164185,461.390961,88.419273,83.679405,20.186626,187.369995,76.598320,81.712860
2024-01-19,189.252716,390.336853,149.656509,161.599457,88.654510,138.091507,276.193329,52.804527,467.142792,88.437309,83.947044,20.149891,187.929993,77.515068,81.721786
2024-01-22,191.554642,388.221985,150.387802,161.409714,88.535637,138.362869,279.475464,52.426426,468.130493,88.599701,84.446693,20.232548,187.220001,77.977989,81.730682
2024-01-23,192.829117,390.562042,147.925583,160.347000,89.532372,144.089752,279.630310,52.915192,469.495789,88.383163,83.777550,20.342756,187.949997,77.442451,81.739616
2024-01-24,192.157288,394.145538,147.138779,161.779770,91.077774,142.349228,281.421356,52.573978,470.009033,88.184700,83.286850,20.517254,186.399994,76.335098,81.748528
2024-01-25,191.831238,396.407288,147.694183,164.094971,93.391281,145.624466,291.190002,53.468502,472.565369,88.581688,83.831062,20.673384,187.139999,77.315392,81.793083
2024-01-26,190.102341,395.486877,147.638657,163.468735,94.186844,146.111008,289.892670,53.929592,471.965027,88.482414,83.670464,20.765224,187.009995,77.097542,81.802010
2024-01-29,189.420654,401.155853,147.509033,163.895691,94.305725,146.129776,293.591003,54.934792,475.702667,88.834290,84.634071,20.590725,188.330002,77.605835,81.810921
2024-01-30,185.775116,400.049438,146.962952,167.254669,95.878548,147.374344,295.052917,54.667351,475.334747,89.005730,85.401344,20.728489,188.589996,76.879700,81.819832
2024-01-31,182.178925,389.269623,147.083252,165.442337,94.013092,147.046814,290.744659,54.067932,467.578583,89.411736,86.240021,20.508070,188.449997,76.144485,81.828766
2024-02-01,184.609329,395.340027,146.583435,164.844528,93.629044,148.955765,297.889526,55.100773,473.698303,89.921188,87.931709,20.260099,190.410004,77.524147,81.869949
2024-02-02,183.611481,402.624542,144.963562,165.793411,93.244965,147.935776,305.053864,53.625275,478.685120,89.097717,85.989388,20.030497,188.610001,76.562012,81.887871
2024-02-05,185.419403,397.170959,144.213806,165.575211,92.860916,148.048096,311.162903,51.614902,476.942108,88.364754,84.252953,20.113152,187.570007,74.955437,81.887871
2024-02-06,187.019958,397.014282,146.305740,166.144485,93.501007,148.749924,312.440857,51.854675,478.326874,88.826256,85.076424,20.186626,188.550003,75.962952,81.905785
2024-02-07,187.128586,405.395355,146.231689,166.457611,93.473587,148.899643,313.283173,51.993008,482.316284,88.645264,84.664688,20.278467,188.500000,75.854042,81.914742
2024-02-08,186.051743,405.454132,144.769165,165.859848,95.073837,148.450455,311.743774,51.910011,482.529297,88.373795,84.172401,20.388678,188.330002,76.471252,81.950531
2024-02-09,186.813446,411.759491,145.102402,166.059082,93.062096,147.308853,307.057922,52.177444,485.318054,88.346657,84.002365,20.443781,187.600006,76.589249,81.959511
2024-02-12,185.131744,406.580109,146.111374,166.799164,94.342293,147.018723,311.385620,53.071968,485.105011,88.364754,84.100784,20.452965,187.110001,76.607407,81.977394
2024-02-13,183.044525,397.826996,144.833969,165.347427,93.530113,146.232697,302.875580,50.950932,478.423645,87.550316,82.659737,20.333570,184.529999,75.028053,81.977394
2024-02-14,182.164093,401.672058,144.158249,167.026932,93.068642,145.633804,306.622253,51.651791,482.771362,87.939438,83.080429,20.140705,184.419998,75.618034,81.995346
2024-02-15,181.877243,398.798035,146.176132,170.670532,95.735939,146.925156,312.779694,52.813751,486.102356,88.147591,83.510048,20.186626,185.660004,77.378929,82.040100
2024-02-16,180.343964,396.345764,146.008301,169.873474,95.735939,147.393021,311.656647,52.592422,483.681580,87.867050,83.026726,20.232548,186.339996,76.580170,82.058022
2024-02-20,179.602036,395.100098,147.230057,170.537689,94.831444,148.328781,303.746857,52.205105,481.018768,87.948486,83.098320,20.122337,187.470001,76.444031,82.066971
2024-02-21,180.353851,394.501678,147.994827,171.647842,96.769608,150.097427,307.038635,52.656982,481.454468,87.686043,82.507561,20.204994,187.479996,76.870644,82.075935
2024-02-22,182.381744,403.790863,149.645645,173.706879,96.686546,150.247147,311.830902,52.260441,491.418457,87.758461,82.910347,20.260099,187.559998,77.015862,82.120697
2024-02-23,180.551712,402.505890,150.942032,174.579834,95.837463,150.686935,313.563904,52.361874,491.757294,88.084213,84.020241,19.966208,188.619995,76.979546,82.129654
2024-02-26,179.206375,399.759308,149.962753,173.982025,96.215858,149.928970,315.016144,51.324226,489.956268,87.894173,83.769615,20.149891,188.199997,76.135399,82.129654
2024-02-27,180.660538,399.700531,150.139969,174.067429,96.012802,149.068054,317.194458,51.705780,490.866425,87.776566,83.178864,20.306019,188.000000,76.226173,82.147598
2024-02-28,179.463547,399.935883,150.671555,174.949875,96.280457,149.769897,319.063019,51.221863,490.217682,87.948486,83.706955,20.223364,188.339996,76.997704,82.156517
2024-02-29,178.800766,405.742889,150.513031,176.543945,96.465027,148.731186,323.322845,51.361458,491.980011,88.093262,84.297707,20.195810,189.309998,77.651222,82.192352
2024-03-01,177.722534,407.567383,151.203201,175.813309,97.683319,148.646988,325.975555,51.380066,496.598846,88.516212,84.822960,20.296835,192.889999,78.577049,82.214821
2024-03-04,173.211700,406.998474,149.076706,177.132248,96.317368,149.311356,327.863495,51.156719,496.066284,88.298370,84.481796,20.361124,196.009995,79.312271,82.223801
2024-03-05,168.285400,394.962677,149.197983,178.906601,97.498734,149.086807,322.906464,51.556885,491.108521,88.779396,85.684944,20.204994,197.190002,78.350128,82.223801
2024-03-06,167.296204,394.413391,148.610397,179.836456,98.541641,149.320724,324.939667,51.677872,493.597076,88.915543,86.187744,20.370308,198.809998,78.740425,82.241776
2024-03-07,167.177475,401.328857,148.172043,178.261337,99.095406,150.303299,329.383453,52.347923,498.496735,89.106155,86.106956,20.425413,199.940002,78.722282,82.277779
2024-03-08,168.888809,398.464508,148.778259,178.593475,100.027565,150.050629,328.386261,53.799698,495.504700,89.187820,85.954315,20.361124,201.630005,79.629944,82.286743
2024-03-11,170.887039,396.796997,150.373108,178.659866,100.618248,151.173569,324.300629,53.855541,495.078583,89.087975,85.909409,20.535624,202.000000,79.248711,82.295731
2024-03-12,171.361847,407.351532,151.781464,180.130615,99.972183,151.529160,326.498383,53.185490,500.404358,88.861092,85.191109,20.480516,199.789993,79.076263,82.322701
2024-03-13,169.284515,407.175049,150.251892,181.591858,101.088951,151.875381,330.642059,55.409691,499.619965,88.697701,84.778099,20.765224,201.190002,78.676895,82.322701
2024-03-14,171.134338,417.101837,148.489151,178.356247,102.879433,151.126755,331.029327,55.409691,498.632355,88.135025,83.476151,20.829514,200.350006,77.496925,82.358665
2024-03-15,170.758469,408.469818,147.528473,180.567108,102.694832,151.014481,335.918457,55.912235,495.208466,88.125946,83.449226,20.902987,199.710007,77.324471,82.376648
2024-03-18,171.846603,409.352600,146.204117,182.806381,103.645462,150.855392,340.691467,55.995987,498.151489,88.035202,83.197815,21.095850,200.029999,77.360779,82.385635
2024-03-19,174.181122,413.364532,145.691147,183.878586,104.374588,151.435562,342.627686,57.019680,500.919891,88.253029,83.431259,21.086666,199.800003,77.333542,82.403618
2024-03-20,176.743195,417.111603,145.271469,186.288681,104.282295,151.585297,345.096527,57.885170,505.552979,88.434532,83.404327,21.031563,202.179993,77.841843,82.412613
2024-03-21,169.521927,421.172485,145.262161,188.879044,104.743752,151.463654,352.948151,57.103439,507.223663,88.498047,83.583900,21.004011,201.970001,78.404572,82.439575
2024-03-22,170.422104,420.554596,144.777145,186.563843,104.743752,151.276505,346.703613,57.494293,506.262085,88.779396,84.383011,20.857065,200.350006,77.417747,82.448586
2024-03-25,169.007538,414.786896,144.767838,184.855942,105.814369,149.900909,344.612457,58.266720,504.863342,88.616035,83.961021,21.031563,200.990005,76.941750,82.466568
2024-03-26,167.879852,413.599945,145.280807,185.719360,105.020638,150.237778,345.038361,57.168579,503.930847,88.706787,84.194458,20.866249,201.639999,76.630478,82.475533
2024-03-27,171.441025,413.384186,147.323318,189.315536,106.109711,152.165451,353.035339,59.364868,508.165894,88.997208,85.029488,20.847881,203.100006,78.607803,82.529480
2024-03-28,169.630753,412.687714,147.537796,190.055618,107.281830,151.828598,354.758636,59.476540,508.068756,88.888306,84.957664,21.095850,205.720001,79.166229,82.529480
2024-04-01,168.196350,416.464233,147.155426,188.765198,107.974030,150.265839,352.154297,58.983311,507.184845,88.242020,83.373955,21.196877,207.820007,77.838852,82.552048
2024-04-02,167.019226,413.393890,147.108810,188.689301,110.087547,150.256500,353.209595,58.517994,503.960052,88.178307,82.914520,21.389742,210.889999,76.859352,82.570107
2024-04-03,167.820480,412.422821,143.872467,188.157928,110.106010,146.120377,363.820496,58.210884,504.513672,88.232918,82.896515,21.646896,212.740005,76.941750,82.570107
2024-04-04,166.999435,409.901947,142.230957,186.726349,110.493645,145.465332,358.011627,59.309029,498.355469,88.442291,83.491066,21.702002,211.520004,76.447403,82.606232
2024-04-05,167.751236,417.396057,142.128418,188.444244,112.016479,146.073624,367.218719,59.727818,503.561829,88.005371,82.328972,21.812210,215.139999,76.841034,82.624283
2024-04-08,166.633408,416.483795,141.382233,189.427277,111.259674,146.017441,361.574432,60.360645,503.843445,87.923424,82.319962,21.803026,216.479996,77.664917,82.633324
2024-04-09,167.840240,418.141541,142.035126,188.157944,111.841125,146.597641,360.054382,60.844563,504.426239,88.223816,83.085709,21.683634,217.669998,78.699356,82.642365
2024-04-10,165.970657,415.179199,140.085846,186.554550,112.782509,147.140366,360.218994,59.569611,499.375397,87.167885,81.274971,21.793842,215.610001,75.440445,82.660416
2024-04-11,173.152328,419.760010,138.770798,186.516357,112.404114,145.830322,360.131866,59.504459,503.144135,87.186104,80.905602,21.757105,219.800003,75.696762,82.687500
2024-04-12,174.646088,413.845154,137.586334,174.452911,111.093559,145.353073,353.984100,58.704124,496.199188,87.349937,81.338028,21.784657,216.889999,74.799629,82.696526
2024-04-15,170.827682,405.742889,137.651611,174.548309,110.456718,145.465332,352.318909,58.397011,489.982727,86.821991,80.076836,21.812210,220.949997,73.527191,82.714592
2024-04-16,167.553375,406.664886,134.723053,172.553650,109.543015,145.933228,348.417267,57.419849,489.089142,86.576233,79.545334,21.775473,221.220001,72.492752,82.723602
2024-04-17,166.188278,403.977173,135.021500,171.866486,109.487633,146.878342,346.906982,59.364868,486.194580,86.976746,80.428162,21.435661,219.589996,71.961800,82.732666
2024-04-18,165.238586,396.551727,135.926208,172.983139,109.386116,148.137558,346.529358,59.569611,485.194122,86.730957,80.022789,21.426477,220.339996,71.970963,82.777794
2024-04-19,163.220642,391.500092,137.950058,177.325592,110.641304,148.938126,344.615143,59.839493,480.959137,86.821991,80.311073,21.527504,221.029999,72.318832,82.786842
2024-04-22,164.051590,393.304993,139.078583,180.770935,111.268921,151.198456,347.481598,60.779423,485.388428,86.876602,80.175949,21.527504,215.570007,72.959610,82.804871
2024-04-23,165.100128,399.788757,139.488983,183.376434,111.702682,152.102600,352.961853,61.607681,491.148285,87.058655,80.202942,21.619345,215.039993,73.627892,82.813919
2024-04-24,167.197296,401.250275,138.528320,184.273560,111.721146,153.138611,353.224213,61.942696,490.915192,86.831116,79.635429,21.591791,214.639999,73.765213,82.813919
2024-04-25,168.057892,391.421631,136.933456,184.550308,111.979568,153.091492,328.427002,62.259129,489.050232,86.585335,79.076881,21.711184,215.919998,73.344101,82.859077
2024-04-26,167.474243,398.562653,136.299255,184.664856,108.869278,151.904816,333.654572,61.412247,493.683441,86.776489,79.491295,21.729553,216.619995,73.380722,82.859077
2024-04-29,171.628937,394.570313,136.933456,184.464447,110.419800,152.253311,339.892792,62.743053,495.431854,87.040459,80.157913,21.711184,216.179993,74.131386,82.877121
2024-04-30,168.493164,381.897003,134.853622,182.994690,109.155380,153.703659,325.094177,62.324280,487.583557,86.685455,79.473251,21.435661,211.869995,72.877235,82.886154
2024-05-01,167.474243,387.399872,140.999863,183.109207,107.088013,153.892044,321.693298,63.850502,486.000275,86.991333,80.059074,21.123404,213.789993,72.904701,82.902481
2024-05-02,171.164047,390.244537,139.824692,182.918350,107.281830,154.306427,325.939575,64.073860,490.546051,87.383980,80.402580,21.196877,213.130005,73.929977,82.947815
2024-05-03,181.402420,398.896210,139.218491,181.820786,107.060326,154.890381,327.212433,65.274376,496.626526,87.831413,81.216187,21.224430,212.960007,74.424324,82.956886
2024-05-06,179.750412,405.644745,138.574966,183.242828,107.752518,154.871521,332.410889,66.307358,501.755096,87.895317,81.532600,21.463215,215.199997,74.488388,82.956886
2024-05-07,180.432968,401.524963,138.705505,183.004211,107.217232,156.114716,335.228760,66.958809,502.308807,88.077927,82.029800,21.444847,214.210007,75.193275,82.965950
2024-05-08,180.769318,402.702057,138.920013,186.726349,107.198776,155.464890,334.742950,67.796379,502.357300,87.895317,81.532600,21.334637,213.580002,74.561615,82.984085
2024-05-09,182.579575,404.448090,139.759460,188.491959,109.312294,156.378448,341.816772,69.406364,505.251862,88.059677,81.930351,21.417294,216.949997,76.090385,83.029457
2024-05-10,181.321594,406.821899,139.815384,189.704056,108.869278,157.141312,344.741486,68.671158,505.902740,87.877037,81.469315,21.380560,218.710007,75.879845,83.029457
2024-05-13,184.521072,405.821320,141.037186,189.665863,108.823128,156.218307,346.577942,69.406364,505.970612,87.922729,81.677223,21.518320,216.259995,76.127014,83.047569
2024-05-14,185.660217,408.607117,141.186401,192.319061,109.483727,156.114716,348.035492,70.188087,508.292206,88.160118,82.138290,21.426477,218.089996,76.712883,83.056625
2024-05-15,187.928619,415.751190,142.389542,192.891708,110.330414,156.821045,349.842773,71.705017,514.586304,88.744499,83.259247,21.499950,220.889999,77.774765,83.065704
2024-05-16,188.047470,413.697388,143.891129,193.235275,109.669823,158.092529,340.786743,71.109406,513.527588,88.644058,83.177895,21.555054,220.029999,77.719849,83.102005
2024-05-17,188.077148,412.930939,144.226852,195.449432,111.316673,157.885330,346.179565,70.811615,514.265686,88.360992,82.617416,21.775473,223.660004,77.710686,83.111046
2024-05-20,189.236115,417.972076,142.224243,186.659515,110.414177,157.574524,352.476044,70.606873,514.858215,88.278816,82.373329,21.968340,224.559998,77.252975,83.129204
2024-05-21,190.533768,421.607971,142.196045,190.419830,109.651215,158.554047,348.900238,71.611961,516.121033,88.443176,82.798218,21.876497,224.229996,77.225517,83.138260
2024-05-22,189.097427,423.062286,144.320892,189.265030,107.446114,158.045425,345.858887,71.025658,514.635071,88.333603,82.897652,21.564238,220.110001,76.529793,83.156387
2024-05-23,185.115417,419.603333,140.748138,187.938416,105.613144,155.860443,340.767334,70.095024,510.875824,88.087074,82.364281,21.454031,215.720001,74.882027,83.210800
2024-05-24,188.186127,422.708588,138.181381,191.555542,105.529404,155.709747,339.018280,71.295547,514.256042,88.187508,82.608376,21.600977,215.919998,74.936951,83.219856
2024-05-28,188.196045,422.865814,135.746246,190.400742,106.869225,153.618942,336.657135,72.151726,514.615540,87.776604,81.424095,21.986710,218.190002,74.442612,83.210800
2024-05-29,188.493210,421.735748,135.802673,189.074158,105.724800,152.243881,328.533875,71.360687,511.011841,87.438759,80.438751,21.757105,216.160004,73.719414,83.228943
2024-05-30,189.483749,407.486908,136.592422,190.238480,106.059753,153.119766,329.641571,72.765930,507.621887,87.849663,81.216187,21.472399,216.570007,74.799629,83.247078
2024-05-31,190.434723,407.938904,137.899338,193.388000,109.102257,154.965683,328.932312,74.468987,512.245422,88.132698,81.767616,21.371374,215.300003,76.200241,83.265236
2024-06-03,192.197906,406.356781,138.905365,192.614975,106.487747,155.069290,321.975067,72.787682,512.663086,88.665810,83.090210,21.068298,217.220001,76.026306,83.278877
2024-06-04,192.514877,408.862640,138.961761,190.076248,104.831581,157.291992,318.292450,72.263161,513.236206,88.986412,84.060776,20.857065,215.270004,76.612183,83.297096
2024-06-05,194.020523,416.665100,137.241196,188.262894,105.250275,156.387848,320.119202,72.169495,519.336121,89.261185,84.677605,20.930538,217.820007,76.520638,83.306198
2024-06-06,192.643646,417.166229,137.664261,187.928894,106.041145,158.667023,318.992035,71.841660,519.326233,89.288681,84.550606,21.206060,219.429993,76.667107,83.315315
2024-06-07,195.030884,416.507874,138.284805,190.830200,104.906021,157.339081,319.623566,70.614632,518.695007,88.500954,82.999489,20.902987,211.600006,75.943916,83.351730
2024-06-10,191.296478,420.458191,138.331818,190.505722,105.213066,157.612228,320.274628,72.094559,520.297607,88.427643,82.446152,21.206060,213.539993,76.200241,83.369965
2024-06-11,205.193985,425.184875,137.983948,185.495178,104.366364,157.734619,318.039703,68.132492,521.550598,88.729942,83.298828,21.178509,214.149994,75.925606,83.379059
2024-06-12,211.058121,433.419739,136.714676,182.794250,103.212639,155.568451,319.419586,67.682907,525.834167,89.151283,83.924736,21.251980,214.720001,76.603020,83.397270
2024-06-13,212.217072,433.930695,136.752274,184.827118,102.384552,156.726898,317.116669,68.544624,526.892944,89.600113,85.158371,21.270348,212.970001,76.914276,83.406410
2024-06-14,210.483612,434.903564,136.836899,184.941635,101.519249,157.084778,312.365173,68.432220,527.213501,89.691666,85.874977,21.187693,215.729996,76.895958,83.451950
2024-06-17,214.624130,440.603088,137.222397,186.086914,100.821426,157.753479,313.268860,67.729736,531.409546,89.371117,85.022331,21.261164,214.610001,76.593864,83.461037
2024-06-18,212.266586,438.608276,136.940308,188.014771,101.770470,158.751816,315.931244,65.978188,532.759705,89.691666,85.802391,21.435661,215.470001,76.895958,83.479271
2024-06-20,207.700119,437.979370,138.942963,189.608612,103.966286,157.913589,319.808228,67.870224,531.312439,89.535995,85.230949,21.481583,218.160004,76.676270,83.497467
2024-06-21,205.530823,441.988647,139.854950,187.346680,103.054466,158.469254,318.554840,68.198067,530.600159,89.545135,85.230949,21.307085,214.779999,76.868507,83.524811
2024-06-24,206.174667,439.915222,140.202835,189.809052,106.115585,158.648193,320.653564,69.172188,528.875305,89.618423,85.575668,21.481583,215.630005,77.463539,83.543030
2024-06-25,207.095886,443.138397,138.388245,189.035965,106.413315,157.141312,318.127258,68.357300,530.911987,89.609276,85.720787,21.279533,214.559998,76.511482,83.543030
2024-06-26,211.236420,444.327484,138.040359,188.425156,106.450539,157.706375,317.476227,68.722588,531.574524,89.206238,84.496193,21.316269,212.580002,76.273483,83.552132
2024-06-27,212.078415,445.005493,137.081360,190.085785,106.906441,156.924667,318.185516,69.050423,532.412659,89.352776,84.831818,21.426477,214.990005,77.014969,83.570351
2024-06-28,208.631256,439.207733,137.419846,193.034851,107.111137,155.323608,323.665771,66.324738,530.317444,88.913116,83.253464,21.334637,215.009995,77.629448,83.597656
2024-07-01,214.703369,448.818298,137.683090,196.079346,106.962257,153.251617,319.759644,65.472382,531.408875,88.436256,81.816605,21.610161,215.570007,76.897255,83.626953
2024-07-02,218.190125,451.324097,137.297623,199.305191,106.236534,154.362976,318.477051,66.006294,534.985168,88.730278,82.453583,21.637712,215.559998,77.258736,83.636070
2024-07-03,219.458054,452.788269,136.977936,199.171585,106.776176,154.297012,321.246277,67.280144,537.372559,89.208069,83.536469,21.757105,217.990005,77.184578,83.663528
2024-07-05,224.202820,459.460693,137.720703,196.532455,105.482887,155.596756,319.050354,67.523666,540.471375,89.658257,84.228065,21.839764,220.929993,77.397743,83.690987
2024-07-08,225.668839,458.163544,136.780472,196.897156,104.375671,156.830536,319.740204,67.542397,541.094971,89.685860,84.410057,21.545872,218.190002,77.647987,83.709259
2024-07-09,226.520721,451.579651,138.256592,199.257965,103.221947,156.020538,316.825195,67.551773,541.621216,89.603157,84.036964,21.398924,218.559998,77.629448,83.709259
2024-07-10,230.780121,458.173370,140.494278,199.421082,104.133759,157.094223,319.176697,68.282356,546.980713,89.695053,84.300858,21.398924,219.360001,78.204063,83.727562
2024-07-11,225.421204,446.823456,140.748138,199.085236,105.371231,155.907516,321.751556,69.968338,542.264221,90.154465,85.119827,21.472399,223.250000,80.446945,83.736710
2024-07-12,228.363144,445.693329,140.917374,196.676422,105.389839,156.915253,326.085297,71.186005,545.684631,90.402534,85.483849,21.389742,223.110001,81.058624,83.773331
2024-07-15,232.186691,446.096252,140.315659,201.580368,107.194878,155.003387,335.976929,66.474609,547.185364,90.090134,84.501060,21.233612,223.830002,81.605446,83.791626
2024-07-16,232.602753,441.733185,141.979767,205.006424,107.967140,157.235458,350.367493,67.345695,550.430298,90.457664,85.693115,21.178509,228.289993,82.606392,83.791626
2024-07-17,226.718842,435.837097,147.216721,208.125366,109.455818,159.580566,347.666229,66.409042,542.712524,90.521957,85.711327,21.178509,227.229996,83.171753,83.819038
2024-07-18,222.063217,432.741730,146.126068,201.513184,110.535133,158.638763,345.946411,67.130272,538.541931,90.273903,85.056145,21.022379,225.779999,82.439575,83.828194
2024-07-19,222.191956,429.538116,145.439743,201.321259,107.995056,159.138107,337.784302,67.439377,534.965698,90.090134,84.555641,20.737673,221.729996,82.291298,83.855637
2024-07-22,221.845291,435.267120,145.016663,201.801102,107.250694,159.412872,339.394073,68.282356,540.481140,90.053383,84.309967,20.792776,221.800003,83.143951,83.873924
2024-07-23,222.885345,437.144043,143.239685,201.849075,105.520111,157.868469,335.784180,67.542397,539.633301,90.044174,84.191673,20.599911,222.580002,83.079071,83.873924
2024-07-24,216.476471,421.470428,146.934662,200.179245,107.008789,159.176025,327.852295,70.633385,527.403870,89.768532,83.281670,20.590725,221.800003,81.855698,83.901390
2024-07-25,215.436386,411.152283,150.093735,200.256012,109.260429,158.133789,335.911041,68.788147,524.655823,90.016640,83.964142,20.636646,218.330002,81.586914,83.901390
2024-07-26,215.901978,417.903259,151.033936,203.682098,109.167397,160.227707,341.940430,69.556213,530.531860,90.338226,84.619339,20.425413,220.630005,83.014191,83.947113
2024-07-29,216.179321,419.338013,149.078308,202.348129,108.022964,161.004608,336.135468,69.631157,530.843689,90.485214,85.074326,20.333570,220.320007,83.440529,83.947113
2024-07-30,216.734024,415.593964,151.682663,206.513107,109.948936,153.206909,333.393951,69.574944,528.154236,90.577110,85.401932,20.269281,222.520004,84.089302,83.956268
2024-07-31,219.983032,411.103119,148.410782,204.219467,110.339722,152.316269,337.764771,71.551292,536.739197,91.064095,86.275505,20.737673,226.550003,83.792717,83.974556
2024-08-01,216.298157,409.884583,151.146759,199.574677,108.813820,156.987335,323.442474,73.424606,529.138428,91.445648,87.019630,20.489700,225.770004,84.636108,83.994774
2024-08-02,217.783997,401.413910,154.324615,191.110306,108.748688,161.146744,313.051941,74.183296,519.286682,92.468666,89.731293,20.113152,225.339996,84.589775,84.040703
2024-08-05,207.294006,388.304993,151.607452,187.041229,106.785484,159.232834,309.081116,71.822922,504.163177,92.394951,90.206085,20.076418,222.479996,82.170807,84.040703
2024-08-06,205.273270,392.687744,149.463806,192.261887,106.217934,159.261261,318.486237,72.094559,508.811279,91.841934,88.188271,19.911104,220.699997,83.792717,84.059090
2024-08-07,207.838837,391.528168,149.397980,192.319473,107.632179,161.089905,317.861816,72.647194,505.410370,91.565460,87.567444,20.094786,220.550003,83.218102,84.077477
2024-08-08,211.295822,395.714386,150.639053,195.831909,109.688423,161.895248,327.969360,72.628456,517.094238,91.427208,87.028763,20.278467,224.009995,84.033684,84.086655
2024-08-09,214.198196,398.986694,151.015121,197.501724,110.581642,161.582596,330.018219,72.553513,519.374329,91.749786,87.886978,20.397860,224.559998,84.422951,84.105034
2024-08-12,215.725433,399.763062,150.319397,197.876022,110.721199,158.048508,327.842499,72.665924,519.647217,91.906471,88.206543,20.682568,228.410004,83.801979,84.132584
2024-08-13,219.434372,406.838348,148.918457,199.555450,109.660515,158.503311,330.545074,73.171730,528.193298,92.275116,88.818268,20.489700,228.059998,84.534157,84.141762
2024-08-14,219.880646,409.638977,149.003098,201.762726,110.674683,159.933975,329.364532,73.068672,529.859558,92.441017,89.375214,20.361124,226.199997,84.756607,84.150970
2024-08-15,222.855759,414.482452,149.576630,203.019913,111.359375,159.100189,337.218414,72.506699,538.941467,92.053925,88.653931,20.526438,226.910004,84.691719,84.160149
2024-08-16,224.174728,411.962280,149.858688,205.342300,110.834122,159.071793,335.111053,73.593208,540.149658,92.275116,88.964340,20.397860,231.990005,84.645386,84.206093
2024-08-19,224.016052,414.974670,150.084351,206.762619,111.171776,159.573944,336.252472,74.323799,545.314270,92.376511,89.375214,20.287651,231.610001,85.349754,84.206093
2024-08-20,224.630905,418.193756,150.582642,205.870148,107.466995,161.459427,334.935425,73.977242,544.427673,92.652985,90.087357,20.204994,232.460007,85.247803,84.224434
2024-08-21,224.521820,417.544067,151.776688,205.946915,106.782310,161.222549,334.613495,74.595428,546.298523,92.828117,90.142136,20.103970,232.149994,85.701942,84.242859
2024-08-22,222.667343,409.087677,152.641678,207.895065,107.607689,161.213058,334.018280,73.921043,542.010925,92.450241,89.247391,20.085604,229.369995,85.952171,84.242859
2024-08-23,224.958176,410.308350,154.315247,209.507339,109.098961,160.284546,339.920929,74.614174,547.769958,92.874168,89.831718,20.443781,232.020004,87.842873,84.279602
2024-08-26,225.295349,407.059662,154.766541,210.332642,111.434395,161.402573,342.603882,75.532097,546.464233,92.791237,89.603462,20.655014,232.759995,87.805794,84.288765
2024-08-27,226.138290,407.404236,154.368652,211.301895,110.374557,160.360336,342.564880,74.567337,547.214539,92.818893,89.448273,20.553989,233.389999,87.935555,84.307175
2024-08-28,224.611069,404.214661,155.287537,212.367142,109.286552,160.180328,339.716064,74.380005,544.037781,92.735916,89.338692,20.306019,231.750000,87.592636,84.316345
2024-08-29,227.883698,406.695404,155.581238,213.250061,110.796600,161.099365,343.072266,74.960732,544.086487,92.616127,89.046516,20.535624,232.949997,87.323860,84.316345
2024-08-30,227.100266,410.652924,157.125397,215.735611,110.618416,162.530060,347.423523,75.898758,549.280457,92.394951,88.096992,20.306019,231.289993,88.167252,84.362289
2024-09-03,220.921967,403.072662,158.356949,211.417068,108.301750,165.353561,331.949982,75.351967,537.976807,92.785088,89.537834,19.901920,230.289993,88.120903,84.395500
2024-09-04,219.017883,402.541077,158.546417,210.486191,106.979271,166.661057,328.545013,76.436096,536.875549,93.191895,90.692001,19.754974,230.429993,88.371147,84.404732
2024-09-05,220.535172,402.039001,156.301224,208.854736,106.144516,166.253632,325.432800,75.729057,535.569824,93.432236,91.204941,19.800894,232.350006,88.083847,84.413956
2024-09-06,218.988129,395.453003,155.723343,203.893188,105.647423,166.367325,321.335052,75.399101,526.556152,93.552437,91.195763,19.534557,230.630005,88.000427,84.460083
2024-09-09,219.077377,399.410522,157.835922,208.067780,107.870300,166.812668,325.901093,76.539795,532.451538,93.691116,91.589645,19.589661,231.600006,88.982834,84.460083
2024-09-10,218.284012,407.758667,158.565353,197.271408,103.940407,168.451782,326.018097,77.586220,534.770691,93.977715,92.230843,19.304955,232.619995,90.271118,84.487778
2024-09-11,220.812851,416.461151,156.140182,198.874069,102.908691,164.785049,326.837708,78.651489,540.256958,93.949982,92.157555,19.479450,232.250000,90.095009,84.487778
2024-09-12,220.921967,420.359619,155.969650,198.269501,104.324951,164.358719,331.306030,78.679787,544.807739,93.866768,91.727058,19.855999,236.330002,90.474998,84.497002
2024-09-13,220.654175,423.893768,156.803314,196.081436,104.249931,164.936661,336.896454,79.801628,547.653076,94.060913,91.974365,19.892736,238.679993,91.420341,84.543137
2024-09-16,214.525467,424.632141,158.195892,199.478668,105.713074,167.930664,339.481873,79.792183,548.461914,94.282822,92.817078,20.039680,238.660004,91.726196,84.561607
2024-09-17,214.991562,428.382874,158.271683,200.812607,107.091827,166.642090,345.072235,80.103310,548.686035,94.190369,92.368233,20.177441,237.339996,91.086685,84.570816
2024-09-18,218.859207,424.110382,157.400131,199.161972,107.466995,164.785049,346.467407,79.452820,547.058716,93.894508,91.223251,20.048864,235.509995,90.975487,84.589264
2024-09-19,226.971344,431.867798,156.140182,201.993042,108.798843,162.530060,364.214233,77.576797,556.393860,93.903748,90.920982,20.407045,239.169998,90.994019,84.607758
2024-09-20,226.306900,428.500946,155.514938,202.578461,108.114151,165.069290,359.833649,78.019875,555.432129,93.820541,90.572906,20.407045,242.210007,90.632553,84.644661
2024-09-23,224.591248,426.768372,154.624451,202.914337,110.074417,164.642944,362.126373,79.961884,556.820007,93.783562,90.380531,20.416229,242.679993,91.531563,84.653862
2024-09-24,225.483780,422.495880,154.207596,203.058273,109.783653,164.140778,376.526764,79.462242,558.413330,93.913010,90.362228,20.756039,246.070007,91.661316,84.663109
2024-09-25,224.492065,425.390137,152.142426,201.714737,107.645195,163.212234,369.033813,79.773346,557.181702,93.552437,89.611107,20.581543,245.729996,91.049614,84.681557
2024-09-26,225.632538,424.602570,152.890793,201.321259,105.797508,164.112350,381.434174,78.679787,559.390869,93.570930,89.821815,20.397860,246.979996,90.224770,84.681557
2024-09-27,225.900284,421.363739,152.900284,202.012222,108.630013,164.434479,381.551239,79.697922,558.579346,93.839050,90.288940,20.498884,245.020004,90.339729,84.709236
2024-09-30,231.067078,423.608246,153.525528,202.357727,109.943108,164.102890,381.590302,79.688492,560.817810,93.626404,89.858421,20.452965,243.059998,91.050026,84.718468
2024-10-01,224.333389,414.147766,153.459213,198.691711,112.484871,163.951263,382.829346,80.386101,555.793762,93.874001,90.507202,20.811144,245.610001,90.461220,84.737923
2024-10-02,224.898697,410.643097,152.682388,198.931671,113.976166,162.890091,384.448883,80.536949,556.028381,93.679253,89.744469,20.985643,245.660004,90.143448,84.747192
2024-10-03,223.797882,410.062317,152.047684,196.954727,114.970367,161.184631,381.560974,80.178719,555.011902,93.299034,88.899055,21.288717,245.490005,89.321007,84.765709
2024-10-04,224.918503,409.589722,151.848740,203.945358,117.080688,160.009781,387.414795,79.047440,560.055359,92.696281,87.805511,21.343822,245.000000,88.891068,84.784256
2024-10-07,219.850906,403.171143,151.128754,203.665359,117.587173,158.342209,388.546539,75.691345,554.992310,92.380989,87.143860,21.637712,244.169998,88.105988,84.802765
2024-10-08,223.897064,408.260742,151.280334,203.491562,114.463882,159.327591,378.507233,75.889313,560.241150,92.538643,87.290894,21.132587,242.369995,88.283577,84.802765
2024-10-09,227.635773,410.967957,152.189774,206.069580,114.510773,160.379303,386.536774,75.964737,564.121643,92.297531,86.794647,20.948904,241.050003,88.377037,84.812057
2024-10-10,227.139923,409.373138,152.057159,205.509583,115.495605,160.076065,386.975800,76.304108,563.134399,92.241890,86.454651,21.362190,242.820007,87.591965,84.821320
2024-10-11,225.662292,409.845673,152.957123,214.634079,115.936424,162.103683,392.224670,77.171410,566.506470,92.269691,86.105453,21.380560,245.470001,88.582649,84.867638
2024-10-14,229.381195,412.621857,153.089752,213.852005,116.377243,163.449127,384.351318,78.161278,571.139648,92.186256,86.169762,21.049932,245.070007,89.115379,84.858383
2024-10-15,231.910034,412.228027,155.458069,214.730667,112.878792,164.453445,378.536530,78.048157,566.702026,92.557175,87.217377,20.645830,245.919998,90.190186,84.886162
2024-10-16,229.857178,409.648773,155.628616,215.937592,113.169556,163.325928,384.029388,79.556519,569.165222,92.677734,87.584953,20.590725,247.149994,91.180870,84.886162
2024-10-17,230.224152,410.239471,155.808609,216.690750,112.878792,163.231201,384.878174,78.981453,569.213989,92.223328,86.197357,20.618279,248.630005,90.461220,84.904701
2024-10-18,233.050491,411.657074,156.424347,217.608017,112.559914,163.237869,384.263519,79.547089,571.403564,92.288269,86.261673,20.508070,251.270004,91.134155,84.932465
2024-10-21,234.518204,412.267426,154.254990,215.319672,112.625557,161.579559,382.334625,79.217133,570.465149,91.648399,84.754601,20.572359,251.220001,89.349037,84.951042
2024-10-22,233.903351,420.861694,154.842316,216.401077,113.207077,161.732056,380.356750,78.906029,570.162170,91.666939,84.837296,20.930538,253.929993,89.479881,84.960274
2024-10-23,228.845642,417.996918,157.125397,215.715546,112.803757,161.617676,377.683716,80.093864,564.952454,91.435112,84.607567,20.811144,250.869995,90.134109,84.960274
2024-10-24,228.657242,418.124878,155.050751,217.231461,112.165977,161.655792,378.985901,78.067017,566.174133,91.611305,85.149750,20.801960,252.800003,90.330383,84.969559
2024-10-25,229.490265,421.491699,152.407654,214.653442,112.072189,160.321548,377.918701,76.766052,565.978638,91.425835,84.671898,20.948904,253.320007,89.479881,85.006622
2024-10-28,231.463745,419.955963,153.089752,217.733551,111.518814,161.350830,382.461884,78.123581,567.728333,91.277458,84.442139,20.388678,253.330002,89.760262,85.006622
2024-10-29,231.731522,425.232605,151.659256,215.223099,109.999374,159.320847,379.426575,75.003151,568.647217,91.379478,84.570808,20.351940,256.089996,89.115379,85.025131
2024-10-30,228.191162,425.803589,152.151886,216.681091,109.445999,158.358276,371.329041,74.560066,566.926819,91.286736,84.818924,20.609095,257.500000,89.507904,85.034401
2024-10-31,224.035889,400.030731,151.441391,214.276825,109.530418,157.424271,368.352478,74.710907,555.813354,91.268196,84.956757,20.746855,253.509995,87.993843,85.052933
2024-11-01,221.060791,403.988190,151.697159,215.261703,107.814026,157.348038,371.710968,72.919724,558.159180,90.905380,83.759010,20.526438,252.470001,87.021851,85.089203
2024-11-04,220.168243,402.107880,149.906723,212.210556,111.246811,157.328979,368.665802,73.881310,556.956848,91.286789,85.059113,20.875433,252.830002,87.975159,85.107819
2024-11-05,221.596298,405.061218,150.010910,213.861649,111.575081,157.977051,375.372925,74.145271,563.691528,91.500763,85.510925,21.004011,253.399994,89.143417,85.107819
2024-11-06,220.872375,413.645630,149.565674,238.550995,113.488449,153.488205,408.183929,70.251816,577.708069,90.784439,83.168900,20.774408,245.699997,87.246162,85.126411
2024-11-07,225.592850,418.813995,148.476212,228.238846,113.629150,155.737396,399.694763,70.346100,582.174927,91.472855,84.210831,20.985643,249.649994,88.292931,85.135696
2024-11-08,225.324829,415.968933,147.282562,228.818146,113.591621,159.835480,385.164337,72.561493,584.696838,91.630989,85.280396,20.664200,247.960007,89.610733,85.182213
2024-11-11,222.614487,411.509369,146.875214,231.048599,112.991348,158.234360,388.268219,71.562218,585.253845,91.426323,84.865471,20.333570,242.139999,89.162109,85.172928
2024-11-12,222.614487,416.451355,144.601593,231.309311,112.878792,158.053299,384.811829,70.006706,583.435852,90.896088,83.593048,20.223364,240.050003,87.928429,85.182213
2024-11-13,223.498077,418.587585,145.170029,232.854202,113.929276,158.758530,378.995758,69.987854,583.719299,90.877487,82.800095,20.159075,237.630005,88.414421,85.200829
2024-11-14,226.575760,420.251282,143.872177,233.539749,114.004921,159.235062,379.279724,70.968285,579.965942,90.840263,83.279556,20.140705,237.009995,87.619995,85.200829
2024-11-15,223.378937,408.546173,145.889999,236.861267,112.822884,161.579559,376.058350,71.977005,572.537415,90.849564,83.058250,20.039680,236.589996,87.666733,85.228737
2024-11-18,226.377182,409.294373,146.619446,236.590912,113.768509,162.732758,376.440155,72.014717,574.883240,90.933281,83.205795,20.498884,241.089996,88.302277,85.238037
2024-11-19,226.635300,411.292847,144.942657,234.717712,112.179855,162.742279,374.354614,72.665199,576.984680,91.063522,83.629936,20.563173,243.250000,88.732185,85.265907
2024-11-20,227.350113,409.028564,145.046860,232.487289,113.777977,162.866196,373.541962,72.476646,577.180176,90.970512,83.362549,20.553989,244.619995,88.620033,85.275246
2024-11-21,226.873596,407.262878,147.310989,236.330200,115.300430,164.638840,381.463135,72.929161,580.278687,90.923996,83.297974,20.700937,246.660004,89.274254,85.284561
2024-11-22,228.213867,411.336853,146.998383,239.989670,115.168045,168.003082,389.198395,72.127220,582.077271,90.989105,83.344101,20.719303,249.839996,89.947189,85.312439
2024-11-25,231.192215,413.102509,147.576263,241.669739,113.447014,169.060974,397.188171,72.734596,584.051636,91.807747,85.501709,20.425413,242.479996,91.199577,85.321754
2024-11-26,233.366455,422.177521,147.557144,241.360794,111.555748,170.890839,399.322693,73.541290,587.101318,91.668190,85.169739,20.425413,242.949997,91.564064,85.321754
2024-11-27,233.237381,417.245483,148.397491,241.186996,111.262604,170.938492,395.278839,74.518806,585.322388,91.919357,85.759872,20.315205,243.490005,92.152885,85.349655
2024-11-29,235.620102,417.709045,148.025055,241.119400,111.546280,170.843170,397.638519,74.661179,588.958374,92.282181,86.645027,20.333570,245.589996,91.741653,85.368248
2024-12-02,237.863815,425.126984,147.824539,237.768906,111.442268,171.262497,394.113647,73.142685,590.014038,92.293381,86.853226,20.186626,243.440002,90.405151,85.391586
2024-12-03,240.901764,425.343994,145.494476,236.388153,111.272057,167.183456,390.931519,72.402435,590.287598,92.116074,86.103760,20.416229,243.929993,89.947189,85.410248
2024-12-04,241.259171,431.479523,143.689651,235.017059,108.066376,166.888031,391.176239,71.880470,593.953003,92.414688,87.029022,20.306019,244.669998,89.704185,85.419601
2024-12-05,241.288971,436.608795,142.782455,237.025406,108.539177,167.764832,386.740753,72.317024,592.975647,92.433357,87.204811,20.278467,242.860001,89.489220,85.428932
2024-12-06,241.090408,437.545959,142.581909,238.840668,107.394981,165.658630,386.789673,71.405945,594.099731,92.694656,87.334343,20.122337,242.949997,89.358383,85.466278
2024-12-09,244.972229,439.962708,142.858856,235.412918,106.761421,162.770874,390.931519,70.893463,591.040405,92.424011,86.529373,20.315205,245.360001,89.610733,85.475594
2024-12-10,245.984879,437.309204,142.505508,234.495651,106.543915,164.190933,380.288239,70.362000,589.202698,92.312027,86.122269,20.361124,248.589996,88.311607,85.494286
2024-12-11,244.714127,442.892395,140.032227,235.142563,105.834686,162.618393,380.758209,70.210159,593.757690,92.097404,85.308060,20.618279,250.960007,88.105988,85.503616
2024-12-12,246.173538,443.454620,139.650238,233.211441,105.740128,162.828064,372.836914,69.488884,590.698181,91.724136,84.271774,20.535624,247.279999,87.965813,85.522285
2024-12-13,246.342285,441.195679,140.013123,231.676208,104.813416,163.028198,372.572571,69.868500,590.580994,91.378830,83.411308,20.526438,244.289993,87.713463,85.550301
2024-12-16,249.231323,445.457031,137.367966,231.328613,102.572281,163.104431,371.015747,69.080788,593.102722,91.462822,83.661095,20.416229,244.880005,87.405029,85.559616
2024-12-17,251.653732,448.288055,139.812607,230.150635,102.137291,162.332458,367.960876,68.587288,590.659058,91.462822,83.864639,20.278467,243.940002,86.984459,85.568954
2024-12-18,246.262863,431.449921,138.227386,222.435822,100.633743,161.141174,356.299316,66.926476,573.055481,90.766273,82.816002,20.094786,239.259995,83.395546,85.568954
2024-12-19,247.990326,431.094757,137.110123,224.936630,99.773224,161.245987,352.852722,66.214691,572.879517,90.532234,81.562035,20.094786,239.600006,82.105782,85.581146
2024-12-20,252.656494,430.670654,137.960022,229.416809,100.113647,160.169037,358.404419,68.017860,579.760315,90.775635,82.026466,20.223364,242.100006,83.489014,85.618660
2024-12-23,253.430832,429.338959,138.723969,230.179581,100.520264,160.216721,357.768005,68.796082,583.232117,90.494789,81.274094,20.238842,240.960007,83.815521,85.618660
2024-12-24,256.339752,433.363525,139.277817,233.964584,100.614822,161.007736,359.902496,69.194687,589.714661,90.597763,81.617783,20.354935,241.440002,84.372284,85.637405
2024-12-26,257.153778,432.160126,139.019989,234.766022,100.699928,162.170456,359.461884,68.682205,589.753967,90.663284,81.571335,20.296886,243.070007,84.598747,85.656151
2024-12-27,253.748535,424.683075,138.513885,232.863861,100.690468,161.570038,357.249054,68.435448,583.545898,90.476051,80.902557,20.393631,241.399994,83.749458,85.693649
2024-12-30,250.382965,419.060425,136.880920,231.077591,100.009628,159.244614,355.437653,68.103279,576.886719,90.831818,81.552757,20.577446,240.630005,83.334251,85.693649
2024-12-31,248.615799,415.775696,138.103241,231.454163,101.721222,159.778290,355.192871,68.036858,574.788086,90.719452,81.116180,20.683863,242.130005,84.060867,85.712387
2025-01-02,242.093140,412.895355,137.530289,231.734161,101.475349,158.186707,352.265228,67.960938,573.375732,90.728836,81.339119,20.887026,245.419998,83.315369,85.731125
2025-01-03,241.606644,417.600555,137.692642,234.901184,101.995438,157.376633,356.201355,68.321556,580.544861,90.635208,81.079063,20.780607,243.490005,84.410011,85.740509
2025-01-06,243.234863,422.039429,137.186523,233.755951,101.881958,153.059296,356.602844,67.609779,583.889160,90.541595,80.716805,20.819305,243.190002,83.324821,85.749886
2025-01-07,240.464951,416.633850,139.640686,236.007614,102.837051,153.726456,355.427856,66.841057,577.288818,90.223274,79.806549,20.916050,244.559998,82.532135,85.768639
2025-01-08,240.951401,418.794159,135.859161,235.968781,101.116013,154.488907,353.538116,67.059334,578.132202,90.326248,79.908699,20.877352,245.860001,82.749184,85.787392
2025-01-10,235.143570,413.260345,135.658615,232.804825,100.747215,151.115128,343.678162,63.946468,569.305603,89.820702,79.379257,21.438467,248.210007,80.729767,85.815529
2025-01-13,232.711212,411.524200,137.960022,237.016983,103.347694,151.381958,354.938263,63.547886,570.188354,89.736435,79.351379,21.593256,245.740005,81.720596,85.824898
2025-01-14,231.599289,410.024872,138.227386,240.180954,103.754318,152.239700,363.819092,64.515915,570.972900,89.764519,79.221352,21.583582,247.029999,82.466087,85.843628
2025-01-15,236.156204,420.520355,138.437485,244.917236,105.446991,152.153946,367.069824,65.759148,581.359009,90.541595,80.586777,21.931862,248.880005,82.937912,85.853004
2025-01-16,226.615417,418.813843,141.111328,246.780670,105.267319,152.964020,372.611725,67.733154,580.240845,90.738197,80.846825,21.835117,250.600006,84.655373,85.853004
2025-01-17,228.323059,423.203461,140.404663,251.526642,106.212944,153.564438,377.967621,67.154243,586.066406,90.738197,80.986176,21.738373,249.270004,84.598747,85.899879
2025-01-21,221.035965,422.680634,141.474197,255.282684,105.409164,154.126770,391.480164,67.239655,591.431030,91.037773,81.710670,21.631956,253.130005,86.184097,85.899879
2025-01-22,222.217361,440.140259,138.723969,255.098236,103.574654,157.004929,390.743103,64.999908,594.755615,90.822433,81.283386,21.612606,254.429993,84.683678,85.918633
2025-01-23,222.048584,440.643311,140.032227,258.116669,104.160934,158.348709,399.381287,65.702209,598.002014,90.672646,80.651756,21.535212,254.070007,85.306496,85.918633
2025-01-24,221.174942,438.029327,140.204102,257.039307,102.751945,157.367828,400.590088,69.118767,596.256165,90.822433,81.014030,21.544886,255.649994,85.599022,85.956146
2025-01-27,228.203918,428.658325,146.000595,258.019623,104.179832,162.679886,388.158539,70.067810,587.821899,91.328018,81.970741,21.215956,252.990005,86.740852,85.965492
2025-01-28,236.543365,441.126709,143.603729,259.271606,102.165657,159.352661,383.549561,66.945457,592.872742,91.299896,81.914986,21.235306,255.179993,85.693382,85.965492
2025-01-29,237.635468,436.322815,144.339005,258.728058,102.761398,159.390991,386.438782,67.277603,590.214844,91.243744,81.747826,21.274002,254.199997,84.561005,85.974884
2025-01-30,235.878235,409.354065,145.981491,260.329468,103.612473,160.522461,368.503998,67.666725,593.382690,91.374825,82.054337,21.293350,258.049988,85.636780,85.984261
2025-01-31,234.299667,409.423157,145.293930,259.426880,101.021446,159.160889,365.025085,67.913467,590.224792,91.187592,81.515602,21.254652,258.559998,85.448044,86.012398
2025-02-03,226.367264,405.339386,145.026581,258.951294,101.267303,161.816910,355.305908,67.429459,586.252747,91.273987,82.179314,21.419117,259.940002,85.268745,86.036827
2025-02-04,231.122742,406.769714,146.573578,260.048004,103.981255,161.212845,355.699005,66.338058,590.185486,91.443062,82.431007,21.477165,262.500000,85.334808,86.036827
2025-02-05,230.795120,407.677216,147.719498,262.464691,103.905609,162.056641,352.652527,65.673729,592.578430,91.931526,83.791946,21.341722,264.130005,86.533249,86.046242
2025-02-06,231.539703,410.172821,146.592651,268.744110,102.534447,161.931992,359.138550,65.740166,594.637939,91.837585,83.754654,21.351397,263.429993,86.750282,86.065086
2025-02-07,225.989990,404.185272,146.220215,267.676483,102.969429,161.059448,357.595673,64.791115,589.194946,91.546387,83.213997,21.361071,263.899994,86.467186,86.083893
2025-02-10,226.258331,406.621735,147.289749,263.056732,104.936348,160.637527,356.947052,66.148247,593.196289,91.574577,82.962311,21.670652,268.369995,86.429436,86.093292
2025-02-11,231.197937,405.852325,149.094589,266.890381,105.598282,162.459366,355.974182,66.746147,593.647400,91.367935,82.431007,21.835117,267.390015,86.806900,86.102676
2025-02-12,235.421982,403.484955,148.263794,267.336853,102.421173,162.603195,345.960144,65.749649,591.734985,90.888885,81.312393,21.593256,267.670013,86.004791,86.112106
2025-02-13,240.053497,404.964539,150.164139,268.181213,103.165367,163.983932,347.591522,65.104301,597.982361,91.433670,82.664024,21.699677,270.309998,86.863518,86.130936
2025-02-14,243.104721,402.883240,149.113708,268.443237,103.270317,156.188431,347.218018,64.591820,597.952881,91.771835,83.102142,21.709351,266.290009,86.467186,86.159142
2025-02-18,242.975525,404.076813,149.190704,271.704315,105.083084,158.623917,347.886261,65.009399,599.708374,91.405502,82.123390,22.028605,270.700012,86.854095,86.177971
2025-02-19,243.373047,409.137115,151.982178,271.024933,105.235733,159.640320,346.903534,65.540863,601.120605,91.536987,82.225899,22.202745,270.850006,86.920143,86.187370
2025-02-20,244.327194,411.301666,153.705215,258.941589,106.857674,160.330719,343.120056,66.565842,598.619751,91.677902,82.533539,22.231768,270.989990,87.335358,86.206184
2025-02-21,244.048920,403.473541,156.227173,256.457001,105.607826,163.226440,334.167389,67.932457,588.380981,92.072403,83.530952,21.922186,270.739990,86.476631,86.234413
2025-02-24,245.589432,399.312408,157.613297,253.642410,106.161194,163.523697,333.066711,67.192200,585.703552,92.232101,83.773308,21.844791,272.209991,86.816345,86.243820
2025-02-25,245.529800,393.283203,159.875366,249.818481,104.691910,165.546890,336.447296,67.647736,582.790771,92.805092,85.218147,21.602932,268.619995,87.882675,86.243820
2025-02-26,238.890640,395.091980,156.977997,251.167526,104.434303,164.252426,336.663513,67.391502,583.084839,92.955376,85.721512,21.419117,269.029999,87.514633,86.262650
2025-02-27,235.849335,387.975494,157.603653,251.419846,105.092621,164.894867,334.128082,65.844566,573.777832,92.814491,85.115623,21.448141,264.929993,87.863800,86.272034
2025-02-28,240.361588,392.383759,158.845413,256.854889,106.218452,166.687912,338.009888,67.143021,582.731873,93.227776,86.159645,21.283676,263.269989,88.609291,86.290863
2025-03-03,236.574875,383.982391,161.020844,252.943619,102.812363,168.365921,326.305542,68.530479,572.522461,93.429420,86.561729,21.148235,266.739990,89.024490,86.308777
2025-03-04,234.487717,384.100952,159.230438,242.879089,102.602455,166.055069,321.106934,67.793686,565.745667,93.193878,85.495728,21.215956,269.059998,87.995911,86.308777
2025-03-05,234.298874,396.366974,158.941666,244.121338,100.598877,167.426254,332.644135,67.439651,571.826111,92.873512,84.813095,21.157909,269.619995,88.977318,86.318214
2025-03-06,233.891403,392.284943,159.625107,239.278336,102.678780,167.474197,335.120667,66.989937,561.675598,92.779289,84.532562,21.051491,268.250000,86.693665,86.327660
2025-03-07,237.608536,388.746429,160.452942,235.143829,104.014496,168.711090,344.250183,69.688286,564.823669,92.666222,84.261414,21.235306,268.390015,87.212669,86.365417
2025-03-10,226.089355,375.749023,161.425125,225.380127,106.666870,169.008347,339.248108,72.874626,549.779236,93.109085,85.140373,21.099863,266.040009,86.372826,86.374832
2025-03-11,219.489975,376.035706,159.654007,222.390854,104.148079,165.997543,333.902008,70.836510,545.209045,92.779289,84.532562,21.215956,269.160004,85.363106,86.384293
2025-03-12,215.653564,378.822937,156.756592,221.187378,104.119453,161.442947,332.290375,69.774391,548.102234,92.506042,84.027618,21.215956,270.329987,85.098885,86.393745
2025-03-13,208.398178,374.375122,156.891373,218.557205,103.680573,161.653900,327.553589,69.592583,540.795715,92.788712,84.766335,21.138561,275.130005,83.419182,86.412605
2025-03-14,212.184906,384.051575,156.718109,225.593658,106.762283,161.059448,333.774323,70.377213,551.966309,92.600266,84.317490,21.254652,275.239990,85.089462,86.431488
2025-03-17,212.691788,384.189972,156.746979,227.039764,108.536880,162.775772,336.722473,68.999336,556.222656,92.722763,84.738289,21.399771,276.730011,86.542679,86.450363
2025-03-18,211.389786,379.070068,158.104218,228.049133,108.422379,160.810120,330.894867,67.650154,550.210938,92.816986,84.822441,21.351397,279.959991,86.089722,86.450363
2025-03-19,213.924210,383.320160,156.891373,232.067200,110.111122,161.634750,332.771881,67.458778,556.203064,93.090225,85.261948,21.486837,281.109985,86.193527,86.459785
2025-03-20,212.791168,382.351563,156.920242,231.970123,110.578621,160.656708,330.442841,68.080750,554.594604,93.146744,85.318054,21.525536,280.750000,86.136909,86.478668
2025-03-21,216.935684,386.720276,157.507431,234.512955,110.196976,159.832092,329.980927,67.822380,554.777588,93.033676,84.813095,21.399771,278.489990,85.183815,86.506981
2025-03-24,219.380646,388.519135,157.180130,240.753586,110.483223,158.834869,335.769287,67.047340,564.712952,92.675659,83.943451,21.477165,277.250000,86.495506,86.506981
2025-03-25,222.382187,390.574951,154.995087,243.733154,111.236938,156.150085,336.702881,65.631172,566.070374,92.760452,83.934128,21.506187,278.470001,85.524994,86.516426
2025-03-26,220.175735,385.445190,155.668900,243.636093,112.839790,159.726593,335.218933,66.722008,559.312439,92.534309,83.382393,21.477165,278.239990,85.858658,86.525871
2025-03-27,222.481567,386.048157,157.026123,240.811798,112.477249,161.768997,333.440125,67.009071,557.827148,92.487206,83.139305,21.535212,281.970001,85.639397,86.544724
2025-03-28,216.567917,374.404785,157.584442,235.697037,112.324600,161.116959,323.996155,67.410942,546.593323,93.024269,84.289459,21.467491,284.059998,85.524994,86.573059
2025-03-31,220.772079,371.034393,159.634720,238.074860,113.469490,163.408646,324.104218,67.831955,550.262573,93.203293,85.121681,21.767397,288.140015,86.316261,86.573059
2025-04-01,221.825592,377.755493,147.515823,236.483200,113.574455,163.542877,324.860962,67.860664,551.816772,93.548317,85.859306,21.777071,287.570007,86.354408,86.592934
2025-04-02,222.521317,377.706085,149.546860,238.579559,113.221436,162.526474,328.880280,67.439651,555.308838,93.444336,85.802994,21.912512,288.160004,86.878746,86.602425
2025-04-03,201.947876,368.780792,153.839981,221.954117,107.267937,165.297577,300.479401,69.028038,527.942871,93.935905,86.197144,21.032143,286.420013,83.913826,86.611870
2025-04-04,187.228394,355.664764,147.506180,205.343445,99.549370,157.013062,283.104767,64.023651,497.035400,94.020973,87.135612,20.267866,279.720001,80.272026,86.640320
2025-04-07,180.350723,353.707764,144.984222,209.405777,98.213654,153.637848,275.223236,62.253452,496.150116,92.829887,84.507919,19.948610,273.709991,78.165131,86.649757
2025-04-08,171.365952,350.446075,144.387421,211.778717,96.143295,151.873566,269.208954,61.344440,488.379028,92.347809,82.912560,19.503588,275.200012,76.067772,86.668701
2025-04-09,197.634415,385.959198,145.321121,228.838593,100.942345,155.641891,295.811432,64.664742,539.668274,92.555748,83.400551,20.209818,285.380005,80.605705,86.668701
2025-04-10,189.255920,376.925232,143.126434,221.778336,95.341858,156.830856,284.166107,63.841862,516.020569,91.827858,81.101349,19.958282,292.350006,78.765739,86.678169
2025-04-11,196.938675,383.942871,146.052689,230.654922,98.404480,160.043030,288.382019,62.971096,525.227783,91.733330,81.542397,20.248516,297.929993,79.728622,86.716057
2025-04-14,201.281982,383.310303,148.584290,229.209671,98.642998,162.171692,292.971344,64.770004,530.323303,92.272141,82.124237,20.258190,296.230011,81.377914,86.716057
2025-04-15,200.904266,381.254395,147.871964,227.657013,98.366310,161.538864,288.362335,64.741302,528.837830,92.461212,82.415169,20.209818,297.779999,81.625793,86.735008
2025-04-16,193.082397,367.298248,148.151123,224.219650,99.406273,159.544434,285.129211,62.808434,517.082825,92.754265,82.875008,20.461351,307.470001,81.568588,86.744469
2025-04-17,195.775818,363.512665,151.577911,226.514481,102.010925,163.610001,289.168182,63.449524,517.820618,92.517937,82.143028,20.674191,306.119995,82.788864,86.782356
2025-04-21,191.979187,354.953186,151.048477,223.614197,100.513000,159.921432,281.169708,61.889854,505.495148,91.960190,80.707176,20.500050,315.589996,81.063316,86.791824
2025-04-22,198.518967,362.563782,151.847443,230.059250,103.327560,161.976532,287.519135,63.765305,518.646912,92.130348,81.157646,20.596794,311.109985,82.636337,86.791824
2025-04-23,203.349258,370.046021,149.566101,235.225067,102.440262,159.902130,292.061432,64.368134,526.683594,92.357208,81.945946,20.442003,303.649994,82.788864,86.810776
2025-04-24,207.096191,382.806152,149.132935,238.896790,103.642403,153.920151,303.012360,63.487804,537.769836,92.867699,82.809341,20.625816,308.070007,83.093956,86.810776
2025-04-25,208.000641,387.303406,148.796051,237.832382,103.585167,155.357758,302.607574,63.239025,541.655334,93.208015,83.419327,20.654840,304.730011,82.950943,86.848648
2025-04-28,208.855362,386.621460,149.537247,237.510132,103.642403,156.158569,303.209930,63.334713,541.861816,93.463249,83.944855,20.538748,309.070007,83.465752,86.858131
2025-04-29,209.918854,389.467987,150.076263,238.877258,103.384804,156.554153,303.545654,64.348984,545.275269,93.690117,84.648705,20.277538,306.059998,83.913826,86.858131
2025-04-30,211.200958,390.673828,150.461304,238.877258,100.780159,156.853271,305.392120,63.994946,545.491699,93.605042,83.963623,19.900236,303.769989,84.209373,86.867592
2025-05-01,212.015961,420.464142,148.680542,241.093979,100.923256,154.354324,310.023346,63.200756,549.357483,93.349937,83.537880,19.996981,297.459991,84.485832,86.888512
2025-05-02,204.094666,430.229462,150.278412,246.582031,101.333527,154.875336,319.621490,64.195885,557.512268,92.894714,82.633652,20.084051,297.980011,85.524994,86.917000
2025-05-05,197.674133,431.109192,149.200333,246.630844,98.528503,153.244766,319.058655,63.248589,554.315369,92.733475,82.172119,19.967958,306.880005,85.334312,86.917000
2025-05-06,197.296478,428.282349,148.690170,243.398560,99.902390,153.649994,316.866516,63.669613,549.682129,92.961090,82.445290,20.267866,315.480011,84.676498,86.936020
2025-05-07,195.050278,428.321899,151.414291,243.535263,99.806984,153.688599,316.274017,64.454239,551.993835,93.103348,82.793770,20.016331,310.750000,84.771835,86.936020
2025-05-08,196.282715,433.085999,149.835632,247.519501,101.199951,153.071091,320.184326,65.372833,555.840027,92.619667,81.870689,20.277538,304.630005,84.438164,86.955017
2025-05-09,197.316345,433.639465,148.449524,247.138641,102.383011,152.115891,321.537201,67.276985,555.131836,92.714523,81.993141,20.432329,306.839996,85.000641,86.983536
2025-05-12,209.776123,444.047302,148.372528,253.944992,104.148079,155.241989,338.254883,66.683731,573.477539,92.401543,81.230209,20.567772,298.190002,85.420120,86.983536
2025-05-13,211.905838,443.928711,142.885803,256.835571,104.434303,153.148270,348.119659,68.999336,577.264709,92.306717,80.900536,20.887026,299.459991,84.333298,87.002533
2025-05-14,211.308701,447.684570,140.883621,259.403839,103.499306,152.463257,345.275757,69.075882,578.002441,92.041161,80.363647,20.780607,293.160004,83.503883,87.002533
2025-05-15,210.432953,448.694611,144.012024,261.210327,104.548836,156.698883,345.423859,71.334084,580.825623,92.562767,81.070084,20.577446,297.839996,85.029251,87.012039
2025-05-16,210.243881,449.823425,145.667648,261.278748,104.173325,157.538284,349.146576,71.764664,584.504578,92.619667,81.286728,20.500050,294.239990,86.087463,87.050064
2025-05-19,207.775803,454.378418,146.784256,258.661652,102.517166,158.975876,348.149231,70.673843,585.144043,92.591209,81.051231,20.471027,298.029999,86.106529,87.050064
2025-05-20,205.865036,453.685272,147.910477,259.442841,101.053596,159.815308,345.107880,71.200127,583.176514,92.429993,80.467270,20.732235,303.579987,85.601265,87.069069
2025-05-21,201.117981,448.140106,147.448425,254.911758,99.811485,159.612671,338.215393,68.453934,573.349487,91.823006,79.092079,20.703213,305.820007,83.322746,87.078560
2025-05-22,200.391479,450.407684,146.899765,254.550476,99.147110,159.226746,340.861816,64.052361,573.575806,92.088570,79.506523,20.596794,303.109985,82.941414,87.097588
2025-05-23,194.330795,445.773468,147.217422,254.589523,99.204880,160.027542,339.084381,64.836990,569.660706,92.221359,79.638397,20.712887,309.750000,83.027206,87.135597
2025-05-27,199.247025,456.180603,148.780457,259.062012,99.676689,161.860733,347.102600,65.104912,581.504333,92.638641,80.749817,20.529072,304.500000,84.476303,87.135597
2025-05-28,199.456024,452.883179,147.984360,257.304230,98.319038,161.474823,345.107880,64.310707,578.140198,92.467941,80.401337,20.461351,303.809998,84.390503,87.145096
2025-05-29,198.988281,454.190308,149.100830,258.163605,98.877502,162.632614,347.379028,66.013924,580.422180,92.809341,81.145439,20.354935,305.609985,85.153175,87.154602
2025-05-30,199.883957,455.853821,150.683289,257.802307,98.501991,163.915848,343.666199,67.592751,579.773071,93.036949,81.267883,20.200142,303.600006,85.153175,87.183098
2025-06-02,200.729874,457.448059,150.867752,258.446808,99.224136,161.880051,340.348328,67.667023,583.038818,92.792427,80.511559,20.625816,311.670013,85.267593,87.198364
2025-06-03,202.292297,458.438293,149.916321,260.018982,99.946304,160.982742,345.018982,68.438698,586.363708,92.725807,80.369728,20.761257,308.910004,85.095978,87.217430
2025-06-04,201.844482,459.329437,148.751328,258.017090,98.501991,160.114395,344.949890,67.406578,586.206299,93.277695,81.674416,20.683863,310.899994,85.334312,87.217430
2025-06-05,199.664993,463.102203,149.178497,255.800430,98.049446,157.075165,344.584534,68.969246,583.373291,93.039825,81.731140,20.780607,309.329987,85.267593,87.226967
2025-06-06,202.939178,465.775726,150.508530,259.491699,100.398849,158.252274,348.919464,69.605881,589.364014,92.564056,80.691177,20.945072,305.179993,85.677528,87.255569
2025-06-09,200.481049,468.122589,150.702698,260.477966,101.072853,156.843597,353.580322,69.355080,589.895203,92.678238,80.776268,20.964420,306.619995,85.791924,87.274635
2025-06-10,201.695175,466.310455,151.887115,262.294342,103.239334,157.113770,354.074005,70.232872,593.239685,92.887573,81.192238,20.916050,306.709991,86.526001,87.284172
2025-06-11,197.823898,467.993835,150.731827,261.854889,105.251724,156.409424,358.586731,70.416145,591.547668,93.201561,81.438057,21.254652,308.369995,86.058861,87.284172
2025-06-12,198.241867,474.182587,152.091003,261.942749,105.656136,157.441803,356.434052,71.226418,593.898743,93.544128,82.411827,21.254652,312.200012,86.478340,87.293709
2025-06-13,195.505096,470.310913,152.518158,258.730011,107.957413,154.643784,352.573090,72.133141,587.258789,93.211090,81.617683,21.912512,316.290009,85.639397,87.331863
2025-06-16,197.465622,474.450012,150.692993,264.012970,108.304047,155.222687,357.895508,71.168533,592.846191,93.020782,80.795174,21.864141,311.779999,85.706131,87.331863
2025-06-17,194.699005,473.360779,147.935822,263.192688,109.767601,152.945663,353.195190,69.316490,587.780273,93.306236,81.778412,22.328510,311.940002,85.401062,87.350945
2025-06-18,195.634476,475.539246,146.333939,267.528442,108.987686,152.463257,355.288605,69.036758,587.691711,93.372841,81.920227,22.386557,310.260010,85.696587,87.370018
2025-06-20,200.033218,472.727020,145.421341,268.544067,110.441612,153.485992,355.999542,68.998169,586.311462,93.458473,81.768944,22.502651,310.130005,85.639397,87.389084
2025-06-23,200.530823,481.242859,146.906738,271.737274,107.591507,155.367401,361.637970,68.226501,592.102783,93.648796,82.033653,21.670652,311.079987,86.926414,87.408157
2025-06-24,199.336594,485.312592,147.751373,274.657104,104.317741,154.720963,368.342834,68.872780,598.643799,94.029404,82.629288,21.148235,306.190002,87.155220,87.408157
2025-06-25,200.590515,487.451447,147.838745,277.391357,104.346634,153.379852,366.920868,67.850296,598.979248,94.019882,82.733261,21.119211,307.119995,85.057846,87.417694
2025-06-26,200.033218,492.580780,147.576599,281.971222,105.906487,153.051804,377.091766,68.477287,603.665588,94.276779,83.149261,21.196606,306.779999,84.978905,87.427231
2025-06-27,200.112854,491.085541,147.964951,280.369751,105.319138,154.238556,379.886261,68.380829,606.664795,94.010361,82.619820,21.090187,301.220001,85.190697,87.465370
2025-06-30,204.183151,492.541168,148.295044,283.104004,103.797798,153.717545,383.342377,66.962852,609.565369,94.390968,83.432892,21.099863,304.829987,85.739449,87.474922
2025-07-01,206.820435,487.233643,151.372574,283.592285,105.184319,155.550705,386.018433,70.474022,609.368042,94.304115,83.639748,21.215956,307.549988,86.365219,87.490219
2025-07-02,211.418213,486.283051,151.023071,285.144958,106.927139,155.531418,393.434235,70.435440,612.130554,94.189560,83.108337,21.564234,309.250000,86.567383,87.499779
2025-07-03,212.522858,493.957214,151.459946,290.443604,108.034424,155.174438,392.871399,71.264992,616.954956,93.998634,82.529480,21.554560,307.140015,86.663658,87.547615
2025-07-07,208.940170,492.848145,150.741531,286.489227,106.984901,154.856049,386.600983,72.104202,612.357483,93.664528,81.741867,21.535212,307.369995,85.922371,87.557205
2025-07-08,208.999878,491.758881,151.246368,277.471741,109.950546,152.337814,389.346161,69.895248,612.022034,93.626343,81.637482,21.602932,304.160004,85.797218,87.557205
2025-07-09,210.124451,498.581451,151.722092,277.844635,109.575043,151.980835,397.137207,71.043137,615.692139,94.017731,82.491524,21.564234,305.519989,85.864609,87.566750
2025-07-10,211.388351,496.571350,153.090942,282.780212,110.663078,152.916733,403.210083,71.998093,617.428528,93.989113,82.548470,21.496511,306.200012,86.403725,87.585892
2025-07-11,210.144348,498.393311,152.323990,281.475159,111.144516,151.527359,400.830322,71.766594,615.257996,93.597725,81.409744,21.777071,309.140015,86.413353,87.605034
2025-07-14,207.616577,498.096252,152.246353,283.280640,109.690575,148.353058,400.682190,72.383942,616.432129,93.588158,81.238922,21.593256,308.010010,86.971725,87.614601
2025-07-15,208.104218,500.868866,150.644440,281.170990,108.718079,147.311020,399.566406,72.055969,613.797852,93.311325,80.669556,21.554560,306.730011,85.691322,87.624176
2025-07-16,209.149170,500.670837,159.974167,280.454712,108.063316,148.324112,407.703094,72.123497,615.849976,93.444969,80.783424,21.583582,308.260010,86.500000,87.643311
2025-07-17,209.009857,506.691315,158.226669,284.458099,107.514488,150.147659,412.828003,72.518982,619.618774,93.483154,80.764465,21.757721,307.589996,86.403725,87.643311
2025-07-18,210.164261,505.057434,158.925659,285.802399,103.768898,150.669296,408.522644,73.261726,619.164917,93.654984,80.887810,21.796419,308.390015,86.586647,87.681580
2025-07-21,211.457993,505.067322,159.566437,285.507996,104.038506,150.601303,406.411682,73.473946,620.338989,93.912735,81.609016,21.748047,313.130005,86.942841,87.700729
2025-07-22,213.368759,500.324249,163.032288,285.959381,104.510315,153.797348,413.468140,74.795448,620.427734,94.094101,82.102463,21.709351,316.100006,88.435059,87.710289
2025-07-23,213.119980,500.918335,164.168182,291.189301,105.848709,153.758469,423.775330,70.242523,625.706055,93.884087,81.646980,21.651302,312.179993,88.608345,87.719849
2025-07-24,212.731842,505.879303,164.614761,290.983246,106.676781,154.273315,425.688141,69.422600,625.913269,93.826805,81.504623,21.670652,310.269989,88.300285,87.719849
2025-07-25,212.851288,508.681641,163.391525,293.014435,106.301270,153.777893,429.880371,69.306847,628.557251,93.979546,82.017075,21.448141,307.399994,88.309898,87.748550
2025-07-28,213.020462,507.483490,161.372177,292.680786,107.302658,152.621887,429.077637,68.814896,628.399414,93.855453,81.485649,21.670652,305.410004,86.894714,87.758125
2025-07-29,210.253830,507.552795,163.207047,291.464081,108.689186,152.136169,426.213409,69.403305,626.741943,94.361382,82.861618,21.951210,306.250000,88.290642,87.767700
2025-07-30,208.044510,508.216217,162.381836,294.005463,107.745583,148.512726,430.247070,68.477287,625.952698,94.094101,82.434601,21.902838,300.959991,87.039124,87.777260
2025-07-31,206.571625,528.277832,159.935349,290.679077,107.495224,146.171585,434.112274,68.544815,623.604675,94.141823,82.482033,21.719025,302.959991,85.816467,87.786835
2025-08-01,201.406601,518.979797,162.449814,283.938080,105.569481,146.346420,424.865540,67.908180,613.383484,94.955963,83.654648,21.370747,309.109985,85.604668,87.824265
2025-08-04,202.371918,530.396973,166.051590,288.736267,103.383751,146.453293,429.830841,68.033569,622.706787,95.032593,83.883263,21.293350,310.910004,86.480743,87.833885
2025-08-05,201.943970,522.584229,165.760361,285.900482,103.258575,146.210419,430.356110,68.660568,619.549622,95.061310,84.140465,21.109537,311.160004,86.875450,87.833885
2025-08-06,212.224289,519.801697,165.614731,285.880859,102.555687,148.493301,423.904175,68.043213,624.295227,95.022987,83.654648,21.061165,310.500000,86.201553,87.862686
2025-08-07,218.971695,515.741821,166.527298,281.553650,102.016472,149.105301,413.398743,70.011017,623.772278,94.946388,83.511787,21.128885,313.119995,86.451859,87.862686
2025-08-08,228.246872,516.930054,168.274811,283.339539,102.834923,149.124710,412.804077,69.847031,628.636169,94.764404,83.149788,21.128885,313.049988,85.739449,87.891472
2025-08-11,226.343872,516.662842,168.750534,284.124481,101.900932,150.552719,404.895294,69.885612,627.393127,94.831451,83.245049,21.157909,308.549988,85.171455,87.901093
2025-08-12,228.804794,524.059631,167.740829,287.352753,102.189789,150.659592,409.028076,69.316490,634.072266,94.831451,82.825912,21.070841,308.269989,85.652809,87.910683
2025-08-13,232.471252,515.484436,169.333023,285.076263,103.605217,150.970459,410.009308,69.740921,636.242859,95.176262,83.511787,21.041817,309.209991,86.451859,87.920280
2025-08-14,231.923279,517.365723,169.624268,288.638153,103.393387,149.348175,413.775360,69.683037,636.301941,94.908051,82.892616,21.128885,307.250000,85.835716,87.929878
2025-08-15,230.737671,515.078308,171.488266,285.037048,103.490562,149.950455,404.152008,72.740845,634.812317,94.764404,82.302010,21.061165,307.429993,86.326706,87.968323
2025-08-18,230.040237,512.038391,171.109650,286.057526,103.714096,151.271591,408.958740,73.039871,634.674133,94.659035,82.063858,21.080515,306.950012,85.595047,87.968323
2025-08-19,229.711456,504.780182,172.614456,285.203857,104.394371,153.875031,412.377960,73.801903,631.230896,94.841011,82.540146,20.916050,305.269989,87.068001,87.987495
2025-08-20,225.178177,500.769836,173.624115,286.754150,105.473106,154.953323,416.837799,73.483589,629.553772,94.898476,82.721115,21.148235,308.359985,87.318306,88.006706
2025-08-21,224.072281,500.125153,173.711487,285.998657,106.153397,154.195602,414.161896,73.387131,627.028015,94.678192,82.311531,21.274002,307.290009,87.058380,88.006706
2025-08-22,226.921768,503.090729,174.060989,290.679077,108.145645,154.137329,431.783264,73.618629,636.657166,95.204994,82.921173,21.361071,310.579987,88.743126,88.035515
2025-08-25,226.323975,500.144989,173.206665,289.364258,108.592690,151.689316,428.443329,72.654030,633.855286,95.061310,82.683037,21.467491,309.829987,88.232887,88.045113
2025-08-26,228.466034,497.943085,172.600311,292.965363,108.349731,151.514450,427.412598,72.191010,636.509216,95.176262,82.635414,21.303026,312.079987,88.001839,88.054703
2025-08-27,229.641724,502.604736,172.893707,293.662018,109.574249,152.476181,428.810028,71.274643,637.959534,95.272034,82.540146,21.322374,312.709991,88.550583,88.064323
2025-08-28,231.704086,505.481079,171.583252,295.418427,110.157349,151.203598,431.030029,70.076088,640.218750,95.386955,83.083115,21.457815,315.029999,88.319527,88.073929
2025-08-29,231.285629,502.555115,173.265320,295.761871,111.070869,152.553879,415.301605,70.037209,636.400574,95.262444,82.492523,21.486837,318.070007,88.800888,88.112312
2025-09-02,228.874542,500.997925,174.135712,294.074158,111.459610,153.476761,412.338287,70.620445,631.684753,95.009727,81.878632,21.835117,325.589996,87.327934,88.133522
2025-09-03,237.592331,501.226074,174.077042,293.887726,108.757904,153.651596,411.416595,69.628937,635.108154,95.355659,82.777473,21.641630,328.140015,87.376068,88.143150
2025-09-04,238.897507,503.824677,174.820282,298.116821,109.234100,154.642487,416.471100,68.890175,640.416016,95.740036,83.408546,21.486837,326.690002,88.030716,88.162422
2025-09-05,238.807846,490.960541,174.497559,288.854034,106.153397,155.448761,419.305573,68.919334,638.561279,96.191689,84.680283,21.312700,331.049988,89.022316,88.191322
2025-09-08,237.004517,494.134430,174.204178,287.411621,106.755920,154.467606,419.008270,67.820900,640.130005,96.518425,85.808594,21.457815,334.820007,88.502441,88.200958
2025-09-09,233.487503,494.342712,173.059967,292.258881,107.533394,154.904770,414.360077,68.112518,641.609985,96.326241,85.320930,21.515862,334.059998,88.300285,88.210602
2025-09-10,225.955307,496.286713,171.915756,294.898376,109.331291,152.855042,419.137115,69.055420,643.464722,96.518425,85.808594,21.660976,335.260010,88.155869,88.220215
2025-09-11,229.183411,496.921509,174.566040,299.824158,108.981430,154.098480,427.531525,69.327606,648.812012,96.700996,86.382294,21.496511,334.760010,89.763603,88.229851
2025-09-12,233.208542,505.738953,174.135712,301.148804,109.000862,153.389328,427.670288,69.638657,648.594910,96.614532,86.009392,21.622280,335.420013,89.349632,88.258781
2025-09-15,235.828842,511.154388,173.490265,303.101440,109.185509,152.349884,432.050873,69.502571,652.048035,96.777863,86.210182,21.815767,338.910004,89.205223,88.268410
2025-09-16,237.273514,504.885986,172.570999,303.385986,111.449883,153.535049,436.738647,67.879227,651.150208,96.816315,86.391861,22.038280,339.589996,88.733498,88.278053
2025-09-17,238.110428,505.857971,173.294678,305.897949,112.042709,155.749908,446.639526,68.345810,650.341248,96.643349,86.171944,21.806095,336.970001,88.617973,88.287666
2025-09-18,237.004517,504.300812,170.321671,307.350189,110.721008,152.825897,462.794098,68.812408,653.379944,96.374275,85.282692,21.709351,335.619995,88.810516,88.297302
2025-09-19,244.596466,513.703491,172.306931,308.871063,109.642273,151.582474,462.377899,69.094299,656.615967,96.374275,85.120132,21.535212,339.179993,88.232887,88.335846
2025-09-22,255.137512,510.251831,170.370575,306.574982,108.864799,148.697311,467.888245,70.328819,659.722534,96.258949,84.814148,21.535212,345.049988,88.252136,88.345490
2025-09-23,253.493591,505.074432,172.688339,306.869354,110.740440,148.143600,467.055786,70.299660,656.131287,96.412735,85.406990,21.757721,346.459991,88.733498,88.345490
2025-09-24,251.381409,505.986908,172.795914,307.536621,111.333260,148.065872,465.598877,71.767487,654.043701,96.230148,85.081886,21.902838,343.320007,87.860718,88.364754
2025-09-25,255.924606,502.892334,173.812973,307.566071,112.334251,147.803589,459.583008,72.564575,651.026306,96.095604,85.081886,22.057627,344.750000,87.598305,88.364754
2025-09-26,254.519821,507.286194,175.749359,310.127014,113.918343,148.143600,461.604828,73.731041,654.756042,96.162865,85.005386,22.067303,346.739990,88.463303,88.393669
2025-09-29,253.493591,510.400513,177.617279,309.764008,111.002846,149.144150,467.402649,74.080986,656.596191,96.345451,85.703407,21.883490,352.459991,88.492470,88.403305
2025-09-30,253.692886,513.723267,181.333527,309.508850,109.574249,149.260712,472.893219,73.381104,659.069519,96.335838,85.454803,21.796419,355.470001,88.852066,88.403305
2025-10-01,254.509842,515.468811,181.949615,304.877472,108.835640,148.804138,476.530487,76.472267,661.315369,96.581688,85.675491,21.757721,356.029999,88.988136,88.423607
2025-10-02,256.183624,511.531311,181.881180,301.776794,108.155373,147.706436,486.193481,75.995964,662.077026,96.687729,85.924965,21.612606,354.790009,88.521629,88.433281
2025-10-03,257.070374,513.128113,184.482559,304.210236,110.069885,147.920166,493.408539,77.823433,662.067200,96.581688,85.761841,21.680326,357.640015,88.852066,88.452614
2025-10-06,255.745300,524.256592,184.013123,304.851135,110.983398,146.113297,490.960571,79.816170,664.441528,96.369583,85.080589,21.902838,364.380005,88.016220,88.471947
2025-10-07,255.536087,519.704041,184.727051,303.381989,111.041718,148.182434,482.367920,80.885437,661.978088,96.533470,85.569939,21.989906,366.260010,87.695503,88.471947
2025-10-08,257.110229,520.566833,185.509415,299.773224,110.808472,146.385300,497.640411,81.692253,665.925537,96.543129,85.637100,22.018930,372.299988,87.238701,88.491280
2025-10-09,253.105026,518.136902,186.868774,301.252228,109.729744,146.278442,495.896149,81.371468,663.996399,96.427429,85.569939,21.815767,365.429993,86.762466,88.491280
2025-10-10,244.367310,506.790283,186.516693,296.677216,107.611145,145.413849,486.916962,81.021530,646.050049,96.822678,86.951660,21.351397,369.119995,85.654488,88.529938
2025-10-13,246.748520,509.855072,186.692734,303.658081,109.078606,143.276718,500.256927,81.944984,655.963013,97.005882,86.903679,21.622280,378.089996,86.198761,88.539619
2025-10-14,246.858109,509.378998,186.643845,297.850525,109.127197,144.898987,522.764282,82.275497,655.161682,97.160133,87.181946,21.380421,380.790009,87.083199,88.539619
2025-10-15,248.422333,509.240143,186.956787,301.410004,108.466354,143.208694,529.285645,83.393364,658.070313,97.121559,86.990028,21.457815,387.390015,88.346680,88.549301
2025-10-16,246.539291,507.434998,187.885864,294.360077,107.523682,145.326431,536.133972,82.674042,653.588745,97.468651,87.642487,21.419117,396.450012,88.035667,88.558968
2025-10-17,251.361481,509.388947,188.961624,293.393829,109.078606,147.075012,522.377808,82.168564,657.298584,97.333672,87.508171,21.399771,388.989990,88.609093,88.578300
2025-10-20,261.274841,512.572754,189.450577,298.126587,109.525650,147.619019,527.953735,82.401855,664.134888,97.497566,87.844009,21.612606,403.149994,89.503250,88.597618
2025-10-21,261.802887,513.435608,187.651154,292.930389,109.535378,147.288712,521.463318,81.643646,664.124939,97.593971,88.275795,21.390095,377.239990,89.250557,88.597618
2025-10-22,257.498840,516.292114,188.687775,289.992096,111.479042,147.852142,510.788574,80.525764,660.672241,97.584335,88.333351,21.728697,377.279999,89.629601,88.616974
2025-10-23,258.624634,516.311890,188.228149,290.416138,112.713272,147.861893,517.338562,80.924324,664.589966,97.410789,87.728867,22.096325,378.790009,89.571297,88.626633
2025-10-24,261.852722,519.336975,186.203735,296.233521,112.139885,149.169769,519.555054,82.051918,670.021301,97.507202,87.767250,22.106001,377.519989,89.833710,88.655632
2025-10-27,267.820679,527.182556,186.105972,299.891541,112.674400,148.436096,523.868652,83.626663,677.926025,97.574669,88.064682,22.057627,367.010010,90.086403,88.655632
2025-10-28,268.009949,537.646362,182.810226,301.084595,111.790016,148.074127,521.284424,81.235390,679.726624,97.632523,88.294968,21.854465,364.380005,88.317520,88.665298
2025-10-29,268.707397,537.130615,182.487518,301.232513,113.170021,145.530746,581.933777,79.475952,680.053101,97.169762,87.402611,21.970558,363.000000,86.043251,88.694313
2025-10-30,270.401154,521.469543,184.883499,305.107513,111.459610,146.323120,579.608093,79.359291,672.573914,96.986603,86.894073,21.980232,370.130005,86.451454,88.694313
2025-10-31,269.374939,513.584351,184.707474,306.763947,111.138901,147.095901,573.753784,79.126007,674.780029,96.928764,86.635010,22.135023,368.119995,86.674995,88.713646
2025-11-03,268.059784,512.810730,182.154999,305.018768,110.555809,144.797089,567.124329,79.495392,676.046326,96.809776,86.418343,22.299488,368.779999,86.548645,88.726265
2025-11-04,269.046173,510.132843,182.741776,304.920166,110.925095,143.965591,544.254089,79.407898,668.032776,96.858147,86.610924,22.144697,362.320007,86.694427,88.735954
2025-11-05,269.145813,503.021332,181.900711,307.316132,110.478058,142.615631,565.693115,79.845329,670.347839,96.597008,85.667213,22.076977,366.510010,86.772179,88.745659
2025-11-06,268.777130,493.043396,182.849365,309.031799,111.274956,142.948242,566.319275,79.709244,663.155396,96.954865,86.437599,22.106001,366.070007,86.354256,88.755356
2025-11-07,267.481903,492.765686,182.458176,309.810699,113.918343,143.779724,559.679749,81.585320,663.808350,96.916176,86.254631,22.154371,368.309998,87.695503,88.784454
2025-11-10,268.698578,501.870758,184.257614,312.453186,114.890182,142.331955,567.382751,82.401855,674.166565,96.877495,86.235374,22.396233,378.380005,87.646904,88.803856
2025-11-11,274.502808,504.528931,189.558151,311.200928,116.406227,145.305756,564.480469,83.364204,675.710022,97.167656,86.630188,22.541348,379.869995,88.628540,88.794151
2025-11-12,272.727661,506.968842,190.105804,315.923889,114.792999,144.787292,569.539551,83.490570,676.085999,97.128967,86.784279,22.289814,385.989990,87.967636,88.803856
2025-11-13,272.209076,499.182892,190.946869,305.146942,115.444122,144.738388,550.187744,81.643646,664.867004,96.838799,86.071655,22.173721,382.869995,86.888817,88.813545
2025-11-14,271.670532,506.016663,191.611877,299.359070,116.944038,144.454697,550.664917,81.536720,664.758118,96.722733,85.580551,22.222092,375.959991,87.073471,88.852364
2025-11-17,266.733978,503.348572,195.181442,296.164459,115.365685,142.644989,548.696899,83.354477,658.564880,96.742081,85.792397,22.193069,371.649994,86.354256,88.852364
2025-11-18,266.713989,489.760437,195.592178,295.217926,116.689140,143.789520,543.558289,82.275497,653.034668,96.800102,85.763504,22.376883,374.350006,86.704155,88.871765
2025-11-19,267.830994,483.144836,198.046860,299.023865,115.042183,143.789520,549.750488,81.915825,655.557373,96.800102,85.590164,22.154371,374.959991,86.023811,88.871765
2025-11-20,265.527252,475.413879,198.594528,294.202362,114.718666,144.963379,542.812866,81.944984,645.565247,96.916176,85.927223,21.941536,374.850006,85.664207,88.891144
2025-11-21,270.752991,469.143646,199.406219,293.847382,114.777489,147.633942,547.086792,81.697388,651.995850,97.148315,86.187233,21.796419,374.269989,87.054039,88.910568
2025-11-24,275.171021,471.011810,201.508850,293.827667,113.689323,143.779724,556.201050,82.431381,661.592285,97.341759,86.678345,21.902838,380.200012,87.287292,88.910568
2025-11-25,276.218170,473.982941,203.398453,298.757629,112.258026,145.256851,563.168518,83.018562,667.815186,97.496513,86.899834,21.786745,380.079987,88.093979,88.929947
2025-11-26,276.796570,482.439331,204.274368,303.332703,112.512924,145.022079,570.245178,83.713402,672.425415,97.651276,87.285027,22.018930,383.119995,88.482750,88.939651
2025-11-28,278.093048,488.908295,203.644501,308.696503,113.640297,144.934036,572.262939,84.447388,676.095825,97.515846,86.870941,22.309162,387.880005,88.774315,88.968765
2025-12-01,282.331512,483.671478,202.089508,304.594788,114.336342,144.229721,564.609680,82.842407,673.009155,97.094696,85.789497,22.367210,389.750000,87.753807,88.979446
2025-12-02,285.413116,486.910950,202.168243,303.569336,113.110924,142.684113,578.932129,82.773903,674.255676,97.220871,85.828156,22.270466,387.239990,87.442802,89.008644
2025-12-03,283.378632,474.718292,202.079666,307.759827,115.483337,143.515610,587.897400,83.135994,676.590515,97.405243,86.069763,22.376883,386.880005,87.666344,89.018379
2025-12-04,279.938019,477.808716,199.274780,311.674286,114.836311,142.195007,595.510925,81.609306,677.085144,97.172348,85.605888,22.434931,387.130005,87.452522,89.028114
2025-12-05,278.023224,480.114075,198.733490,310.629120,114.248116,140.326584,599.506470,81.354858,678.371338,97.065598,85.209656,22.570372,386.440002,87.355331,89.047569
2025-12-08,277.135681,487.924530,198.428391,310.796692,113.699120,135.327850,592.876953,78.829956,676.333313,96.910355,84.929390,22.289814,385.420013,86.684715,89.057297
2025-12-09,276.427582,488.918182,196.794678,296.302551,115.924484,136.589767,590.749939,77.939384,675.749573,96.823013,85.016357,22.241442,387.399994,86.354256,89.076759
2025-12-10,278.023224,475.543091,203.270508,305.768066,117.189110,136.775620,611.612427,79.534576,680.231262,97.133522,85.344948,22.376883,389.049988,86.665268,89.076759
2025-12-11,277.275269,480.422119,206.685577,312.936310,117.189110,137.695145,621.810120,79.475868,681.814087,97.152939,85.228973,22.357534,393.239990,87.044319,89.086479
2025-12-12,277.524597,475.513245,208.230728,314.060364,116.483276,139.729874,594.258545,79.906471,674.483215,96.852127,84.407516,22.173721,395.440002,86.937408,89.125412
2025-12-15,273.365875,471.826660,210.779739,315.539337,115.444122,141.970016,586.177917,79.906471,673.464172,96.949173,84.465523,22.067303,395.799988,87.209549,89.125412
2025-12-16,273.864532,473.386780,205.986832,311.131958,112.424690,142.048279,585.352905,79.583511,671.624084,97.133522,84.929390,21.844791,395.890015,86.568085,89.135139
2025-12-17,271.102081,473.118439,207.000519,310.569946,115.101006,144.591644,558.477234,78.575500,664.233826,97.104424,84.852074,22.106001,399.290009,86.888817,89.144875
2025-12-18,271.451111,480.928894,205.012497,308.617645,114.248116,142.351517,562.393250,79.123543,669.249695,97.347015,85.257980,21.951210,398.570007,86.432014,89.159515
2025-12-19,272.927155,482.856659,203.103195,312.768677,114.395164,141.314606,572.720154,77.841522,675.315369,97.204865,84.939758,22.106001,399.019989,86.101563,89.188843
2025-12-22,270.234436,481.863007,204.038177,318.566376,115.826454,139.583145,578.872498,78.330849,679.522522,97.165924,84.755424,22.389999,408.230011,86.543900,89.188843
2025-12-23,271.620667,483.780792,202.522552,321.366608,117.071472,140.062469,578.882446,78.086189,682.628235,97.165924,84.891243,22.639999,413.640015,86.485054,89.188843
2025-12-24,273.066711,484.943420,204.490891,324.561249,116.875404,141.343948,580.214355,78.732086,685.029480,97.380112,85.405434,22.629999,411.929993,87.053909,89.218140
2025-12-26,272.657837,484.635376,204.343246,323.318909,116.767578,141.588516,579.458984,78.692955,684.960022,97.399590,85.124092,22.700001,416.739990,87.151978,89.247437
2025-12-29,273.016876,484.029236,204.274368,319.217133,118.159645,141.422211,575.095642,78.555931,682.519043,97.516418,85.444244,22.490000,398.600006,87.328522,89.247437
2025-12-30,272.338684,484.406830,203.634644,318.891785,118.610596,140.913528,573.882996,78.810379,681.685547,97.477486,85.240509,22.639999,398.890015,87.505066,89.257217
2025-12-31,271.122009,480.571167,203.674026,317.708557,117.973373,140.189636,569.390442,78.565720,676.635010,97.243813,84.561394,22.360001,396.309998,86.789093,89.266983
2026-01-02,270.274353,469.958496,204.067688,320.922913,120.237961,138.702744,594.775330,79.201843,677.875305,97.214607,84.435265,22.389999,398.279999,86.818512,89.306046
2026-01-05,266.534546,469.869110,201.075806,329.363068,122.894661,137.313644,612.357849,79.583511,682.390076,97.399590,84.852440,22.809999,408.760010,87.014671,89.306046
2026-01-06,261.647797,475.493408,201.548218,331.413269,118.669418,136.863663,619.305481,79.319283,686.448425,97.380112,84.677811,22.799999,413.179993,87.652184,89.315819
2026-01-07,259.623322,480.422119,204.205490,323.866089,116.159760,135.034378,592.896851,76.696510,684.235657,97.477486,85.172607,22.590000,409.230011,86.798897,89.335358
2026-01-08,258.336823,475.095886,202.493011,326.639343,120.492844,138.448395,604.436340,77.792587,684.166199,97.302231,84.745720,22.879999,411.489990,87.573723,89.335358
2026-01-09,258.665924,476.258514,201.154556,326.045074,122.159409,138.780991,613.868652,78.184044,688.690918,97.516418,85.308426,22.900000,414.470001,87.750252,89.354897
2026-01-12,259.543518,474.171753,206.400177,321.389954,121.590813,140.336380,625.944824,79.387787,689.772400,97.467743,85.056183,23.190001,422.230011,87.867943,89.364662
2026-01-13,260.341370,467.702820,210.267944,307.929779,124.051453,141.099396,632.663879,79.896683,688.393188,97.555359,85.201698,23.370001,421.630005,88.358330,89.374428
2026-01-14,259.254303,456.483978,215.090408,304.928741,127.639473,143.163452,634.870300,80.229424,685.009521,97.701408,85.696495,23.389999,425.940002,89.123344,89.384201
2026-01-15,257.509064,453.781128,216.094254,306.305481,126.590515,141.480896,643.249084,80.434944,686.875000,97.574837,85.677086,23.200001,423.329987,89.741241,89.384201
2026-01-16,254.836349,456.960938,215.198669,309.484802,127.335556,141.383072,642.960876,81.844185,686.299561,97.409325,85.182312,23.160000,421.290009,90.839706,89.423271
2026-01-20,246.030319,451.654633,214.755798,299.847748,127.894379,143.799301,626.642273,81.726746,672.328674,97.039352,84.066582,23.480000,437.230011,89.152771,89.423271
2026-01-21,246.977737,441.310242,214.558945,299.154480,130.982407,142.879761,642.960938,82.059486,680.088135,97.360641,84.706909,23.750000,443.600006,89.505852,89.433060
2026-01-22,247.675842,448.295929,215.031357,300.729248,131.011826,146.665482,645.979492,83.253441,683.640259,97.380112,85.075592,23.740000,451.790009,88.623146,89.442810
2026-01-23,247.366669,463.012573,216.655228,294.875702,132.315674,147.923553,624.271240,82.998985,683.888306,97.467743,85.308426,24.180000,458.000000,88.799690,89.472122
2026-01-26,254.716690,467.315277,217.983856,298.164001,132.188202,147.273346,633.536316,83.644897,687.361206,97.613785,85.715904,24.290001,464.700012,88.681999,89.472122
2026-01-27,257.568909,477.550323,220.887161,297.440979,134.139084,146.140396,636.515137,85.289024,690.099854,97.545631,85.182312,24.620001,476.100006,88.652573,89.481888
2026-01-28,255.743866,478.593719,224.115250,297.896545,134.874344,145.155212,640.868774,85.700050,690.030396,97.506699,84.988266,24.940001,494.559998,87.740448,89.491646
2026-01-29,257.578888,430.767151,223.692032,303.492615,137.746704,147.677261,662.746399,86.297028,688.661072,97.506699,85.007668,25.299999,495.899994,88.966415,89.511185
2026-01-30,258.775665,427.577393,223.652679,302.967682,138.619202,149.519547,654.895996,86.023010,686.607117,97.487206,84.532280,24.430000,444.950012,89.054695,89.530731
2026-02-02,269.277069,420.701019,227.097275,305.196198,135.678207,150.918488,688.320190,84.486534,690.020386,97.374886,84.290749,23.540001,427.130005,88.132759,89.544449
2026-02-03,268.748505,408.617645,229.410080,311.842072,140.903381,153.016907,700.255310,86.923355,684.186035,97.384651,84.495270,24.150000,454.290009,87.936607,89.544449
2026-02-04,275.739410,411.578857,230.758377,314.238922,144.687469,154.543915,689.226868,88.048798,680.871948,97.326042,84.281021,24.190001,453.970001,89.201805,89.564056
2026-02-05,275.161011,391.188232,234.025818,307.196869,143.207169,156.258118,675.767456,87.305031,672.368286,97.746063,85.196487,23.760000,441.880005,89.074303,89.564056
2026-02-06,277.365021,398.611145,236.191025,319.319946,146.118759,156.809814,723.477905,87.559479,685.267639,97.804657,85.254921,24.010000,455.459991,90.476822,89.593445
2026-02-09,274.130798,410.992584,234.862381,319.022827,148.236298,154.997101,739.338257,87.569267,688.571838,97.833961,85.235428,24.250000,467.029999,90.859322,89.593445
2026-02-10,273.192444,410.664673,234.576965,315.239288,148.608810,156.721161,739.587341,88.890442,686.755981,98.117241,86.219055,24.139999,462.399994,92.075485,89.603241
2026-02-11,275.009216,401.820770,237.047241,307.850586,152.500732,157.627518,772.095032,89.409126,686.597229,97.892570,85.761337,24.370001,467.630005,91.565483,89.622833
2026-02-12,261.263794,399.306702,240.678833,299.748718,147.961136,158.819565,755.447632,89.966949,675.990051,98.332123,86.900795,23.799999,451.390015,91.457603,89.622833
2026-02-13,255.324356,398.790009,239.596237,299.659546,146.500580,157.696487,771.298035,91.797028,676.466370,98.644684,87.377998,23.879999,462.619995,92.771835,89.662033
2026-02-17,263.409943,394.358124,239.478134,304.195801,144.270264,157.184174,761.893433,90.730293,677.557800,98.654457,87.524086,23.590000,448.200012,93.654541,89.671829
2026-02-18,263.879120,397.080872,241.111862,305.830048,148.701294,154.534073,749.151306,89.272110,680.971130,98.517700,87.192970,24.209999,458.279999,92.556076,89.681625
2026-02-19,260.115784,396.851776,243.001450,305.107025,148.987488,156.208862,757.679321,89.683144,679.175110,98.537239,87.280624,24.430000,459.559998,92.359909,89.681625
2026-02-20,264.108673,395.626740,238.651428,307.820862,145.345947,158.395935,756.892212,90.211609,684.086792,98.556778,87.076096,24.600000,468.619995,93.056267,89.711014
2026-02-23,265.705811,382.918213,241.948395,294.826233,148.780243,162.720840,753.634460,92.051468,677.101379,98.752136,87.397491,24.750000,481.279999,93.066078,89.711014
2026-02-24,271.655243,387.429962,243.669968,294.459717,147.299942,162.829224,765.350403,93.636871,682.022949,98.742371,87.553314,24.719999,474.609985,93.301460,89.730621
2026-02-25,273.741516,398.983124,242.571732,300.402374,147.102570,160.967239,763.736450,93.079048,687.777954,98.693542,87.563049,24.750000,473.420013,93.046463,89.740417
2026-02-26,272.463776,400.098602,240.889755,303.205383,146.589386,161.321899,750.107727,90.025665,683.957764,98.849815,87.913643,24.760000,477.480011,93.683960,89.750214
2026-02-27,263.709381,391.154846,245.797180,297.431061,150.497406,164.720734,740.045654,92.393387,680.673462,99.045181,88.449280,25.100000,483.750000,93.850708,89.769806
2026-03-02,264.248413,396.941376,245.925797,294.717255,152.194809,161.085449,749.500061,91.348946,681.060486,98.649315,87.561073,25.809999,490.000000,94.086090,89.782593
2026-03-03,263.280182,402.299683,244.134979,297.391449,149.836197,157.351669,719.473022,91.230713,675.057373,98.541542,87.385201,25.910000,468.140015,93.585892,89.792412
2026-03-04,262.052338,403.564575,242.700363,296.529785,147.852600,155.952713,729.226318,91.240562,679.820190,98.502350,87.111595,26.139999,471.799988,93.703583,89.802231
2026-03-05,259.826324,409.022430,237.090454,290.745544,148.780243,151.706619,703.433411,89.792145,676.029724,98.218193,86.759827,26.520000,466.130005,92.762039,89.812050
2026-03-06,257.001343,407.309387,237.852280,286.714447,149.224350,151.351959,678.347778,89.683762,667.169006,98.100616,86.437370,27.510000,473.510010,91.751831,89.831703
2026-03-09,259.417053,407.757568,240.019058,287.150269,148.464447,152.918381,702.178101,90.659225,673.013306,98.414162,87.189766,27.139999,472.529999,91.957802,89.841522
2026-03-10,260.365356,404.122314,241.127213,285.971619,146.184799,153.696655,713.993652,90.196129,671.931702,98.090820,86.261482,27.600000,477.859985,91.820488,89.851349
2026-03-11,260.345367,403.245850,240.414825,284.773163,149.589478,151.046570,704.937744,90.314369,671.088379,97.649902,85.147560,28.129999,476.239990,90.869133,89.851349
2026-03-12,255.304382,400.238037,239.474884,280.187439,151.513870,148.268372,698.063599,90.383339,660.897949,97.287346,84.981438,28.860001,466.880005,90.241440,89.871002
2026-03-13,249.674438,393.953491,238.960403,280.732147,154.069855,148.416138,691.388672,91.417923,657.157166,97.208961,84.561279,28.709999,460.839996,90.388557,89.900467
2026-03-16,252.369644,398.335754,240.612701,283.426147,155.165283,149.864349,697.156982,91.457329,663.844910,97.591110,85.215950,28.309999,460.429993,91.143745,89.900467
2026-03-17,253.777115,397.797913,235.586548,284.149200,156.724533,149.233841,699.368652,91.171593,665.591248,97.787071,85.450462,28.760000,459.269989,91.545868,89.910301
2026-03-18,249.494766,390.208710,234.765335,284.991028,155.520554,144.534576,691.020081,89.624641,656.303833,97.375534,84.971664,29.270000,444.739990,90.192390,89.929947
2026-03-19,248.516525,387.449860,235.081955,285.218872,156.083069,142.692291,686.068726,91.053360,654.686462,97.483322,85.489548,28.840000,426.410004,89.829506,89.929947
2026-03-20,247.548233,380.328735,232.875580,283.822327,157.573242,142.140594,678.327820,88.186081,645.300964,96.670052,83.867508,28.940001,413.380005,87.044098,89.959412
2026-03-23,251.042007,381.454193,232.925049,287.140320,159.014084,141.854904,699.069763,88.905365,652.076660,97.032593,84.414703,27.750000,404.040009,87.720833,89.969238
2026-03-24,251.191727,371.235565,232.776642,289.606537,163.208267,141.037216,713.943787,90.274956,649.887756,96.768044,84.043396,28.240000,404.130005,87.141937,89.979073
2026-03-25,252.169983,369.542450,237.387253,292.597717,161.116104,141.785934,716.344727,89.821716,653.509460,97.110985,84.854416,28.170000,416.290009,87.072540,89.969238
2026-03-26,252.439514,364.492920,236.704590,288.873596,163.257599,140.308182,700.554199,89.821716,641.838623,96.562279,84.141113,28.440001,400.640015,86.953598,89.988892
2026-03-27,248.356796,355.330017,237.901749,280.137878,168.744583,140.593887,692.793396,90.058189,630.894043,96.552483,83.681847,29.100000,414.700012,86.239883,90.018356
2026-03-30,246.190659,357.511169,239.920135,281.058990,169.218277,142.574081,664.928223,90.698639,628.784668,97.042404,84.795792,29.260000,414.579987,86.567001,90.028175
2026-03-31,253.337891,368.675964,241.849472,291.349731,167.432053,142.298233,705.804504,91.516449,647.062134,97.267754,84.707848,28.950001,430.290009,87.925026,90.028175
2026-04-01,255.174622,367.879181,241.532852,292.558075,158.668671,141.953430,727.582520,91.486893,651.937378,97.333633,84.624451,28.680000,437.820007,88.242233,90.051834
2026-04-02,255.464111,371.952667,240.464294,291.785522,158.579849,140.997803,714.531555,91.782494,652.524475,97.559753,85.144409,29.330000,429.410004,89.441666,90.071533
2026-04-06,258.398834,371.375000,238.416229,294.125000,161.224655,140.653000,718.536560,91.368660,655.608765,97.382782,85.007050,29.480000,427.649994,89.570526,90.091240
2026-04-07,253.048416,370.787415,235.883377,296.066254,161.757568,139.204788,721.724548,92.294853,655.897278,97.500763,84.997253,29.370001,431.809998,89.699387,90.101089
2026-04-08,258.438782,372.819153,238.742752,306.588837,154.168549,142.751404,768.687866,92.787514,672.602722,97.756393,85.271942,28.559999,434.529999,91.315155,90.101089
2026-04-09,260.025940,371.564270,238.752640,308.938232,153.004044,144.485321,784.119751,93.092964,676.483032,97.815384,85.056107,28.709999,437.910004,91.969383,90.110947
2026-04-10,260.015991,369.373138,235.932846,308.480316,150.507248,143.007553,787.696350,92.698845,676.035339,97.648239,84.850090,28.500000,437.130005,92.167641,90.140495
2026-04-13,258.738281,382.818634,235.438141,312.273224,150.635559,141.450974,788.762268,90.944969,682.641785,97.844879,85.105156,28.959999,435.359985,92.514580,90.140495
2026-04-14,258.368896,391.523346,237.555466,309.724701,147.280212,142.239136,791.272888,89.969505,690.959717,98.100502,85.556435,28.840000,445.089996,93.396805,90.150352
2026-04-15,265.955383,409.560272,236.140610,304.557983,147.053223,141.253952,767.283081,89.900528,696.412109,97.943199,85.183655,28.889999,440.459991,93.466194,90.160202
2026-04-16,262.930756,418.563782,232.054382,308.559967,149.984222,140.987961,769.763794,90.481873,698.123413,97.805550,84.644073,29.110001,440.079987,94.328590,90.170067
2026-04-17,269.748627,421.083588,231.698196,308.898438,144.516968,144.751312,791.671387,90.629669,706.560730,98.169327,85.419090,28.290001,445.929993,95.835312,90.199615
2026-04-20,272.563568,416.382629,228.245193,315.568390,145.740677,142.347488,796.921631,90.659225,705.147766,98.159485,85.399475,28.670000,442.089996,96.182251,90.209457
2026-04-21,265.695862,422.448059,223.763184,311.596283,146.411758,140.209671,798.967834,89.269920,700.531250,97.795723,84.928574,29.209999,429.570007,94.477280,90.219315
2026-04-22,272.683411,431.172699,223.703842,311.616180,147.536789,140.731812,807.372253,88.678734,707.625305,97.933357,85.095360,29.510000,435.260010,93.694176,90.219315
2026-04-23,272.942902,414.071960,228.205612,310.292175,148.553268,143.549408,833.693420,94.836975,704.879211,97.776047,84.908951,29.889999,431.040009,94.655708,90.239029
2026-04-24,270.577118,422.906189,225.088989,306.897461,146.954544,147.082031,829.251648,93.881218,710.341492,97.913689,85.065918,29.860001,433.250000,94.467369,90.258736
2026-04-27,267.133270,423.105377,222.951889,310.232422,146.244003,147.300400,827.255310,93.437828,711.565369,97.766235,84.644073,30.090000,429.890015,93.951912,90.268585
2026-04-28,270.227753,427.517487,225.375916,310.053253,148.582870,148.064697,816.355591,95.093170,708.102905,97.726906,84.732368,30.340000,421.910004,94.814308,90.278427
2026-04-29,269.688721,422.746796,224.940582,307.863098,152.638901,145.374786,808.550049,92.787514,707.993408,97.294296,84.075066,31.080000,417.410004,94.070862,90.278427
2026-04-30,270.866638,406.134155,227.414093,311.825256,152.303360,146.000107,888.461792,96.443047,715.037720,97.431946,83.996582,31.100000,423.660004,95.488373,90.288277
2026-05-01,279.640961,412.767273,224.782272,311.068665,150.744110,146.168839,888.022583,95.526703,717.017700,97.560188,84.296906,30.809999,423.179993,95.220726,90.317940
2026-05-04,276.336853,411.950562,221.823959,306.270264,151.671768,142.357300,873.160217,94.107849,714.390991,97.254379,83.656876,31.330000,414.709991,94.625969,90.337692
2026-05-05,283.673767,409.719635,223.159668,308.012421,152.846146,143.826324,902.915039,94.866539,720.122009,97.431938,84.119667,31.200001,418.269989,94.923347,90.347572
2026-05-06,286.997833,412.289185,222.239517,313.487762,146.737427,146.804108,925.213623,93.989609,730.131287,97.846260,84.759697,30.209999,430.959991,96.241722,90.337692
2026-05-07,286.927948,419.071716,220.151871,304.896454,144.655136,144.977737,894.031494,91.949997,727.892639,97.609512,84.336296,30.250000,431.679993,95.547844,90.357460
2026-05-08,292.797485,413.444519,218.974487,300.745178,142.671539,145.335068,895.788208,91.733231,733.902161,97.836395,84.759697,30.299999,433.769989,95.775833,90.377220
2026-05-11,292.427795,410.994446,219.083313,298.654572,147.714432,142.297745,925.073853,93.447678,735.573669,97.579918,84.247673,31.059999,434.649994,95.845222,90.396988
2026-05-12,294.545959,406.124176,221.883316,303.512695,148.651962,142.843674,910.451050,93.201347,734.459351,97.293839,83.686417,31.690001,432.929993,95.845222,90.406876
2026-05-13,298.612457,403.574524,227.978043,298.903473,149.579620,141.186050,900.629211,93.457535,738.568542,97.333298,83.499336,31.370001,430.500000,95.052208,90.406876
2026-05-14,297.953033,407.777496,228.354034,298.565002,150.773712,141.652573,918.515991,94.275352,744.398987,97.303711,83.617485,31.150000,427.209991,94.487190,90.426636
2026-05-15,299.971313,420.217072,224.307373,296.474396,156.904022,140.521011,886.665161,91.989410,735.444397,96.692108,82.376823,31.190001,417.290009,93.089516,90.446396
2026-05-18,297.583344,421.830566,226.493942,299.381317,159.457489,141.334930,862.350281,87.732834,734.927002,96.682243,82.278343,31.379999,418.429993,94.179901,90.446396
2026-05-19,298.712372,415.735260,227.562485,294.373871,161.504242,140.253006,858.557312,88.737854,730.031738,96.307388,81.746628,31.610001,411.500000,94.447540,90.466164
2026-05-20,301.989563,419.360535,226.889709,300.625732,155.274567,141.384567,870.944275,86.974129,737.513855,96.889404,82.622986,30.879999,417.399994,95.646965,90.485916
2026-05-21,304.727173,418.302521,229.274155,301.641144,154.290939,142.337448,864.346558,88.373291,738.976440,97.007767,82.928230,30.700001,416.989990,95.825394,90.485916
2026-05-22,308.553894,417.783539,231.856506,305.005981,153.923325,143.369751,878.260742,87.250023,741.881775,97.106430,83.381172,30.540001,413.820007,95.924522,90.505692
2026-05-26,308.064301,415.248291,229.050339,305.364349,148.846191,141.900711,906.867676,86.363235,746.806824,97.382622,83.794724,30.030001,414.000000,96.370590,90.525452
2026-05-27,310.582153,411.894623,230.154892,297.937805,146.948486,146.397156,908.245117,86.363235,746.677429,97.461548,83.991669,29.490000,408.489990,96.073212,90.535332
2026-05-28,312.240723,426.187683,229.667297,295.399261,146.014542,144.828857,886.026306,85.969109,750.796570,97.658836,84.424911,29.719999,412.769989,95.706451,90.545204
2026-05-29,311.791107,449.394012,224.224136,297.967682,144.325470,142.496262,874.248169,85.732635,752.667114,97.718018,84.444611,29.480000,417.119995,94.863869,90.574860
2026-06-01,306.046051,459.654694,222.413071,295.249908,148.418976,139.240570,863.757629,82.431808,754.716675,97.669525,84.490082,29.990000,411.260010,93.267937,90.583778
2026-06-02,314.928406,440.480774,221.796112,299.610260,148.597809,139.776581,908.125305,84.422157,755.741577,97.699219,84.668015,30.120001,411.950012,93.694176,90.573860
2026-06-03,309.992645,426.537048,222.144409,299.500793,151.548706,139.151245,924.465027,83.338310,750.438416,97.491364,84.331909,30.290001,407.869995,93.585144,90.593689
2026-06-04,310.961823,427.245697,227.050201,309.495758,151.061844,139.736862,938.738525,84.422157,753.274048,97.649727,84.519737,29.879999,411.269989,95.260376,90.593689
2026-06-05,307.075165,415.887085,231.627640,310.969116,148.955490,145.454178,902.605591,85.199310,733.832520,97.164742,84.084778,29.230000,396.239990,95.944351,90.633324
2026-06-08,301.280182,410.966339,231.020630,309.714752,150.773712,144.024857,913.944519,83.382973,735.494080,97.164742,83.649834,29.469999,397.269989,94.635880,90.643234
2026-06-09,290.299622,402.652008,235.836868,311.297638,147.951996,147.568405,913.006287,84.196854,733.335083,97.362701,84.144096,29.070000,390.779999,96.816658,90.643234
2026-06-10,291.328735,396.613342,237.319565,307.753601,149.650986,147.945587,854.574646,84.484688,721.773621,97.303314,83.906837,29.170000,374.579987,96.826576,90.653152
2026-06-11,295.375244,389.606567,237.160339,312.084076,145.656860,147.240845,895.967896,84.206772,734.041504,97.867470,84.994232,28.850000,386.320007,96.757187,90.663063
2026-06-12,290.879150,390.005798,239.687866,319.281677,146.064209,148.501434,908.883911,85.348190,738.011353,97.748711,84.786636,28.549999,386.540009,97.649323,90.692795
2026-06-15,296.164581,399.008881,234.503448,317.967590,140.013397,149.345139,932.200684,85.477226,751.025452,97.837776,84.737213,28.219999,396.549988,96.965347,90.692795
2026-06-16,298.982147,393.089996,234.025787,329.654938,140.947342,151.360107,943.709351,85.586403,746.548157,97.956551,85.201828,27.900000,397.630005,97.203247,90.702698
2026-06-17,295.694977,378.198029,233.050613,331.964508,139.834549,149.444397,954.149902,85.090134,737.225342,97.600235,85.340225,27.709999,388.600006,94.774658,90.712608
2026-06-18,297.753204,378.687103,227.269119,323.761475,136.923401,149.265732,983.994568,86.102516,744.890259,97.887276,85.755409,27.629999,387.119995,94.725090,90.752258
2026-06-22,296.754089,366.649780,230.154892,329.993408,137.579163,146.585724,1020.387085,85.437523,742.546143,97.620033,85.102974,27.410000,384.589996,95.746094,90.752258
2026-06-23,294.046387,373.237366,237.906662,332.641479,138.831039,149.742172,982.417480,85.784904,731.762878,97.699219,85.211708,27.120001,377.320007,97.004997,90.762169
2026-06-24,292.827423,364.773315,239.817230,331.954590,136.019257,150.913422,992.608582,86.966026,731.423706,98.174301,86.378189,26.450001,365.920013,97.010002,90.772072
2026-06-25,274.912903,352.167023,243.678207,333.617065,136.665070,147.399658,1055.052734,87.045425,732.481079,98.233688,86.348526,26.930000,369.459991,97.190002,90.781982
2026-06-26,283.535461,372.269196,253.410202,327.574280,135.661560,147.915817,995.622986,87.899010,727.184265,98.322762,86.358414,26.570000,373.630005,98.669998,90.811714
2026-06-29,281.497223,367.877472,257.241302,327.912781,135.184662,147.350021,1031.276855,87.998268,739.164490,98.352455,86.447380,26.559999,368.579987,98.150002,90.821625
2026-06-30,289.110657,372.319092,252.723587,325.862000,135.840408,145.553436,1062.928223,87.114906,744.920227,97.966461,85.429192,26.660000,368.380005,96.430000,90.821625
2026-07-01,294.126343,383.557953,252.733536,332.571808,135.403244,146.337585,989.574219,85.725357,743.912720,97.818481,84.851730,26.450001,370.600006,96.820000,90.849464
2026-07-02,308.364044,389.756256,261.749084,332.970001,136.208023,150.288101,961.745911,87.680649,742.935181,97.927719,84.841812,26.570000,378.130005,98.019997,90.889221
2026-07-06,312.390594,386.013306,258.057251,337.720001,135.562210,148.203659,968.124023,86.787369,749.419067,97.977379,84.782280,27.000000,382.130005,97.239998,90.879280
2026-07-07,310.392303,388.109375,265.928436,339.220001,140.778442,151.618164,938.379211,87.809685,745.857910,97.530487,83.889320,27.350000,377.489990,98.400002,90.899155
2026-07-08,313.119965,382.619720,262.107300,330.619995,140.222046,147.300400,946.324463,86.787369,743.553650,97.361671,83.700806,27.799999,374.450012,96.800003,90.899155
2026-07-09,315.947510,383.637787,257.828400,335.470001,136.575653,145.761887,936.652405,86.449905,749.848022,97.500702,83.829788,27.580000,378.179993,97.089996,90.909096
2026-07-10,315.048309,384.376404,255.718826,336.470001,137.986526,145.950470,950.646423,87.303490,753.079956,97.401390,83.809944,27.520000,377.010010,97.320000,90.948860
2026-07-13,317.036560,390.255341,256.504913,334.529999,143.580292,147.270615,929.745178,87.720352,747.314270,97.033951,83.313850,28.330000,367.130005,97.830002,90.948860
2026-07-14,314.588684,384.206726,252.604187,342.890015,144.156555,144.997589,931.611755,88.871696,749.967712,97.321945,83.422997,28.629999,372.149994,97.570000,90.958801
2026-07-15,327.217804,394.886627,245.807693,346.910004,143.580292,146.953003,912.606995,88.434975,752.940308,97.460976,83.581741,28.790001,372.350006,97.860001,90.968735
2026-07-16,332.972839,400.346344,248.743210,343.149994,145.011032,150.377426,875.545776,88.683113,748.860413,97.451042,83.551971,28.459999,364.959991,100.070000,90.978676
2026-07-17,333.452393,393.080017,251.798141,341.100006,146.411957,148.868683,878.650024,88.137222,741.448792,97.520561,83.859550,28.980000,368.410004,100.019997,90.998558
2026-07-20,326.308563,401.534119,247.598862,338.869995,147.405533,148.024994,864.299988,87.343193,740.251831,97.272293,83.234474,29.139999,367.600006,99.480003,91.008492
2026-07-21,327.457581,397.002625,249.380081,345.230011,150.733978,147.002625,889.969971,87.273712,746.426514,97.063744,83.006279,29.570000,374.809998,99.519997,91.008492
2026-07-22,325.609192,389.606567,254.375443,348.209991,153.456345,148.024994,889.309998,88.742668,745.558594,96.904854,82.787994,29.860001,379.119995,99.019997,91.028381
2026-07-23,321.382843,380.863007,257.997559,349.899994,155.880646,145.880997,894.539978,89.119827,736.351501,96.666504,82.520096,30.309999,371.519989,98.690002,91.028381
2026-07-24,332.733032,380.982819,262.107300,353.209991,155.930328,147.410004,888.729980,89.109901,737.099609,96.785675,82.599472,30.100000,371.899994,100.809998,91.058197
2026-07-27,336.619690,388.368896,264.644806,356.200012,153.774292,148.630005,873.280029,88.167000,737.259277,97.014091,83.095566,29.010000,374.630005,100.540001,91.068138
2026-07-28,339.786926,392.610901,265.420959,357.309998,152.055420,148.880005,840.849976,88.613632,739.024841,97.242493,83.581741,28.600000,369.369995,100.949997,91.078072
2026-07-29,337.898590,389.806183,264.226837,344.709991,155.741547,146.100006,782.710022,87.799759,727.653137,96.875061,82.202599,29.420000,371.079987,100.660004,91.088013
2026-07-30,333.142670,450.252411,254.564514,350.850006,155.960144,143.960007,809.140015,87.273712,739.852783,96.944580,82.152992,29.320000,377.160004,99.489998,91.097954
2026-07-31,308.643829,463.846802,255.091904,351.790009,154.439987,144.490005,814.809998,86.271248,745.179626,96.696304,81.607285,29.450001,371.540009,98.949997,91.127777
2026-08-03,303.158569,486.733704,253.161423,352.640015,154.062424,144.970001,830.030029,85.904015,755.793213,96.923515,81.876259,28.879999,371.709991,99.070000,91.140732
2026-08-04,309.113403,491.884033,253.678864,357.519989,152.969513,148.009995,876.539978,86.549156,769.419373,97.322136,82.503853,28.309999,374.160004,98.919998,91.140732
2026-08-05,310.732025,486.544067,256.325806,359.239990,150.654495,146.800003,871.080017,85.268791,767.883179,97.371956,82.683167,28.480000,389.640015,98.919998,91.150703
2026-08-06,312.140808,498.920746,255.718826,356.299988,153.843842,146.970001,856.960022,83.968567,766.656250,97.092926,82.204994,28.860001,389.670013,98.040001,91.170639
2026-08-07,313.059998,499.050507,257.967712,357.519989,152.055420,145.789993,842.190002,84.018196,771.344604,97.262337,82.444084,28.910000,398.470001,98.430000,91.200554
2026-08-10,308.260010,505.109131,260.525116,359.790009,158.761993,146.440002,837.580017,84.067818,771.115173,96.903580,81.746750,29.930000,402.540009,97.110001,91.200554
2026-08-11,304.910004,502.863342,258.524963,362.040009,158.771927,145.210007,843.369995,85.100052,768.651306,96.983307,81.876259,29.969999,400.959991,96.379997,91.210518
2026-08-12,302.250000,491.504730,259.579742,365.179993,158.722244,144.080002,855.599976,85.139755,770.576477,97.092926,81.796562,30.110001,404.920013,97.309998,91.230461
2026-08-13,305.260010,495.946381,260.793762,363.109985,157.589584,144.259995,854.599976,85.368042,775.953186,97.352028,82.274727,29.780001,398.959991,98.580002,91.230461
2026-08-14,305.929993,494.469147,259.072266,362.839996,159.070007,144.550003,856.570007,85.546700,774.416992,97.142761,81.726830,30.000000,401.480011,98.830002,91.250397
2026-08-17,305.589996,479.447449,261.082367,360.959991,161.460007,143.119995,881.650024,85.576477,770.756042,96.913551,81.039467,30.559999,405.489990,97.980003,91.270340
2026-08-18,310.029999,480.725037,269.779449,363.250000,165.559998,143.449997,840.869995,85.576477,765.549011,97.013206,81.348289,30.480000,398.549988,97.620003,91.280304
2026-08-19,316.829987,483.399994,272.068176,357.260010,164.770004,144.380005,816.150024,85.268791,767.154968,97.481575,82.703087,30.760000,413.839996,98.610001,91.290276
2026-08-20,311.299988,481.149994,266.057831,351.549988,166.149994,142.970001,815.390015,84.395355,760.710999,97.152718,82.025681,31.110001,415.260010,98.599998,91.290276
2026-08-21,309.350006,483.239990,268.913727,351.579987,165.110001,144.679993,827.900024,83.025658,763.823242,97.013206,81.736794,31.260000,423.359985,98.500000,91.320183
2026-08-24,310.339996,487.309998,271.700012,356.390015,164.050003,146.600006,811.020020,83.472298,761.578796,97.212517,82.244843,30.940001,426.690002,99.099998,91.330154
2026-08-25,309.899994,491.709991,273.140015,356.690002,160.639999,145.399994,811.289978,83.591400,764.012756,97.670921,83.151375,30.430000,428.070007,99.250000,91.340126
2026-08-26,313.450012,496.369995,270.000000,356.500000,158.190002,145.000000,821.929993,83.591400,764.182373,97.521439,82.982025,30.500000,421.320007,98.610001,91.350090
2026-08-27,314.579987,505.059998,265.769989,354.220001,156.440002,143.139999,817.000000,82.847000,769.189941,97.491547,82.812668,30.860001,422.600006,97.650002,91.350090
2026-08-28,319.700012,513.530029,268.040009,357.619995,156.710007,143.779999,800.250000,81.839996,767.444275,97.152718,82.563622,30.790001,408.890015,97.239998,91.370033
2026-08-31,316.850006,507.290009,265.850006,356.019989,160.949997,145.119995,797.469971,82.339996,765.149963,97.072998,82.204994,31.299999,408.420013,96.440002,91.380005
2026-09-01,325.130005,501.019989,271.190002,354.950012,164.550003,146.210007,779.159973,82.930000,759.893066,96.769997,81.870003,31.930000,396.750000,96.300003,91.389999
2026-09-02,324.959991,496.820007,275.209991,356.220001,164.149994,147.639999,792.280029,83.099998,763.264648,96.839996,81.949997,31.930000,402.779999,95.779999,91.400002
2026-09-03,328.209991,510.119995,278.429993,362.059998,162.210007,146.919998,800.140015,84.059998,771.254822,96.949997,82.070000,31.959999,410.220001,96.660004,91.419998
2026-09-04,319.970001,499.700012,275.230011,358.640015,159.470001,146.440002,813.940002,83.430000,768.282227,97.000000,82.209999,31.900000,406.769989,96.019997,91.449997
2026-09-08,316.220001,493.950012,269.119995,353.510010,160.660004,145.580002,822.479980,83.830002,764.062683,96.900002,82.199997,32.400002,399.720001,95.930000,91.459999
2026-09-09,315.339996,491.649994,267.079987,354.709991,164.229996,142.639999,815.559998,82.650002,760.511536,96.680000,81.730003,32.849998,403.350006,94.940002,91.459999
2026-09-10,326.570007,492.440002,266.350006,353.559998,165.229996,142.970001,805.000000,82.440002,755.952820,96.050003,80.779999,33.619999,396.359985,94.120003,91.470001
2026-09-11,332.269989,495.630005,265.579987,356.230011,165.990005,145.270004,818.570007,82.309998,762.396790,95.980003,80.870003,33.160000,398.769989,94.800003,91.500000
2026-09-14,333.079987,505.410004,266.320007,350.130005,165.080002,146.130005,784.000000,81.629997,758.995239,95.889999,80.930000,33.150002,392.839996,94.330002,91.500000
2026-09-15,331.339996,497.119995,267.200012,352.489990,169.320007,146.669998,783.539978,81.070000,755.513916,95.849998,80.709999,33.680000,394.149994,94.099998,91.510002
2026-09-16,332.410004,490.299988,267.279999,348.920013,163.320007,147.020004,782.719971,80.370003,752.182190,95.809998,80.879997,33.160000,391.739990,93.480003,91.510002
2026-09-17,337.000000,497.750000,270.220001,349.309998,163.270004,147.550003,798.570007,81.279999,760.710999,96.330002,81.779999,33.049999,398.359985,93.809998,91.529999
